# Horner wet lab - N64 budget interior
# 1502 verts / 1538 tris
mtllib dank_lab.mtl
o dank_lab
v -280.00 0.00 -230.00 0.0588 0.0784 0.0863
v -280.00 0.00 -115.00 0.0667 0.0941 0.0980
v -280.00 0.00 0.00 0.0706 0.0980 0.1020
v -280.00 0.00 115.00 0.0588 0.0824 0.0902
v -280.00 0.00 230.00 0.0588 0.0824 0.0902
v -168.00 0.00 -230.00 0.0667 0.0980 0.1059
v -168.00 0.00 -115.00 0.1451 0.2510 0.2667
v -168.00 0.00 0.00 0.1569 0.2745 0.2902
v -168.00 0.00 115.00 0.0863 0.1373 0.1412
v -168.00 0.00 230.00 0.0863 0.1490 0.1412
v -56.00 0.00 -230.00 0.0784 0.1176 0.1294
v -56.00 0.00 -115.00 0.1922 0.3725 0.4000
v -56.00 0.00 0.00 0.2118 0.4157 0.4471
v -56.00 0.00 115.00 0.0941 0.1569 0.1686
v -56.00 0.00 230.00 0.0706 0.1176 0.1294
v 56.00 0.00 -230.00 0.0588 0.0863 0.0902
v 56.00 0.00 -115.00 0.0980 0.1725 0.1882
v 56.00 0.00 0.00 0.1216 0.2039 0.2157
v 56.00 0.00 115.00 0.0941 0.1373 0.1451
v 56.00 0.00 230.00 0.0745 0.1216 0.1333
v 168.00 0.00 -230.00 0.0588 0.0784 0.0863
v 168.00 0.00 -115.00 0.0588 0.0824 0.0902
v 168.00 0.00 0.00 0.0980 0.1765 0.1529
v 168.00 0.00 115.00 0.0980 0.1412 0.1373
v 168.00 0.00 230.00 0.0706 0.1020 0.1098
v 280.00 0.00 -230.00 0.0588 0.0784 0.0863
v 280.00 0.00 -115.00 0.0588 0.0824 0.0902
v 280.00 0.00 0.00 0.0902 0.1765 0.1490
v 280.00 0.00 115.00 0.0706 0.1137 0.1098
v 280.00 0.00 230.00 0.0588 0.0784 0.0863
v -280.00 250.00 -230.00 0.0706 0.0941 0.0980
v -280.00 250.00 -76.67 0.1255 0.1569 0.1569
v -280.00 250.00 76.67 0.2235 0.2745 0.2667
v -280.00 250.00 230.00 0.0706 0.1098 0.1176
v -140.00 250.00 -230.00 0.1137 0.1451 0.1490
v -140.00 250.00 -76.67 0.4000 0.5412 0.5294
v -140.00 250.00 76.67 0.2000 0.2824 0.2824
v -140.00 250.00 230.00 0.1373 0.2980 0.2941
v 0.00 250.00 -230.00 0.0980 0.1294 0.1333
v 0.00 250.00 -76.67 0.2824 0.4078 0.4078
v 0.00 250.00 76.67 0.2549 0.3451 0.3412
v 0.00 250.00 230.00 0.1412 0.2667 0.2863
v 140.00 250.00 -230.00 0.0588 0.0824 0.0902
v 140.00 250.00 -76.67 0.1176 0.1529 0.1529
v 140.00 250.00 76.67 0.3843 0.4745 0.4471
v 140.00 250.00 230.00 0.1529 0.2392 0.2510
v 280.00 250.00 -230.00 0.0588 0.0784 0.0863
v 280.00 250.00 -76.67 0.0706 0.0980 0.1020
v 280.00 250.00 76.67 0.1137 0.1647 0.1569
v 280.00 250.00 230.00 0.0980 0.1137 0.1137
v 280.00 0.00 -230.00 0.0588 0.0784 0.0863
v 280.00 83.33 -230.00 0.0588 0.0784 0.0863
v 280.00 166.67 -230.00 0.0588 0.0784 0.0863
v 280.00 250.00 -230.00 0.0588 0.0784 0.0863
v 280.00 0.00 -115.00 0.0588 0.0824 0.0902
v 280.00 83.33 -115.00 0.0667 0.1059 0.1059
v 280.00 166.67 -115.00 0.0667 0.1059 0.1059
v 280.00 250.00 -115.00 0.0627 0.0863 0.0902
v 280.00 0.00 0.00 0.0784 0.1412 0.1255
v 280.00 83.33 0.00 0.1765 0.4039 0.3059
v 280.00 166.67 0.00 0.1765 0.3451 0.2784
v 280.00 250.00 0.00 0.1255 0.1765 0.1686
v 280.00 0.00 115.00 0.0667 0.1020 0.1020
v 280.00 83.33 115.00 0.1490 0.2235 0.1922
v 280.00 166.67 115.00 0.2392 0.2824 0.2471
v 280.00 250.00 115.00 0.1647 0.2039 0.2000
v 280.00 0.00 230.00 0.0588 0.0784 0.0863
v 280.00 83.33 230.00 0.1098 0.1137 0.1098
v 280.00 166.67 230.00 0.1961 0.1725 0.1569
v 280.00 250.00 230.00 0.1059 0.1294 0.1333
v -280.00 0.00 -230.00 0.0588 0.0784 0.0863
v -280.00 83.33 -230.00 0.0627 0.0863 0.0941
v -280.00 166.67 -230.00 0.0784 0.1059 0.1098
v -280.00 250.00 -230.00 0.0784 0.1059 0.1098
v -140.00 0.00 -230.00 0.0745 0.1137 0.1216
v -140.00 83.33 -230.00 0.1294 0.2000 0.2078
v -140.00 166.67 -230.00 0.1804 0.2471 0.2471
v -140.00 250.00 -230.00 0.1725 0.2157 0.2118
v 0.00 0.00 -230.00 0.0706 0.1098 0.1176
v 0.00 83.33 -230.00 0.1137 0.1804 0.1882
v 0.00 166.67 -230.00 0.1490 0.2078 0.2118
v 0.00 250.00 -230.00 0.1373 0.1765 0.1765
v 140.00 0.00 -230.00 0.0588 0.0784 0.0863
v 140.00 83.33 -230.00 0.0588 0.0784 0.0863
v 140.00 166.67 -230.00 0.0588 0.0824 0.0902
v 140.00 250.00 -230.00 0.0627 0.0824 0.0902
v 280.00 0.00 -230.00 0.0588 0.0784 0.0863
v 280.00 83.33 -230.00 0.0588 0.0784 0.0863
v 280.00 166.67 -230.00 0.0588 0.0784 0.0863
v 280.00 250.00 -230.00 0.0588 0.0784 0.0863
v -280.00 0.00 230.00 0.0588 0.0824 0.0902
v -280.00 83.33 230.00 0.0824 0.1333 0.1216
v -280.00 166.67 230.00 0.0980 0.1647 0.1490
v -280.00 250.00 230.00 0.0706 0.1020 0.1098
v -140.00 0.00 230.00 0.0706 0.1137 0.1137
v -140.00 83.33 230.00 0.2196 0.4627 0.3294
v -140.00 166.67 230.00 0.2863 0.6314 0.4784
v -140.00 250.00 230.00 0.1098 0.1961 0.1922
v 0.00 0.00 230.00 0.0627 0.0941 0.1020
v 0.00 83.33 230.00 0.1059 0.1765 0.1843
v 0.00 166.67 230.00 0.1647 0.2745 0.2824
v 0.00 250.00 230.00 0.1529 0.2353 0.2431
v 140.00 0.00 230.00 0.0667 0.0941 0.1020
v 140.00 83.33 230.00 0.1255 0.1765 0.1804
v 140.00 166.67 230.00 0.2196 0.2902 0.2902
v 140.00 250.00 230.00 0.2118 0.2824 0.2784
v 280.00 0.00 230.00 0.0588 0.0784 0.0863
v 280.00 83.33 230.00 0.1137 0.1098 0.1098
v 280.00 166.67 230.00 0.2118 0.1686 0.1529
v 280.00 250.00 230.00 0.1059 0.1255 0.1255
v -280.00 0.00 -230.00 0.0588 0.0784 0.0863
v -280.00 83.33 -230.00 0.0627 0.0863 0.0941
v -280.00 166.67 -230.00 0.0784 0.1059 0.1098
v -280.00 250.00 -230.00 0.0784 0.1059 0.1098
v -280.00 0.00 -109.00 0.0667 0.0941 0.1020
v -280.00 83.33 -109.00 0.1137 0.1608 0.1647
v -280.00 166.67 -109.00 0.1608 0.2118 0.2118
v -280.00 250.00 -109.00 0.1608 0.2000 0.1961
v -280.00 0.00 12.00 0.0667 0.0941 0.1020
v -280.00 83.33 12.00 0.1373 0.1882 0.1882
v -280.00 166.67 12.00 0.2196 0.2745 0.2706
v -280.00 250.00 12.00 0.2039 0.2471 0.2392
v -280.00 0.00 128.00 0.0588 0.0784 0.0863
v -280.00 83.33 128.00 0.1137 0.1725 0.1608
v -280.00 166.67 128.00 0.1686 0.2510 0.2314
v -280.00 250.00 128.00 0.1294 0.1725 0.1765
v -280.00 0.00 230.00 0.0588 0.0824 0.0902
v -280.00 83.33 230.00 0.0941 0.1725 0.1529
v -280.00 166.67 230.00 0.1098 0.2078 0.1882
v -280.00 250.00 230.00 0.0706 0.1176 0.1255
v -280.00 198.00 12.00 0.2275 0.2824 0.2745
v -280.00 250.00 12.00 0.2039 0.2471 0.2392
v -280.00 198.00 128.00 0.1647 0.2314 0.2196
v -280.00 250.00 128.00 0.1294 0.1725 0.1765
v -286.00 0.00 3.00 0.0157 0.0275 0.0314
v -286.00 0.00 12.00 0.0157 0.0275 0.0314
v -286.00 206.00 3.00 0.0431 0.0588 0.0588
v -286.00 206.00 12.00 0.0745 0.0941 0.0980
v -275.00 0.00 3.00 0.0196 0.0314 0.0353
v -275.00 0.00 12.00 0.0196 0.0275 0.0314
v -275.00 206.00 3.00 0.0588 0.0784 0.0784
v -275.00 206.00 12.00 0.0549 0.0745 0.0784
v -286.00 0.00 128.00 0.0157 0.0235 0.0275
v -286.00 0.00 137.00 0.0157 0.0235 0.0275
v -286.00 206.00 128.00 0.0706 0.0941 0.0941
v -286.00 206.00 137.00 0.0353 0.0510 0.0549
v -275.00 0.00 128.00 0.0157 0.0235 0.0275
v -275.00 0.00 137.00 0.0157 0.0235 0.0275
v -275.00 206.00 128.00 0.0549 0.0784 0.0784
v -275.00 206.00 137.00 0.0392 0.0627 0.0667
v -286.00 198.00 12.00 0.0588 0.0784 0.0784
v -286.00 198.00 128.00 0.0510 0.0706 0.0745
v -286.00 206.00 12.00 0.0431 0.0588 0.0627
v -286.00 206.00 128.00 0.0471 0.0667 0.0667
v -275.00 198.00 12.00 0.0627 0.0824 0.0863
v -275.00 198.00 128.00 0.0431 0.0667 0.0667
v -275.00 206.00 12.00 0.0588 0.0784 0.0784
v -275.00 206.00 128.00 0.0431 0.0588 0.0627
v -275.00 14.00 140.00 0.0275 0.0392 0.0431
v -275.00 14.00 232.00 0.0275 0.0392 0.0431
v -275.00 176.00 140.00 0.0863 0.1176 0.1137
v -275.00 176.00 232.00 0.0353 0.0627 0.0627
v -268.00 14.00 140.00 0.0275 0.0431 0.0471
v -268.00 14.00 232.00 0.0275 0.0431 0.0471
v -268.00 176.00 140.00 0.0745 0.1255 0.1176
v -268.00 176.00 232.00 0.0510 0.1059 0.0980
v -264.00 118.00 186.00 0.1059 0.2118 0.1686
v -264.00 111.56 201.56 0.0980 0.2000 0.1608
v -264.00 96.00 208.00 0.0863 0.1725 0.1412
v -264.00 80.44 201.56 0.0745 0.1529 0.1255
v -264.00 74.00 186.00 0.0745 0.1451 0.1216
v -264.00 80.44 170.44 0.0784 0.1529 0.1294
v -264.00 96.00 164.00 0.0902 0.1765 0.1451
v -264.00 111.56 170.44 0.1020 0.2000 0.1647
v -264.00 110.00 186.00 0.1020 0.2039 0.1647
v -264.00 105.90 195.90 0.0941 0.1961 0.1569
v -264.00 96.00 200.00 0.0863 0.1804 0.1451
v -264.00 86.10 195.90 0.0824 0.1647 0.1333
v -264.00 82.00 186.00 0.0784 0.1569 0.1294
v -264.00 86.10 176.10 0.0824 0.1647 0.1373
v -264.00 96.00 172.00 0.0902 0.1804 0.1490
v -264.00 105.90 176.10 0.0980 0.1961 0.1608
v -275.00 202.00 26.00 0.9333 0.7294 0.2745
v -275.00 202.00 74.00 0.9333 0.7294 0.2745
v -275.00 218.00 26.00 0.9333 0.7294 0.2745
v -275.00 218.00 74.00 0.9333 0.7294 0.2745
v -273.00 202.00 26.00 0.9333 0.7294 0.2745
v -273.00 202.00 74.00 0.9333 0.7294 0.2745
v -273.00 218.00 26.00 0.9333 0.7294 0.2745
v -273.00 218.00 74.00 0.9333 0.7294 0.2745
v -71.00 175.00 219.00 0.1176 0.2314 0.2039
v -85.35 209.65 219.00 0.1020 0.1922 0.1804
v -120.00 224.00 219.00 0.0941 0.1765 0.1647
v -154.65 209.65 219.00 0.1059 0.2118 0.1804
v -169.00 175.00 219.00 0.1490 0.3216 0.2431
v -154.65 140.35 219.00 0.2118 0.4706 0.3255
v -120.00 126.00 219.00 0.2118 0.4706 0.3294
v -85.35 140.35 219.00 0.1490 0.3137 0.2471
v -82.00 175.00 219.00 0.0510 0.1059 0.1020
v -93.13 201.87 219.00 0.0471 0.0902 0.0902
v -120.00 213.00 219.00 0.0431 0.0824 0.0824
v -146.87 201.87 219.00 0.0471 0.0980 0.0863
v -158.00 175.00 219.00 0.0706 0.1569 0.1216
v -146.87 148.13 219.00 0.0980 0.2275 0.1647
v -120.00 137.00 219.00 0.0941 0.2196 0.1608
v -93.13 148.13 219.00 0.0627 0.1412 0.1176
v -82.00 175.00 227.00 0.1333 0.4078 0.4627
v -93.13 201.87 227.00 0.1333 0.4078 0.4627
v -120.00 213.00 227.00 0.1333 0.4078 0.4627
v -146.87 201.87 227.00 0.1333 0.4078 0.4627
v -158.00 175.00 227.00 0.1333 0.4078 0.4627
v -146.87 148.13 227.00 0.1333 0.4078 0.4627
v -120.00 137.00 227.00 0.1333 0.4078 0.4627
v -93.13 148.13 227.00 0.1333 0.4078 0.4627
v -120.00 175.00 228.00 0.1765 0.5490 0.6235
v -90.93 204.07 216.50 0.1059 0.2078 0.1922
v -90.93 204.07 219.00 0.0824 0.1647 0.1569
v -90.93 208.87 216.50 0.1020 0.2000 0.1843
v -90.93 208.87 219.00 0.0784 0.1569 0.1529
v -86.13 204.07 216.50 0.1059 0.2039 0.1882
v -86.13 204.07 219.00 0.0784 0.1608 0.1569
v -86.13 208.87 216.50 0.1020 0.1961 0.1843
v -86.13 208.87 219.00 0.0784 0.1529 0.1529
v -133.92 215.58 216.50 0.1020 0.2000 0.1765
v -133.92 215.58 219.00 0.0784 0.1569 0.1490
v -133.92 220.38 216.50 0.0980 0.1882 0.1686
v -133.92 220.38 219.00 0.0745 0.1490 0.1412
v -129.12 215.58 216.50 0.1020 0.2000 0.1804
v -129.12 215.58 219.00 0.0784 0.1569 0.1490
v -129.12 220.38 216.50 0.0980 0.1882 0.1725
v -129.12 220.38 219.00 0.0745 0.1490 0.1451
v -165.38 184.12 216.50 0.1373 0.2902 0.2235
v -165.38 184.12 219.00 0.0941 0.2000 0.1686
v -165.38 188.92 216.50 0.1294 0.2706 0.2157
v -165.38 188.92 219.00 0.0902 0.1922 0.1647
v -160.58 184.12 216.50 0.1373 0.2941 0.2275
v -160.58 184.12 219.00 0.0941 0.2000 0.1725
v -160.58 188.92 216.50 0.1294 0.2745 0.2196
v -160.58 188.92 219.00 0.0941 0.1922 0.1686
v -153.87 141.13 216.50 0.2118 0.4667 0.3255
v -153.87 141.13 219.00 0.1176 0.2549 0.2000
v -153.87 145.93 216.50 0.2039 0.4549 0.3176
v -153.87 145.93 219.00 0.1176 0.2510 0.2000
v -149.07 141.13 216.50 0.2078 0.4667 0.3255
v -149.07 141.13 219.00 0.1176 0.2549 0.2039
v -149.07 145.93 216.50 0.2039 0.4549 0.3216
v -149.07 145.93 219.00 0.1176 0.2549 0.2039
v -110.88 129.62 216.50 0.2039 0.4510 0.3216
v -110.88 129.62 219.00 0.1098 0.2392 0.1961
v -110.88 134.42 216.50 0.2039 0.4510 0.3216
v -110.88 134.42 219.00 0.1137 0.2431 0.2000
v -106.08 129.62 216.50 0.1922 0.4275 0.3059
v -106.08 129.62 219.00 0.1098 0.2353 0.1922
v -106.08 134.42 216.50 0.1922 0.4275 0.3098
v -106.08 134.42 219.00 0.1098 0.2353 0.1961
v -79.42 161.08 216.50 0.1333 0.2706 0.2275
v -79.42 161.08 219.00 0.0941 0.1922 0.1765
v -79.42 165.88 216.50 0.1294 0.2627 0.2235
v -79.42 165.88 219.00 0.0902 0.1922 0.1765
v -74.62 161.08 216.50 0.1294 0.2588 0.2196
v -74.62 161.08 219.00 0.0902 0.1882 0.1725
v -74.62 165.88 216.50 0.1255 0.2510 0.2157
v -74.62 165.88 219.00 0.0902 0.1843 0.1725
v 109.00 175.00 219.00 0.1451 0.2078 0.2157
v 94.65 209.65 219.00 0.1529 0.2196 0.2275
v 60.00 224.00 219.00 0.1373 0.2039 0.2118
v 25.35 209.65 219.00 0.1216 0.1882 0.1961
v 11.00 175.00 219.00 0.1098 0.1765 0.1882
v 25.35 140.35 219.00 0.1020 0.1647 0.1765
v 60.00 126.00 219.00 0.1020 0.1608 0.1725
v 94.65 140.35 219.00 0.1216 0.1804 0.1882
v 98.00 175.00 219.00 0.0667 0.0980 0.1059
v 86.87 201.87 219.00 0.0706 0.1059 0.1098
v 60.00 213.00 219.00 0.0588 0.0941 0.1020
v 33.13 201.87 219.00 0.0510 0.0863 0.0941
v 22.00 175.00 219.00 0.0471 0.0824 0.0941
v 33.13 148.13 219.00 0.0431 0.0745 0.0824
v 60.00 137.00 219.00 0.0431 0.0745 0.0824
v 86.87 148.13 219.00 0.0549 0.0824 0.0902
v 98.00 175.00 227.00 0.1333 0.4078 0.4627
v 86.87 201.87 227.00 0.1333 0.4078 0.4627
v 60.00 213.00 227.00 0.1333 0.4078 0.4627
v 33.13 201.87 227.00 0.1333 0.4078 0.4627
v 22.00 175.00 227.00 0.1333 0.4078 0.4627
v 33.13 148.13 227.00 0.1333 0.4078 0.4627
v 60.00 137.00 227.00 0.1333 0.4078 0.4627
v 86.87 148.13 227.00 0.1333 0.4078 0.4627
v 60.00 175.00 228.00 0.1765 0.5490 0.6235
v 89.07 204.07 216.50 0.1529 0.2235 0.2314
v 89.07 204.07 219.00 0.0863 0.1412 0.1529
v 89.07 208.87 216.50 0.1529 0.2235 0.2314
v 89.07 208.87 219.00 0.0863 0.1373 0.1490
v 93.87 204.07 216.50 0.1569 0.2235 0.2314
v 93.87 204.07 219.00 0.0863 0.1373 0.1490
v 93.87 208.87 216.50 0.1569 0.2235 0.2275
v 93.87 208.87 219.00 0.0863 0.1373 0.1490
v 46.08 215.58 216.50 0.1333 0.2039 0.2118
v 46.08 215.58 219.00 0.0824 0.1373 0.1529
v 46.08 220.38 216.50 0.1333 0.2000 0.2078
v 46.08 220.38 219.00 0.0824 0.1373 0.1490
v 50.88 215.58 216.50 0.1373 0.2039 0.2157
v 50.88 215.58 219.00 0.0824 0.1373 0.1529
v 50.88 220.38 216.50 0.1373 0.2039 0.2118
v 50.88 220.38 219.00 0.0824 0.1373 0.1490
v 14.62 184.12 216.50 0.1137 0.1843 0.1961
v 14.62 184.12 219.00 0.0784 0.1373 0.1529
v 14.62 188.92 216.50 0.1176 0.1843 0.1961
v 14.62 188.92 219.00 0.0784 0.1373 0.1529
v 19.42 184.12 216.50 0.1176 0.1843 0.1961
v 19.42 184.12 219.00 0.0784 0.1373 0.1529
v 19.42 188.92 216.50 0.1176 0.1882 0.1961
v 19.42 188.92 219.00 0.0784 0.1373 0.1529
v 26.13 141.13 216.50 0.1020 0.1647 0.1765
v 26.13 141.13 219.00 0.0745 0.1294 0.1412
v 26.13 145.93 216.50 0.1059 0.1686 0.1804
v 26.13 145.93 219.00 0.0745 0.1333 0.1451
v 30.93 141.13 216.50 0.1059 0.1686 0.1804
v 30.93 141.13 219.00 0.0745 0.1294 0.1451
v 30.93 145.93 216.50 0.1059 0.1725 0.1843
v 30.93 145.93 219.00 0.0745 0.1333 0.1451
v 69.12 129.62 216.50 0.1098 0.1686 0.1804
v 69.12 129.62 219.00 0.0745 0.1255 0.1373
v 69.12 134.42 216.50 0.1137 0.1765 0.1843
v 69.12 134.42 219.00 0.0745 0.1294 0.1412
v 73.92 129.62 216.50 0.1098 0.1686 0.1804
v 73.92 129.62 219.00 0.0745 0.1255 0.1373
v 73.92 134.42 216.50 0.1137 0.1765 0.1843
v 73.92 134.42 219.00 0.0745 0.1294 0.1412
v 100.58 161.08 216.50 0.1373 0.2039 0.2118
v 100.58 161.08 219.00 0.0824 0.1333 0.1451
v 100.58 165.88 216.50 0.1412 0.2078 0.2157
v 100.58 165.88 219.00 0.0824 0.1333 0.1451
v 105.38 161.08 216.50 0.1373 0.2000 0.2078
v 105.38 161.08 219.00 0.0824 0.1333 0.1451
v 105.38 165.88 216.50 0.1412 0.2039 0.2118
v 105.38 165.88 219.00 0.0824 0.1333 0.1451
v 22.00 108.00 -55.00 0.1373 0.2118 0.2039
v 9.67 154.00 -55.00 0.1686 0.2471 0.2353
v -24.00 187.67 -55.00 0.1843 0.2627 0.2471
v -70.00 200.00 -55.00 0.3529 0.4510 0.4078
v -116.00 187.67 -55.00 0.2863 0.3765 0.3451
v -149.67 154.00 -55.00 0.1569 0.2314 0.2196
v -162.00 108.00 -55.00 0.1255 0.2039 0.1961
v -149.67 62.00 -55.00 0.1098 0.1843 0.1804
v -116.00 28.33 -55.00 0.0980 0.1765 0.1725
v -70.00 16.00 -55.00 0.0941 0.1686 0.1686
v -24.00 28.33 -55.00 0.0941 0.1686 0.1686
v 9.67 62.00 -55.00 0.1059 0.1804 0.1804
v 22.00 108.00 -128.00 0.0941 0.1490 0.1490
v 9.67 154.00 -128.00 0.1098 0.1686 0.1608
v -24.00 187.67 -128.00 0.1294 0.1843 0.1765
v -70.00 200.00 -128.00 0.1569 0.2157 0.2039
v -116.00 187.67 -128.00 0.1608 0.2196 0.2078
v -149.67 154.00 -128.00 0.1255 0.1843 0.1765
v -162.00 108.00 -128.00 0.1059 0.1647 0.1569
v -149.67 62.00 -128.00 0.0902 0.1490 0.1451
v -116.00 28.33 -128.00 0.0824 0.1412 0.1412
v -70.00 16.00 -128.00 0.0784 0.1373 0.1373
v -24.00 28.33 -128.00 0.0784 0.1373 0.1373
v 9.67 62.00 -128.00 0.0824 0.1373 0.1373
v 17.00 108.00 -140.00 0.0235 0.0392 0.0431
v 5.34 151.50 -140.00 0.0275 0.0431 0.0471
v -26.50 183.34 -140.00 0.0314 0.0471 0.0510
v -70.00 195.00 -140.00 0.0392 0.0588 0.0627
v -113.50 183.34 -140.00 0.0392 0.0588 0.0627
v -145.34 151.50 -140.00 0.0314 0.0471 0.0510
v -157.00 108.00 -140.00 0.0235 0.0431 0.0471
v -145.34 64.50 -140.00 0.0235 0.0392 0.0431
v -113.50 32.66 -140.00 0.0196 0.0353 0.0392
v -70.00 21.00 -140.00 0.0196 0.0353 0.0392
v -26.50 32.66 -140.00 0.0196 0.0353 0.0392
v 5.34 64.50 -140.00 0.0196 0.0353 0.0392
v 22.00 108.00 -152.00 0.0627 0.0941 0.0941
v 9.67 154.00 -152.00 0.0706 0.1059 0.1020
v -24.00 187.67 -152.00 0.0824 0.1176 0.1098
v -70.00 200.00 -152.00 0.1098 0.1490 0.1373
v -116.00 187.67 -152.00 0.1059 0.1451 0.1333
v -149.67 154.00 -152.00 0.0824 0.1176 0.1098
v -162.00 108.00 -152.00 0.0706 0.1059 0.1020
v -149.67 62.00 -152.00 0.0588 0.0941 0.0941
v -116.00 28.33 -152.00 0.0549 0.0902 0.0902
v -70.00 16.00 -152.00 0.0510 0.0863 0.0863
v -24.00 28.33 -152.00 0.0510 0.0863 0.0863
v 9.67 62.00 -152.00 0.0549 0.0902 0.0863
v 22.00 108.00 -222.00 0.0431 0.0588 0.0588
v 9.67 154.00 -222.00 0.0471 0.0627 0.0627
v -24.00 187.67 -222.00 0.0510 0.0706 0.0667
v -70.00 200.00 -222.00 0.0588 0.0784 0.0745
v -116.00 187.67 -222.00 0.0588 0.0784 0.0745
v -149.67 154.00 -222.00 0.0510 0.0706 0.0667
v -162.00 108.00 -222.00 0.0471 0.0627 0.0627
v -149.67 62.00 -222.00 0.0431 0.0588 0.0588
v -116.00 28.33 -222.00 0.0392 0.0549 0.0549
v -70.00 16.00 -222.00 0.0353 0.0549 0.0549
v -24.00 28.33 -222.00 0.0353 0.0549 0.0549
v 9.67 62.00 -222.00 0.0392 0.0549 0.0549
v -36.00 108.00 -55.00 0.1216 0.2078 0.2000
v -40.56 125.00 -55.00 0.1373 0.2235 0.2157
v -53.00 137.44 -55.00 0.2000 0.2941 0.2745
v -70.00 142.00 -55.00 0.2549 0.3529 0.3216
v -87.00 137.44 -55.00 0.2392 0.3373 0.3098
v -99.44 125.00 -55.00 0.1725 0.2627 0.2471
v -104.00 108.00 -55.00 0.1176 0.2039 0.2000
v -99.44 91.00 -55.00 0.1098 0.2000 0.1961
v -87.00 78.56 -55.00 0.1059 0.1961 0.1922
v -70.00 74.00 -55.00 0.1059 0.1961 0.1922
v -53.00 78.56 -55.00 0.1059 0.1961 0.1922
v -40.56 91.00 -55.00 0.1098 0.2000 0.1961
v -36.00 108.00 -216.00 0.0157 0.0275 0.0314
v -40.56 125.00 -216.00 0.0196 0.0275 0.0314
v -53.00 137.44 -216.00 0.0196 0.0314 0.0314
v -70.00 142.00 -216.00 0.0235 0.0353 0.0353
v -87.00 137.44 -216.00 0.0235 0.0353 0.0353
v -99.44 125.00 -216.00 0.0196 0.0314 0.0353
v -104.00 108.00 -216.00 0.0196 0.0275 0.0314
v -99.44 91.00 -216.00 0.0157 0.0275 0.0314
v -87.00 78.56 -216.00 0.0157 0.0275 0.0275
v -70.00 74.00 -216.00 0.0157 0.0275 0.0275
v -53.00 78.56 -216.00 0.0157 0.0275 0.0275
v -40.56 91.00 -216.00 0.0157 0.0275 0.0275
v -70.00 108.00 -216.00 0.0196 0.0275 0.0314
v -21.00 108.00 -53.00 0.2745 0.8235 0.9216
v -27.56 132.50 -53.00 0.2745 0.8235 0.9216
v -45.50 150.44 -53.00 0.2745 0.8235 0.9216
v -70.00 157.00 -53.00 0.2745 0.8235 0.9216
v -94.50 150.44 -53.00 0.2745 0.8235 0.9216
v -112.44 132.50 -53.00 0.2745 0.8235 0.9216
v -119.00 108.00 -53.00 0.2745 0.8235 0.9216
v -112.44 83.50 -53.00 0.2745 0.8235 0.9216
v -94.50 65.56 -53.00 0.2745 0.8235 0.9216
v -70.00 59.00 -53.00 0.2745 0.8235 0.9216
v -45.50 65.56 -53.00 0.2745 0.8235 0.9216
v -27.56 83.50 -53.00 0.2745 0.8235 0.9216
v -34.00 108.00 -53.00 0.2745 0.8235 0.9216
v -38.82 126.00 -53.00 0.2745 0.8235 0.9216
v -52.00 139.18 -53.00 0.2745 0.8235 0.9216
v -70.00 144.00 -53.00 0.2745 0.8235 0.9216
v -88.00 139.18 -53.00 0.2745 0.8235 0.9216
v -101.18 126.00 -53.00 0.2745 0.8235 0.9216
v -106.00 108.00 -53.00 0.2745 0.8235 0.9216
v -101.18 90.00 -53.00 0.2745 0.8235 0.9216
v -88.00 76.82 -53.00 0.2745 0.8235 0.9216
v -70.00 72.00 -53.00 0.2745 0.8235 0.9216
v -52.00 76.82 -53.00 0.2745 0.8235 0.9216
v -38.82 90.00 -53.00 0.2745 0.8235 0.9216
v -116.00 166.00 -55.00 0.0471 0.0706 0.0784
v -116.00 166.00 -52.00 0.0510 0.0824 0.0863
v -116.00 188.00 -55.00 0.0471 0.0706 0.0745
v -116.00 188.00 -52.00 0.0588 0.0863 0.0902
v -24.00 166.00 -55.00 0.0431 0.0667 0.0706
v -24.00 166.00 -52.00 0.0471 0.0745 0.0824
v -24.00 188.00 -55.00 0.0431 0.0627 0.0706
v -24.00 188.00 -52.00 0.0510 0.0745 0.0784
v -104.00 172.00 -52.00 0.2745 0.8235 0.9216
v -104.00 172.00 -50.50 0.2745 0.8235 0.9216
v -104.00 179.00 -52.00 0.2745 0.8235 0.9216
v -104.00 179.00 -50.50 0.2745 0.8235 0.9216
v -36.00 172.00 -52.00 0.2745 0.8235 0.9216
v -36.00 172.00 -50.50 0.2745 0.8235 0.9216
v -36.00 179.00 -52.00 0.2745 0.8235 0.9216
v -36.00 179.00 -50.50 0.2745 0.8235 0.9216
v -174.00 0.00 -228.00 0.0314 0.0353 0.0275
v -174.00 0.00 -49.00 0.0510 0.0667 0.0471
v -174.00 14.00 -228.00 0.0392 0.0431 0.0314
v -174.00 14.00 -49.00 0.0941 0.1255 0.0863
v 34.00 0.00 -228.00 0.0314 0.0353 0.0235
v 34.00 0.00 -49.00 0.0471 0.0627 0.0431
v 34.00 14.00 -228.00 0.0353 0.0392 0.0275
v 34.00 14.00 -49.00 0.0824 0.1176 0.0824
v -166.00 14.00 -93.00 0.0549 0.0745 0.0510
v -166.00 14.00 -87.00 0.0549 0.0745 0.0510
v -166.00 18.00 -93.00 0.0980 0.1333 0.0902
v -166.00 18.00 -87.00 0.1020 0.1373 0.0941
v 26.00 14.00 -93.00 0.0510 0.0706 0.0471
v 26.00 14.00 -87.00 0.0510 0.0706 0.0510
v 26.00 18.00 -93.00 0.0824 0.1216 0.0824
v 26.00 18.00 -87.00 0.0863 0.1216 0.0863
v -167.00 14.00 -93.50 0.0275 0.0431 0.0510
v -167.00 14.00 -86.50 0.0275 0.0431 0.0510
v -167.00 96.00 -93.50 0.0431 0.0667 0.0706
v -167.00 96.00 -86.50 0.0431 0.0667 0.0745
v -161.00 14.00 -93.50 0.0275 0.0471 0.0510
v -161.00 14.00 -86.50 0.0353 0.0588 0.0667
v -161.00 96.00 -93.50 0.0431 0.0667 0.0745
v -161.00 96.00 -86.50 0.0588 0.1020 0.1098
v 21.00 14.00 -93.50 0.0235 0.0431 0.0471
v 21.00 14.00 -86.50 0.0314 0.0549 0.0627
v 21.00 96.00 -93.50 0.0392 0.0627 0.0706
v 21.00 96.00 -86.50 0.0549 0.0941 0.1059
v 27.00 14.00 -93.50 0.0235 0.0431 0.0471
v 27.00 14.00 -86.50 0.0235 0.0431 0.0471
v 27.00 96.00 -93.50 0.0353 0.0627 0.0667
v 27.00 96.00 -86.50 0.0392 0.0667 0.0706
v -166.00 14.00 -193.00 0.0392 0.0471 0.0314
v -166.00 14.00 -187.00 0.0392 0.0471 0.0353
v -166.00 18.00 -193.00 0.0510 0.0627 0.0431
v -166.00 18.00 -187.00 0.0549 0.0667 0.0471
v 26.00 14.00 -193.00 0.0353 0.0431 0.0314
v 26.00 14.00 -187.00 0.0392 0.0471 0.0314
v 26.00 18.00 -193.00 0.0471 0.0588 0.0392
v 26.00 18.00 -187.00 0.0471 0.0588 0.0431
v -167.00 14.00 -193.50 0.0196 0.0275 0.0314
v -167.00 14.00 -186.50 0.0235 0.0353 0.0392
v -167.00 96.00 -193.50 0.0275 0.0392 0.0431
v -167.00 96.00 -186.50 0.0275 0.0392 0.0431
v -161.00 14.00 -193.50 0.0196 0.0275 0.0314
v -161.00 14.00 -186.50 0.0275 0.0431 0.0471
v -161.00 96.00 -193.50 0.0275 0.0392 0.0431
v -161.00 96.00 -186.50 0.0471 0.0745 0.0784
v 21.00 14.00 -193.50 0.0196 0.0275 0.0314
v 21.00 14.00 -186.50 0.0235 0.0392 0.0431
v 21.00 96.00 -193.50 0.0235 0.0353 0.0392
v 21.00 96.00 -186.50 0.0392 0.0627 0.0706
v 27.00 14.00 -193.50 0.0196 0.0275 0.0314
v 27.00 14.00 -186.50 0.0196 0.0275 0.0314
v 27.00 96.00 -193.50 0.0235 0.0353 0.0392
v 27.00 96.00 -186.50 0.0235 0.0392 0.0431
v 26.00 16.00 -120.00 0.0667 0.1176 0.1176
v 26.00 16.00 -30.00 0.0784 0.1490 0.1490
v 26.00 118.00 -120.00 0.1294 0.2157 0.2078
v 26.00 118.00 -30.00 0.1765 0.3020 0.2902
v 30.00 16.00 -120.00 0.0471 0.0745 0.0745
v 30.00 16.00 -30.00 0.0549 0.0902 0.0863
v 30.00 118.00 -120.00 0.0706 0.1098 0.1098
v 30.00 118.00 -30.00 0.1059 0.1569 0.1490
v 22.00 112.25 -70.00 0.0314 0.0510 0.0627
v 17.67 105.88 -70.00 0.0314 0.0549 0.0627
v 26.33 105.88 -70.00 0.0392 0.0706 0.0863
v 48.00 78.25 -40.00 0.0275 0.0431 0.0510
v 43.67 71.88 -40.00 0.0275 0.0431 0.0510
v 52.33 71.88 -40.00 0.0275 0.0471 0.0588
v 80.00 32.25 10.00 0.0196 0.0275 0.0314
v 75.67 25.88 10.00 0.0157 0.0275 0.0314
v 84.33 25.88 10.00 0.0157 0.0275 0.0314
v 116.00 18.25 60.00 0.0157 0.0235 0.0275
v 111.67 11.88 60.00 0.0157 0.0196 0.0235
v 120.33 11.88 60.00 0.0157 0.0196 0.0235
v -100.00 78.00 -60.00 0.1412 0.2549 0.2510
v -100.00 78.00 120.00 0.0941 0.1608 0.1373
v -100.00 88.00 -60.00 0.2863 0.4706 0.4510
v -100.00 88.00 120.00 0.1569 0.2824 0.2235
v -40.00 78.00 -60.00 0.1373 0.2510 0.2471
v -40.00 78.00 120.00 0.0863 0.1373 0.1294
v -40.00 88.00 -60.00 0.2471 0.4078 0.3922
v -40.00 88.00 120.00 0.1373 0.2118 0.1961
v -78.00 18.00 88.00 0.0706 0.1294 0.1412
v -78.00 18.00 104.00 0.0549 0.0941 0.1020
v -78.00 78.00 88.00 0.1373 0.2431 0.2588
v -78.00 78.00 104.00 0.0980 0.1882 0.1804
v -62.00 18.00 88.00 0.0627 0.1137 0.1255
v -62.00 18.00 104.00 0.0549 0.0902 0.0980
v -62.00 78.00 88.00 0.1373 0.2510 0.2706
v -62.00 78.00 104.00 0.0941 0.1686 0.1725
v 196.00 70.00 -70.00 0.0431 0.0706 0.0588
v 196.00 70.00 140.00 0.0588 0.0784 0.0667
v 196.00 76.00 -70.00 0.0549 0.0941 0.0745
v 196.00 76.00 140.00 0.1059 0.1294 0.1098
v 268.00 70.00 -70.00 0.0392 0.0667 0.0549
v 268.00 70.00 140.00 0.0510 0.0667 0.0588
v 268.00 76.00 -70.00 0.0431 0.0824 0.0667
v 268.00 76.00 140.00 0.0863 0.0902 0.0745
v 204.00 0.00 -61.00 0.0392 0.0627 0.0667
v 204.00 0.00 -55.00 0.0431 0.0784 0.0745
v 204.00 70.00 -61.00 0.0549 0.0980 0.0902
v 204.00 70.00 -55.00 0.0667 0.1216 0.1098
v 210.00 0.00 -61.00 0.0392 0.0627 0.0667
v 210.00 0.00 -55.00 0.0431 0.0824 0.0784
v 210.00 70.00 -61.00 0.0549 0.0980 0.0902
v 210.00 70.00 -55.00 0.0784 0.1765 0.1451
v 254.00 0.00 -61.00 0.0392 0.0627 0.0667
v 254.00 0.00 -55.00 0.0431 0.0824 0.0784
v 254.00 70.00 -61.00 0.0510 0.0941 0.0902
v 254.00 70.00 -55.00 0.0745 0.1608 0.1333
v 260.00 0.00 -61.00 0.0392 0.0627 0.0667
v 260.00 0.00 -55.00 0.0431 0.0706 0.0706
v 260.00 70.00 -61.00 0.0510 0.0941 0.0863
v 260.00 70.00 -55.00 0.0627 0.1294 0.1137
v 204.00 0.00 125.00 0.0471 0.0745 0.0745
v 204.00 0.00 131.00 0.0431 0.0627 0.0667
v 204.00 70.00 125.00 0.0980 0.1529 0.1412
v 204.00 70.00 131.00 0.0863 0.1255 0.1216
v 210.00 0.00 125.00 0.0431 0.0706 0.0706
v 210.00 0.00 131.00 0.0431 0.0627 0.0667
v 210.00 70.00 125.00 0.0863 0.1529 0.1333
v 210.00 70.00 131.00 0.0824 0.1098 0.1020
v 254.00 0.00 125.00 0.0431 0.0706 0.0706
v 254.00 0.00 131.00 0.0392 0.0588 0.0627
v 254.00 70.00 125.00 0.0902 0.1529 0.1333
v 254.00 70.00 131.00 0.0863 0.1098 0.1059
v 260.00 0.00 125.00 0.0392 0.0627 0.0667
v 260.00 0.00 131.00 0.0392 0.0588 0.0627
v 260.00 70.00 125.00 0.0745 0.1294 0.1137
v 260.00 70.00 131.00 0.0706 0.0941 0.0902
v 202.00 76.00 -58.00 0.0157 0.0275 0.0275
v 202.00 76.00 -6.00 0.0235 0.0431 0.0392
v 202.00 128.00 -58.00 0.0196 0.0353 0.0314
v 202.00 128.00 -6.00 0.0353 0.0627 0.0549
v 262.00 76.00 -58.00 0.0157 0.0275 0.0275
v 262.00 76.00 -6.00 0.0196 0.0392 0.0353
v 262.00 128.00 -58.00 0.0157 0.0314 0.0275
v 262.00 128.00 -6.00 0.0235 0.0471 0.0392
v 200.00 120.00 -53.00 0.2902 0.8863 0.5882
v 200.00 120.00 -11.00 0.2902 0.8863 0.5882
v 204.00 84.00 -11.00 0.2902 0.8863 0.5882
v 204.00 84.00 -53.00 0.2902 0.8863 0.5882
v 208.00 76.00 -52.00 0.0471 0.0863 0.0667
v 208.00 76.00 -12.00 0.0588 0.1137 0.0863
v 208.00 80.00 -52.00 0.0627 0.1176 0.0902
v 208.00 80.00 -12.00 0.1020 0.2039 0.1490
v 248.00 76.00 -52.00 0.0471 0.0824 0.0667
v 248.00 76.00 -12.00 0.0549 0.1098 0.0863
v 248.00 80.00 -52.00 0.0549 0.1020 0.0784
v 248.00 80.00 -12.00 0.0941 0.2118 0.1490
v 202.00 76.00 8.00 0.0235 0.0431 0.0392
v 202.00 76.00 60.00 0.0235 0.0431 0.0353
v 202.00 128.00 8.00 0.0314 0.0588 0.0510
v 202.00 128.00 60.00 0.0471 0.0706 0.0667
v 262.00 76.00 8.00 0.0196 0.0392 0.0353
v 262.00 76.00 60.00 0.0196 0.0392 0.0353
v 262.00 128.00 8.00 0.0235 0.0471 0.0392
v 262.00 128.00 60.00 0.0235 0.0431 0.0392
v 200.00 120.00 13.00 0.2902 0.8863 0.5882
v 200.00 120.00 55.00 0.2902 0.8863 0.5882
v 204.00 84.00 55.00 0.2902 0.8863 0.5882
v 204.00 84.00 13.00 0.2902 0.8863 0.5882
v 208.00 76.00 14.00 0.0667 0.1255 0.0941
v 208.00 76.00 54.00 0.0667 0.1176 0.0902
v 208.00 80.00 14.00 0.1216 0.2549 0.1804
v 208.00 80.00 54.00 0.1137 0.2078 0.1569
v 248.00 76.00 14.00 0.0627 0.1216 0.0941
v 248.00 76.00 54.00 0.0588 0.1137 0.0863
v 248.00 80.00 14.00 0.1098 0.2549 0.1765
v 248.00 80.00 54.00 0.0980 0.2000 0.1451
v 202.00 76.00 74.00 0.0196 0.0392 0.0353
v 202.00 76.00 126.00 0.0196 0.0314 0.0314
v 202.00 128.00 74.00 0.0431 0.0667 0.0588
v 202.00 128.00 126.00 0.0471 0.0588 0.0588
v 262.00 76.00 74.00 0.0196 0.0353 0.0314
v 262.00 76.00 126.00 0.0196 0.0275 0.0275
v 262.00 128.00 74.00 0.0275 0.0588 0.0471
v 262.00 128.00 126.00 0.0353 0.0392 0.0353
v 200.00 120.00 79.00 0.2902 0.8863 0.5882
v 200.00 120.00 121.00 0.2902 0.8863 0.5882
v 204.00 84.00 121.00 0.2902 0.8863 0.5882
v 204.00 84.00 79.00 0.2902 0.8863 0.5882
v 208.00 76.00 80.00 0.0627 0.1059 0.0863
v 208.00 76.00 120.00 0.0627 0.0863 0.0745
v 208.00 80.00 80.00 0.1098 0.1843 0.1412
v 208.00 80.00 120.00 0.1098 0.1373 0.1137
v 248.00 76.00 80.00 0.0588 0.0980 0.0784
v 248.00 76.00 120.00 0.0588 0.0824 0.0667
v 248.00 80.00 80.00 0.0941 0.1765 0.1294
v 248.00 80.00 120.00 0.0941 0.1137 0.0941
v 200.00 0.00 150.00 0.0196 0.0314 0.0314
v 200.00 0.00 220.00 0.0157 0.0275 0.0314
v 200.00 192.00 150.00 0.0941 0.1176 0.1176
v 200.00 192.00 220.00 0.0510 0.0667 0.0706
v 268.00 0.00 150.00 0.0157 0.0275 0.0314
v 268.00 0.00 220.00 0.0157 0.0235 0.0275
v 268.00 192.00 150.00 0.0471 0.0510 0.0510
v 268.00 192.00 220.00 0.0392 0.0392 0.0431
v 196.00 44.00 158.00 0.9333 0.7294 0.2745
v 196.00 44.00 212.00 0.9333 0.7294 0.2745
v 196.00 53.00 158.00 0.9333 0.7294 0.2745
v 196.00 53.00 212.00 0.9333 0.7294 0.2745
v 200.00 44.00 158.00 0.9333 0.7294 0.2745
v 200.00 44.00 212.00 0.9333 0.7294 0.2745
v 200.00 53.00 158.00 0.9333 0.7294 0.2745
v 200.00 53.00 212.00 0.9333 0.7294 0.2745
v 196.00 74.00 158.00 0.9255 0.3922 0.2353
v 196.00 74.00 212.00 0.9255 0.3922 0.2353
v 196.00 83.00 158.00 0.9255 0.3922 0.2353
v 196.00 83.00 212.00 0.9255 0.3922 0.2353
v 200.00 74.00 158.00 0.9255 0.3922 0.2353
v 200.00 74.00 212.00 0.9255 0.3922 0.2353
v 200.00 83.00 158.00 0.9255 0.3922 0.2353
v 200.00 83.00 212.00 0.9255 0.3922 0.2353
v 196.00 104.00 158.00 0.9333 0.7294 0.2745
v 196.00 104.00 212.00 0.9333 0.7294 0.2745
v 196.00 113.00 158.00 0.9333 0.7294 0.2745
v 196.00 113.00 212.00 0.9333 0.7294 0.2745
v 200.00 104.00 158.00 0.9333 0.7294 0.2745
v 200.00 104.00 212.00 0.9333 0.7294 0.2745
v 200.00 113.00 158.00 0.9333 0.7294 0.2745
v 200.00 113.00 212.00 0.9333 0.7294 0.2745
v 196.00 134.00 158.00 0.9255 0.3922 0.2353
v 196.00 134.00 212.00 0.9255 0.3922 0.2353
v 196.00 143.00 158.00 0.9255 0.3922 0.2353
v 196.00 143.00 212.00 0.9255 0.3922 0.2353
v 200.00 134.00 158.00 0.9255 0.3922 0.2353
v 200.00 134.00 212.00 0.9255 0.3922 0.2353
v 200.00 143.00 158.00 0.9255 0.3922 0.2353
v 200.00 143.00 212.00 0.9255 0.3922 0.2353
v 196.00 164.00 158.00 0.9333 0.7294 0.2745
v 196.00 164.00 212.00 0.9333 0.7294 0.2745
v 196.00 173.00 158.00 0.9333 0.7294 0.2745
v 196.00 173.00 212.00 0.9333 0.7294 0.2745
v 200.00 164.00 158.00 0.9333 0.7294 0.2745
v 200.00 164.00 212.00 0.9333 0.7294 0.2745
v 200.00 173.00 158.00 0.9333 0.7294 0.2745
v 200.00 173.00 212.00 0.9333 0.7294 0.2745
v 178.00 8.00 236.00 0.0118 0.0196 0.0235
v 178.00 8.00 268.00 0.0118 0.0196 0.0235
v 178.00 34.00 236.00 0.0196 0.0275 0.0314
v 178.00 34.00 268.00 0.0157 0.0235 0.0275
v 190.00 8.00 236.00 0.0118 0.0196 0.0235
v 190.00 8.00 268.00 0.0118 0.0196 0.0196
v 190.00 34.00 236.00 0.0157 0.0235 0.0235
v 190.00 34.00 268.00 0.0118 0.0196 0.0235
v 196.00 23.40 226.00 0.0118 0.0157 0.0196
v 192.54 18.30 226.00 0.0118 0.0157 0.0196
v 199.46 18.30 226.00 0.0118 0.0157 0.0196
v 170.00 6.40 168.00 0.0118 0.0196 0.0235
v 166.54 1.30 168.00 0.0118 0.0157 0.0196
v 173.46 1.30 168.00 0.0118 0.0157 0.0196
v 40.00 6.40 110.00 0.0157 0.0196 0.0235
v 36.54 1.30 110.00 0.0157 0.0196 0.0235
v 43.46 1.30 110.00 0.0157 0.0196 0.0235
v -120.00 6.40 48.00 0.0196 0.0314 0.0392
v -123.46 1.30 48.00 0.0196 0.0314 0.0392
v -116.54 1.30 48.00 0.0196 0.0314 0.0353
v -250.00 6.40 62.00 0.0118 0.0196 0.0235
v -253.46 1.30 62.00 0.0118 0.0157 0.0196
v -246.54 1.30 62.00 0.0118 0.0157 0.0196
v -244.00 84.00 166.00 0.0549 0.0902 0.0706
v -244.00 84.00 226.00 0.0471 0.0824 0.0667
v -244.00 90.00 166.00 0.0784 0.1412 0.1059
v -244.00 90.00 226.00 0.0627 0.1176 0.0902
v -96.00 84.00 166.00 0.0745 0.1373 0.1059
v -96.00 84.00 226.00 0.0627 0.1216 0.0980
v -96.00 90.00 166.00 0.1333 0.2588 0.1882
v -96.00 90.00 226.00 0.1098 0.2353 0.1804
v -235.00 0.00 172.00 0.0392 0.0588 0.0627
v -235.00 0.00 178.00 0.0392 0.0588 0.0627
v -235.00 84.00 172.00 0.0745 0.1333 0.1137
v -235.00 84.00 178.00 0.0667 0.1255 0.1098
v -229.00 0.00 172.00 0.0392 0.0627 0.0667
v -229.00 0.00 178.00 0.0392 0.0667 0.0706
v -229.00 84.00 172.00 0.0824 0.1529 0.1294
v -229.00 84.00 178.00 0.1098 0.2353 0.1804
v -235.00 0.00 214.00 0.0392 0.0588 0.0627
v -235.00 0.00 220.00 0.0392 0.0588 0.0627
v -235.00 84.00 214.00 0.0627 0.1216 0.1059
v -235.00 84.00 220.00 0.0627 0.1176 0.1020
v -229.00 0.00 214.00 0.0431 0.0667 0.0706
v -229.00 0.00 220.00 0.0392 0.0627 0.0667
v -229.00 84.00 214.00 0.0980 0.2078 0.1608
v -229.00 84.00 220.00 0.0784 0.1647 0.1373
v -113.00 0.00 172.00 0.0431 0.0706 0.0745
v -113.00 0.00 178.00 0.0431 0.0745 0.0745
v -113.00 84.00 172.00 0.1216 0.2431 0.1961
v -113.00 84.00 178.00 0.1412 0.3059 0.2314
v -107.00 0.00 172.00 0.0431 0.0706 0.0745
v -107.00 0.00 178.00 0.0431 0.0706 0.0745
v -107.00 84.00 172.00 0.1098 0.2157 0.1843
v -107.00 84.00 178.00 0.1020 0.2078 0.1804
v -113.00 0.00 214.00 0.0431 0.0706 0.0745
v -113.00 0.00 220.00 0.0392 0.0667 0.0706
v -113.00 84.00 214.00 0.1373 0.2941 0.2157
v -113.00 84.00 220.00 0.1059 0.2235 0.1765
v -107.00 0.00 214.00 0.0392 0.0667 0.0706
v -107.00 0.00 220.00 0.0392 0.0667 0.0706
v -107.00 84.00 214.00 0.1059 0.2196 0.1765
v -107.00 84.00 220.00 0.0863 0.1804 0.1529
v -92.00 80.00 168.00 0.0863 0.1294 0.0706
v -92.00 80.00 226.00 0.0745 0.1176 0.0627
v -92.00 86.00 168.00 0.1608 0.2627 0.1333
v -92.00 86.00 226.00 0.1333 0.2353 0.1216
v -20.00 80.00 168.00 0.0667 0.0863 0.0588
v -20.00 80.00 226.00 0.0549 0.0784 0.0510
v -20.00 86.00 168.00 0.1059 0.1451 0.0941
v -20.00 86.00 226.00 0.0824 0.1255 0.0824
v -94.00 0.00 190.00 0.0314 0.0471 0.0471
v -94.00 0.00 212.00 0.0314 0.0471 0.0471
v -94.00 80.00 190.00 0.1137 0.2235 0.1569
v -94.00 80.00 212.00 0.0902 0.1843 0.1333
v -74.00 0.00 190.00 0.0314 0.0471 0.0471
v -74.00 0.00 212.00 0.0314 0.0471 0.0471
v -74.00 80.00 190.00 0.0706 0.1255 0.1020
v -74.00 80.00 212.00 0.0588 0.1137 0.0980
v -40.00 0.00 190.00 0.0314 0.0431 0.0431
v -40.00 0.00 212.00 0.0314 0.0431 0.0471
v -40.00 80.00 190.00 0.0745 0.1373 0.1137
v -40.00 80.00 212.00 0.0667 0.1255 0.1098
v -20.00 0.00 190.00 0.0314 0.0471 0.0471
v -20.00 0.00 212.00 0.0314 0.0431 0.0431
v -20.00 80.00 190.00 0.0627 0.0980 0.0941
v -20.00 80.00 212.00 0.0510 0.0941 0.0902
v -193.00 90.00 194.00 0.0275 0.0941 0.0784
v -200.50 90.00 206.99 0.0196 0.0549 0.0510
v -215.50 90.00 206.99 0.0157 0.0471 0.0392
v -223.00 90.00 194.00 0.0157 0.0431 0.0392
v -215.50 90.00 181.01 0.0157 0.0471 0.0431
v -200.50 90.00 181.01 0.0235 0.0706 0.0588
v -193.00 148.00 194.00 0.0431 0.1451 0.1176
v -200.50 148.00 206.99 0.0275 0.0824 0.0745
v -215.50 148.00 206.99 0.0196 0.0549 0.0471
v -223.00 148.00 194.00 0.0196 0.0549 0.0471
v -215.50 148.00 181.01 0.0235 0.0627 0.0549
v -200.50 148.00 181.01 0.0275 0.0745 0.0627
v -195.50 138.00 194.00 0.4078 0.9255 0.5176
v -201.75 138.00 204.83 0.4078 0.9255 0.5176
v -214.25 138.00 204.83 0.4078 0.9255 0.5176
v -220.50 138.00 194.00 0.4078 0.9255 0.5176
v -214.25 138.00 183.17 0.4078 0.9255 0.5176
v -201.75 138.00 183.17 0.4078 0.9255 0.5176
v -208.00 138.00 194.00 0.4078 0.9255 0.5176
v -224.00 148.00 178.00 0.0314 0.0549 0.0471
v -224.00 148.00 210.00 0.0235 0.0471 0.0392
v -224.00 156.00 178.00 0.0275 0.0510 0.0431
v -224.00 156.00 210.00 0.0235 0.0471 0.0392
v -192.00 148.00 178.00 0.0510 0.1059 0.0824
v -192.00 148.00 210.00 0.0392 0.0863 0.0706
v -192.00 156.00 178.00 0.0353 0.0706 0.0588
v -192.00 156.00 210.00 0.0314 0.0706 0.0588
v -157.00 90.00 194.00 0.0275 0.0902 0.0784
v -164.50 90.00 206.99 0.0196 0.0667 0.0588
v -179.50 90.00 206.99 0.0196 0.0588 0.0510
v -187.00 90.00 194.00 0.0196 0.0588 0.0510
v -179.50 90.00 181.01 0.0196 0.0627 0.0549
v -164.50 90.00 181.01 0.0275 0.0784 0.0627
v -157.00 148.00 194.00 0.0392 0.1333 0.1137
v -164.50 148.00 206.99 0.0314 0.1059 0.0941
v -179.50 148.00 206.99 0.0235 0.0745 0.0627
v -187.00 148.00 194.00 0.0235 0.0745 0.0627
v -179.50 148.00 181.01 0.0275 0.0784 0.0667
v -164.50 148.00 181.01 0.0314 0.0902 0.0784
v -159.50 138.00 194.00 0.4078 0.9255 0.5176
v -165.75 138.00 204.83 0.4078 0.9255 0.5176
v -178.25 138.00 204.83 0.4078 0.9255 0.5176
v -184.50 138.00 194.00 0.4078 0.9255 0.5176
v -178.25 138.00 183.17 0.4078 0.9255 0.5176
v -165.75 138.00 183.17 0.4078 0.9255 0.5176
v -172.00 138.00 194.00 0.4078 0.9255 0.5176
v -188.00 148.00 178.00 0.0353 0.0706 0.0588
v -188.00 148.00 210.00 0.0314 0.0667 0.0510
v -188.00 156.00 178.00 0.0353 0.0706 0.0549
v -188.00 156.00 210.00 0.0314 0.0627 0.0510
v -156.00 148.00 178.00 0.0510 0.1098 0.0863
v -156.00 148.00 210.00 0.0431 0.1020 0.0863
v -156.00 156.00 178.00 0.0392 0.0784 0.0667
v -156.00 156.00 210.00 0.0392 0.0863 0.0784
v -121.00 90.00 194.00 0.0196 0.0667 0.0588
v -128.50 90.00 206.99 0.0196 0.0667 0.0588
v -143.50 90.00 206.99 0.0235 0.0706 0.0588
v -151.00 90.00 194.00 0.0275 0.0902 0.0706
v -143.50 90.00 181.01 0.0235 0.0706 0.0627
v -128.50 90.00 181.01 0.0235 0.0667 0.0627
v -121.00 148.00 194.00 0.0314 0.0902 0.0824
v -128.50 148.00 206.99 0.0275 0.0941 0.0902
v -143.50 148.00 206.99 0.0275 0.0824 0.0745
v -151.00 148.00 194.00 0.0392 0.1255 0.0980
v -143.50 148.00 181.01 0.0353 0.1059 0.0863
v -128.50 148.00 181.01 0.0314 0.0902 0.0784
v -123.50 138.00 194.00 0.4078 0.9255 0.5176
v -129.75 138.00 204.83 0.4078 0.9255 0.5176
v -142.25 138.00 204.83 0.4078 0.9255 0.5176
v -148.50 138.00 194.00 0.4078 0.9255 0.5176
v -142.25 138.00 183.17 0.4078 0.9255 0.5176
v -129.75 138.00 183.17 0.4078 0.9255 0.5176
v -136.00 138.00 194.00 0.4078 0.9255 0.5176
v -152.00 148.00 178.00 0.0471 0.0980 0.0745
v -152.00 148.00 210.00 0.0353 0.0745 0.0588
v -152.00 156.00 178.00 0.0392 0.0784 0.0667
v -152.00 156.00 210.00 0.0353 0.0745 0.0627
v -120.00 148.00 178.00 0.0431 0.0824 0.0706
v -120.00 148.00 210.00 0.0353 0.0824 0.0745
v -120.00 156.00 178.00 0.0392 0.0784 0.0667
v -120.00 156.00 210.00 0.0431 0.0980 0.0941
v -32.00 86.00 196.00 0.0902 0.1569 0.1490
v -39.03 86.00 212.97 0.0745 0.1412 0.1294
v -56.00 86.00 220.00 0.0745 0.1412 0.1216
v -72.97 86.00 212.97 0.1137 0.2275 0.1765
v -80.00 86.00 196.00 0.1490 0.3059 0.2157
v -72.97 86.00 179.03 0.1255 0.2314 0.1765
v -56.00 86.00 172.00 0.1059 0.1804 0.1569
v -39.03 86.00 179.03 0.0980 0.1647 0.1490
v -32.00 112.00 196.00 0.1176 0.2078 0.1922
v -39.03 112.00 212.97 0.0980 0.1882 0.1725
v -56.00 112.00 220.00 0.0941 0.1843 0.1647
v -72.97 112.00 212.97 0.1412 0.2941 0.2314
v -80.00 112.00 196.00 0.2118 0.4510 0.3176
v -72.97 112.00 179.03 0.1843 0.3608 0.2627
v -56.00 112.00 172.00 0.1294 0.2196 0.1843
v -39.03 112.00 179.03 0.1294 0.2118 0.1882
v -56.00 118.00 196.00 0.0980 0.1882 0.1608
v -238.00 90.00 178.00 0.0706 0.1294 0.1098
v -238.00 90.00 208.00 0.0667 0.1255 0.1059
v -238.00 98.00 178.00 0.0980 0.1882 0.1529
v -238.00 98.00 208.00 0.0706 0.1333 0.1137
v -212.00 90.00 178.00 0.0863 0.1686 0.1373
v -212.00 90.00 208.00 0.0784 0.1608 0.1294
v -212.00 98.00 178.00 0.1529 0.3255 0.2392
v -212.00 98.00 208.00 0.1490 0.3294 0.2471
v -230.00 98.00 194.00 0.0784 0.1490 0.1255
v -230.00 98.00 204.00 0.0745 0.1451 0.1216
v -230.00 158.00 194.00 0.0941 0.1725 0.1490
v -230.00 158.00 204.00 0.0824 0.1569 0.1333
v -220.00 98.00 194.00 0.1451 0.3098 0.2275
v -220.00 98.00 204.00 0.1020 0.2196 0.1725
v -220.00 158.00 194.00 0.1333 0.2745 0.2118
v -220.00 158.00 204.00 0.1255 0.2745 0.2235
v -238.00 140.00 176.00 0.0235 0.0431 0.0392
v -238.00 140.00 200.00 0.0235 0.0431 0.0353
v -238.00 150.00 176.00 0.0275 0.0471 0.0392
v -238.00 150.00 200.00 0.0235 0.0431 0.0353
v -212.00 140.00 176.00 0.0471 0.0980 0.0706
v -212.00 140.00 200.00 0.0392 0.0784 0.0588
v -212.00 150.00 176.00 0.0314 0.0627 0.0510
v -212.00 150.00 200.00 0.0314 0.0627 0.0549
v 20.00 0.00 178.00 0.0157 0.0196 0.0235
v 20.00 0.00 226.00 0.0118 0.0196 0.0235
v 20.00 38.00 178.00 0.0235 0.0392 0.0431
v 20.00 38.00 226.00 0.0157 0.0314 0.0353
v 92.00 0.00 178.00 0.0157 0.0235 0.0235
v 92.00 0.00 226.00 0.0157 0.0196 0.0235
v 92.00 38.00 178.00 0.0235 0.0353 0.0392
v 92.00 38.00 226.00 0.0196 0.0314 0.0353
v 24.00 38.00 182.00 0.0157 0.0275 0.0314
v 24.00 38.00 222.00 0.0157 0.0275 0.0314
v 24.00 72.00 182.00 0.0314 0.0549 0.0588
v 24.00 72.00 222.00 0.0196 0.0392 0.0471
v 88.00 38.00 182.00 0.0157 0.0275 0.0314
v 88.00 38.00 222.00 0.0157 0.0275 0.0275
v 88.00 72.00 182.00 0.0314 0.0471 0.0510
v 88.00 72.00 222.00 0.0235 0.0431 0.0471
v 104.00 0.00 186.00 0.0275 0.0353 0.0314
v 104.00 0.00 226.00 0.0235 0.0353 0.0314
v 104.00 44.00 186.00 0.0510 0.0706 0.0627
v 104.00 44.00 226.00 0.0353 0.0549 0.0510
v 168.00 0.00 186.00 0.0275 0.0314 0.0314
v 168.00 0.00 226.00 0.0235 0.0314 0.0314
v 168.00 44.00 186.00 0.0431 0.0510 0.0471
v 168.00 44.00 226.00 0.0314 0.0392 0.0353
v -179.00 224.00 -230.00 0.0510 0.0431 0.0314
v -184.50 233.53 -230.00 0.0392 0.0353 0.0235
v -195.50 233.53 -230.00 0.0392 0.0353 0.0235
v -201.00 224.00 -230.00 0.0353 0.0314 0.0235
v -195.50 214.47 -230.00 0.0392 0.0353 0.0235
v -184.50 214.47 -230.00 0.0471 0.0431 0.0275
v -179.00 224.00 230.00 0.0627 0.0902 0.0588
v -184.50 233.53 230.00 0.0392 0.0510 0.0314
v -195.50 233.53 230.00 0.0392 0.0471 0.0314
v -201.00 224.00 230.00 0.0392 0.0510 0.0314
v -195.50 214.47 230.00 0.0549 0.0745 0.0392
v -184.50 214.47 230.00 0.0784 0.1176 0.0667
v 163.00 224.00 -230.00 0.0235 0.0235 0.0157
v 156.50 235.26 -230.00 0.0235 0.0235 0.0157
v 143.50 235.26 -230.00 0.0275 0.0235 0.0157
v 137.00 224.00 -230.00 0.0275 0.0235 0.0196
v 143.50 212.74 -230.00 0.0275 0.0235 0.0157
v 156.50 212.74 -230.00 0.0235 0.0235 0.0157
v 163.00 224.00 230.00 0.0549 0.0510 0.0353
v 156.50 235.26 230.00 0.0510 0.0510 0.0353
v 143.50 235.26 230.00 0.0510 0.0510 0.0353
v 137.00 224.00 230.00 0.0667 0.0745 0.0510
v 143.50 212.74 230.00 0.0667 0.0784 0.0549
v 156.50 212.74 230.00 0.0588 0.0549 0.0353
v 150.00 246.00 -40.00 0.0706 0.0627 0.0392
v 150.00 239.56 -24.44 0.0784 0.0706 0.0431
v 150.00 224.00 -18.00 0.0863 0.0745 0.0471
v 150.00 208.44 -24.44 0.0824 0.0745 0.0471
v 150.00 202.00 -40.00 0.0784 0.0706 0.0431
v 150.00 208.44 -55.56 0.0706 0.0627 0.0392
v 150.00 224.00 -62.00 0.0667 0.0588 0.0392
v 150.00 239.56 -55.56 0.0667 0.0588 0.0392
v 150.00 238.00 -40.00 0.0745 0.0627 0.0431
v 150.00 233.90 -30.10 0.0784 0.0667 0.0431
v 150.00 224.00 -26.00 0.0824 0.0706 0.0471
v 150.00 214.10 -30.10 0.0824 0.0706 0.0471
v 150.00 210.00 -40.00 0.0784 0.0667 0.0431
v 150.00 214.10 -49.90 0.0706 0.0627 0.0431
v 150.00 224.00 -54.00 0.0706 0.0588 0.0392
v 150.00 233.90 -49.90 0.0706 0.0588 0.0392
v -97.60 214.00 -47.60 0.0588 0.0784 0.0902
v -97.60 214.00 -44.40 0.0588 0.0784 0.0902
v -97.60 250.00 -47.60 0.0471 0.0627 0.0706
v -97.60 250.00 -44.40 0.0471 0.0627 0.0706
v -94.40 214.00 -47.60 0.0627 0.0863 0.0980
v -94.40 214.00 -44.40 0.0627 0.0863 0.0980
v -94.40 250.00 -47.60 0.0510 0.0667 0.0745
v -94.40 250.00 -44.40 0.0510 0.0667 0.0745
v -90.00 214.00 -46.00 0.0902 0.1333 0.1412
v -93.00 214.00 -40.80 0.0902 0.1333 0.1412
v -99.00 214.00 -40.80 0.0902 0.1294 0.1373
v -102.00 214.00 -46.00 0.0902 0.1294 0.1373
v -99.00 214.00 -51.20 0.0902 0.1294 0.1373
v -93.00 214.00 -51.20 0.0902 0.1333 0.1373
v -76.00 200.00 -46.00 0.0863 0.1333 0.1412
v -86.00 200.00 -28.68 0.0863 0.1333 0.1412
v -106.00 200.00 -28.68 0.0824 0.1255 0.1333
v -116.00 200.00 -46.00 0.0824 0.1255 0.1333
v -106.00 200.00 -63.32 0.0824 0.1255 0.1333
v -86.00 200.00 -63.32 0.0824 0.1294 0.1373
v -87.00 202.00 -46.00 0.7373 0.8392 0.7765
v -91.50 202.00 -38.21 0.7373 0.8392 0.7765
v -100.50 202.00 -38.21 0.7373 0.8392 0.7765
v -105.00 202.00 -46.00 0.7373 0.8392 0.7765
v -100.50 202.00 -53.79 0.7373 0.8392 0.7765
v -91.50 202.00 -53.79 0.7373 0.8392 0.7765
v -96.00 200.00 -46.00 0.7373 0.8392 0.7765
v 116.40 214.00 94.40 0.0510 0.0627 0.0706
v 116.40 214.00 97.60 0.0471 0.0667 0.0745
v 116.40 250.00 94.40 0.0431 0.0549 0.0588
v 116.40 250.00 97.60 0.0431 0.0549 0.0627
v 119.60 214.00 94.40 0.0471 0.0588 0.0667
v 119.60 214.00 97.60 0.0471 0.0588 0.0667
v 119.60 250.00 94.40 0.0392 0.0510 0.0549
v 119.60 250.00 97.60 0.0392 0.0510 0.0588
v 124.00 214.00 96.00 0.0706 0.0941 0.0980
v 121.00 214.00 101.20 0.0706 0.0980 0.1020
v 115.00 214.00 101.20 0.0706 0.1020 0.1059
v 112.00 214.00 96.00 0.0745 0.1020 0.1059
v 115.00 214.00 90.80 0.0745 0.0980 0.1020
v 121.00 214.00 90.80 0.0706 0.0941 0.0980
v 138.00 200.00 96.00 0.0627 0.0863 0.0902
v 128.00 200.00 113.32 0.0627 0.0902 0.0941
v 108.00 200.00 113.32 0.0667 0.0980 0.1020
v 98.00 200.00 96.00 0.0706 0.0980 0.1020
v 108.00 200.00 78.68 0.0706 0.0980 0.1020
v 128.00 200.00 78.68 0.0627 0.0902 0.0902
v 127.00 202.00 96.00 0.7373 0.8392 0.7765
v 122.50 202.00 103.79 0.7373 0.8392 0.7765
v 113.50 202.00 103.79 0.7373 0.8392 0.7765
v 109.00 202.00 96.00 0.7373 0.8392 0.7765
v 113.50 202.00 88.21 0.7373 0.8392 0.7765
v 122.50 202.00 88.21 0.7373 0.8392 0.7765
v 118.00 200.00 96.00 0.7373 0.8392 0.7765
v -41.60 214.00 148.40 0.0392 0.0588 0.0667
v -41.60 214.00 151.60 0.0314 0.0588 0.0667
v -41.60 250.00 148.40 0.0353 0.0510 0.0549
v -41.60 250.00 151.60 0.0275 0.0431 0.0549
v -38.40 214.00 148.40 0.0431 0.0627 0.0745
v -38.40 214.00 151.60 0.0353 0.0588 0.0667
v -38.40 250.00 148.40 0.0431 0.0588 0.0627
v -38.40 250.00 151.60 0.0314 0.0510 0.0588
v -34.00 214.00 150.00 0.0588 0.0941 0.0980
v -37.00 214.00 155.20 0.0431 0.0784 0.0824
v -43.00 214.00 155.20 0.0431 0.0784 0.0863
v -46.00 214.00 150.00 0.0510 0.0824 0.0863
v -43.00 214.00 144.80 0.0588 0.0941 0.0980
v -37.00 214.00 144.80 0.0627 0.0941 0.1020
v -20.00 200.00 150.00 0.0667 0.1020 0.1098
v -30.00 200.00 167.32 0.0471 0.0863 0.0941
v -50.00 200.00 167.32 0.0471 0.0863 0.0902
v -60.00 200.00 150.00 0.0510 0.0902 0.0902
v -50.00 200.00 132.68 0.0627 0.1020 0.1059
v -30.00 200.00 132.68 0.0706 0.1059 0.1098
v -268.00 0.00 -227.00 0.0235 0.0353 0.0353
v -268.00 107.00 -227.00 0.0314 0.0431 0.0431
v -268.00 214.00 -227.00 0.0392 0.0549 0.0510
v -193.00 0.00 -227.00 0.0275 0.0431 0.0392
v -193.00 107.00 -227.00 0.0510 0.0745 0.0706
v -193.00 214.00 -227.00 0.0667 0.0824 0.0745
v -118.00 0.00 -227.00 0.0353 0.0588 0.0549
v -118.00 107.00 -227.00 0.0706 0.1137 0.1059
v -118.00 214.00 -227.00 0.0863 0.1176 0.1059
v -270.00 212.00 -229.00 0.0196 0.0235 0.0275
v -270.00 212.00 -225.00 0.0235 0.0275 0.0314
v -270.00 218.00 -229.00 0.0196 0.0235 0.0275
v -270.00 218.00 -225.00 0.0235 0.0275 0.0314
v -116.00 212.00 -229.00 0.0275 0.0353 0.0392
v -116.00 212.00 -225.00 0.0431 0.0549 0.0588
v -116.00 218.00 -229.00 0.0275 0.0353 0.0392
v -116.00 218.00 -225.00 0.0471 0.0588 0.0627
v -250.00 9.40 62.00 0.0118 0.0196 0.0235
v -253.46 4.30 62.00 0.0118 0.0157 0.0196
v -246.54 4.30 62.00 0.0118 0.0157 0.0196
v -262.00 93.40 40.00 0.0235 0.0314 0.0392
v -265.46 88.30 40.00 0.0235 0.0314 0.0353
v -258.54 88.30 40.00 0.0235 0.0314 0.0353
v -264.00 217.40 20.00 0.0353 0.0431 0.0510
v -267.46 212.30 20.00 0.0392 0.0471 0.0510
v -260.54 212.30 20.00 0.0314 0.0392 0.0471
v -180.00 223.40 -30.00 0.0392 0.0588 0.0667
v -183.46 218.30 -30.00 0.0510 0.0706 0.0784
v -176.54 218.30 -30.00 0.0392 0.0549 0.0667
v -70.00 223.40 -60.00 0.0549 0.0824 0.0941
v -73.46 218.30 -60.00 0.0824 0.1137 0.1294
v -66.54 218.30 -60.00 0.0588 0.0902 0.1059
v 154.00 1.00 159.00 0.0235 0.0314 0.0353
v 186.00 1.00 159.00 0.0196 0.0275 0.0314
v 186.00 1.00 177.00 0.0196 0.0275 0.0314
v 154.00 1.00 177.00 0.0235 0.0314 0.0314
v 24.00 1.00 101.00 0.0275 0.0392 0.0431
v 56.00 1.00 101.00 0.0275 0.0353 0.0392
v 56.00 1.00 119.00 0.0235 0.0353 0.0392
v 24.00 1.00 119.00 0.0235 0.0353 0.0392
v -136.00 1.00 39.00 0.0392 0.0667 0.0745
v -104.00 1.00 39.00 0.0431 0.0784 0.0863
v -104.00 1.00 57.00 0.0392 0.0667 0.0745
v -136.00 1.00 57.00 0.0353 0.0588 0.0627
v -246.00 1.00 51.00 0.0196 0.0275 0.0314
v -214.00 1.00 51.00 0.0235 0.0353 0.0392
v -214.00 1.00 69.00 0.0196 0.0314 0.0353
v -246.00 1.00 69.00 0.0196 0.0235 0.0275
v -277.00 118.00 148.00 0.9333 0.7294 0.2745
v -277.00 118.00 188.00 0.9333 0.7294 0.2745
v -277.00 131.00 148.00 0.9333 0.7294 0.2745
v -277.00 131.00 188.00 0.9333 0.7294 0.2745
v -273.00 118.00 148.00 0.9333 0.7294 0.2745
v -273.00 118.00 188.00 0.9333 0.7294 0.2745
v -273.00 131.00 148.00 0.9333 0.7294 0.2745
v -273.00 131.00 188.00 0.9333 0.7294 0.2745
v 24.00 148.00 -80.00 0.9333 0.7294 0.2745
v 24.00 148.00 -40.00 0.9333 0.7294 0.2745
v 24.00 161.00 -80.00 0.9333 0.7294 0.2745
v 24.00 161.00 -40.00 0.9333 0.7294 0.2745
v 28.00 148.00 -80.00 0.9333 0.7294 0.2745
v 28.00 148.00 -40.00 0.9333 0.7294 0.2745
v 28.00 161.00 -80.00 0.9333 0.7294 0.2745
v 28.00 161.00 -40.00 0.9333 0.7294 0.2745
v 273.00 128.00 -190.00 0.9333 0.7294 0.2745
v 273.00 128.00 -150.00 0.9333 0.7294 0.2745
v 273.00 141.00 -190.00 0.9333 0.7294 0.2745
v 273.00 141.00 -150.00 0.9333 0.7294 0.2745
v 277.00 128.00 -190.00 0.9333 0.7294 0.2745
v 277.00 128.00 -150.00 0.9333 0.7294 0.2745
v 277.00 141.00 -190.00 0.9333 0.7294 0.2745
v 277.00 141.00 -150.00 0.9333 0.7294 0.2745
v 232.00 0.00 -218.00 0.0235 0.0275 0.0275
v 232.00 0.00 -156.00 0.0235 0.0275 0.0275
v 232.00 90.00 -218.00 0.0235 0.0275 0.0275
v 232.00 90.00 -156.00 0.0235 0.0314 0.0275
v 264.00 0.00 -218.00 0.0235 0.0275 0.0275
v 264.00 0.00 -156.00 0.0235 0.0275 0.0275
v 264.00 90.00 -218.00 0.0235 0.0275 0.0275
v 264.00 90.00 -156.00 0.0235 0.0314 0.0275
v 271.00 138.00 -128.00 0.0196 0.0314 0.0314
v 271.00 138.00 -74.00 0.0314 0.0667 0.0588
v 271.00 178.00 -128.00 0.0196 0.0275 0.0314
v 271.00 178.00 -74.00 0.0275 0.0510 0.0471
v 278.00 138.00 -128.00 0.0157 0.0275 0.0314
v 278.00 138.00 -74.00 0.0235 0.0431 0.0392
v 278.00 178.00 -128.00 0.0157 0.0275 0.0314
v 278.00 178.00 -74.00 0.0235 0.0392 0.0392
v 268.00 166.00 -120.00 0.9333 0.7294 0.2745
v 268.00 166.00 -82.00 0.9333 0.7294 0.2745
v 268.00 172.00 -120.00 0.9333 0.7294 0.2745
v 268.00 172.00 -82.00 0.9333 0.7294 0.2745
v 271.00 166.00 -120.00 0.9333 0.7294 0.2745
v 271.00 166.00 -82.00 0.9333 0.7294 0.2745
v 271.00 172.00 -120.00 0.9333 0.7294 0.2745
v 271.00 172.00 -82.00 0.9333 0.7294 0.2745
v -150.00 0.70 60.00 0.0078 0.0275 0.0314
v -40.00 0.70 60.00 0.0118 0.0314 0.0353
v -40.00 0.70 150.00 0.0039 0.0157 0.0196
v -150.00 0.70 150.00 0.0078 0.0196 0.0196
v 70.00 0.70 -60.00 0.0078 0.0235 0.0275
v 190.00 0.70 -60.00 0.0039 0.0157 0.0157
v 190.00 0.70 30.00 0.0078 0.0235 0.0235
v 70.00 0.70 30.00 0.0078 0.0196 0.0235
v -230.00 0.70 -80.00 0.0078 0.0196 0.0235
v -150.00 0.70 -80.00 0.0118 0.0392 0.0510
v -150.00 0.70 -10.00 0.0118 0.0392 0.0471
v -230.00 0.70 -10.00 0.0078 0.0196 0.0235
v -230.00 1.40 40.00 1.0000 1.0000 1.0000
v -230.00 1.40 130.00 1.0000 1.0000 1.0000
v -230.00 1.40 220.00 1.0000 1.0000 1.0000
v -90.00 1.40 40.00 1.0000 1.0000 1.0000
v -90.00 1.40 130.00 1.0000 1.0000 1.0000
v -90.00 1.40 220.00 1.0000 1.0000 1.0000
v 50.00 1.40 40.00 1.0000 1.0000 1.0000
v 50.00 1.40 130.00 1.0000 1.0000 1.0000
v 50.00 1.40 220.00 1.0000 1.0000 1.0000
v 190.00 1.40 40.00 1.0000 1.0000 1.0000
v 190.00 1.40 130.00 1.0000 1.0000 1.0000
v 190.00 1.40 220.00 1.0000 1.0000 1.0000
v -620.00 0.00 12.00 0.3647 0.3137 0.2078
v -620.00 0.00 128.00 0.3647 0.3137 0.2078
v -506.67 0.00 12.00 0.1451 0.1451 0.1216
v -506.67 0.00 128.00 0.1451 0.1451 0.1216
v -393.33 0.00 12.00 0.0588 0.0824 0.0863
v -393.33 0.00 128.00 0.0588 0.0824 0.0863
v -280.00 0.00 12.00 0.0667 0.0941 0.1020
v -280.00 0.00 128.00 0.0588 0.0824 0.0863
v -620.00 205.00 12.00 0.3804 0.3373 0.2353
v -620.00 205.00 128.00 0.3804 0.3373 0.2353
v -506.67 205.00 12.00 0.1804 0.1922 0.1608
v -506.67 205.00 128.00 0.1804 0.1922 0.1608
v -393.33 205.00 12.00 0.1294 0.1608 0.1608
v -393.33 205.00 128.00 0.1255 0.1608 0.1608
v -280.00 205.00 12.00 0.1804 0.2235 0.2196
v -280.00 205.00 128.00 0.1647 0.2196 0.2118
v -620.00 0.00 12.00 0.2863 0.2549 0.1765
v -620.00 102.50 12.00 0.5843 0.4902 0.3059
v -620.00 205.00 12.00 0.3176 0.3020 0.2275
v -506.67 0.00 12.00 0.1255 0.1333 0.1137
v -506.67 102.50 12.00 0.2000 0.1961 0.1608
v -506.67 205.00 12.00 0.1882 0.2039 0.1843
v -393.33 0.00 12.00 0.0588 0.0784 0.0863
v -393.33 102.50 12.00 0.1137 0.1412 0.1451
v -393.33 205.00 12.00 0.1686 0.2118 0.2078
v -280.00 0.00 12.00 0.0627 0.0863 0.0941
v -280.00 102.50 12.00 0.1451 0.1882 0.1882
v -280.00 205.00 12.00 0.2353 0.2863 0.2745
v -620.00 0.00 128.00 0.2863 0.2549 0.1765
v -620.00 102.50 128.00 0.5843 0.4902 0.3059
v -620.00 205.00 128.00 0.3176 0.3020 0.2275
v -506.67 0.00 128.00 0.1255 0.1333 0.1137
v -506.67 102.50 128.00 0.2000 0.1961 0.1608
v -506.67 205.00 128.00 0.1882 0.2039 0.1843
v -393.33 0.00 128.00 0.0588 0.0784 0.0863
v -393.33 102.50 128.00 0.1137 0.1412 0.1412
v -393.33 205.00 128.00 0.1686 0.2078 0.2039
v -280.00 0.00 128.00 0.0588 0.0784 0.0863
v -280.00 102.50 128.00 0.1451 0.1961 0.1843
v -280.00 205.00 128.00 0.2275 0.2902 0.2745
v -620.00 0.00 12.00 0.1765 0.1686 0.1333
v -620.00 102.50 12.00 0.2745 0.2549 0.1882
v -620.00 205.00 12.00 0.2235 0.2314 0.1922
v -620.00 0.00 18.00 0.1804 0.1725 0.1333
v -620.00 102.50 18.00 0.2863 0.2627 0.1922
v -620.00 205.00 18.00 0.2353 0.2392 0.2000
v -620.00 0.00 122.00 0.1804 0.1725 0.1333
v -620.00 102.50 122.00 0.2863 0.2627 0.1922
v -620.00 205.00 122.00 0.2353 0.2392 0.2000
v -620.00 0.00 128.00 0.1765 0.1686 0.1333
v -620.00 102.50 128.00 0.2745 0.2549 0.1882
v -620.00 205.00 128.00 0.2235 0.2314 0.1922
v -620.00 0.00 18.00 0.1804 0.1725 0.1333
v -620.00 46.00 18.00 0.2353 0.2157 0.1569
v -620.00 0.00 122.00 0.1804 0.1725 0.1333
v -620.00 46.00 122.00 0.2353 0.2157 0.1569
v -620.00 150.00 18.00 0.2863 0.2745 0.2118
v -620.00 205.00 18.00 0.2353 0.2392 0.2000
v -620.00 150.00 122.00 0.2863 0.2745 0.2118
v -620.00 205.00 122.00 0.2353 0.2392 0.2000
v -364.00 196.00 61.00 0.0471 0.0627 0.0667
v -364.00 196.00 79.00 0.0471 0.0588 0.0627
v -364.00 205.00 61.00 0.0431 0.0588 0.0627
v -364.00 205.00 79.00 0.0431 0.0588 0.0627
v -296.00 196.00 61.00 0.0549 0.0706 0.0745
v -296.00 196.00 79.00 0.0588 0.0784 0.0784
v -296.00 205.00 61.00 0.0549 0.0745 0.0745
v -296.00 205.00 79.00 0.0510 0.0667 0.0667
v -358.00 194.00 65.00 0.7373 0.8392 0.7765
v -358.00 194.00 75.00 0.7373 0.8392 0.7765
v -358.00 196.00 65.00 0.7373 0.8392 0.7765
v -358.00 196.00 75.00 0.7373 0.8392 0.7765
v -302.00 194.00 65.00 0.7373 0.8392 0.7765
v -302.00 194.00 75.00 0.7373 0.8392 0.7765
v -302.00 196.00 65.00 0.7373 0.8392 0.7765
v -302.00 196.00 75.00 0.7373 0.8392 0.7765
v -594.00 196.00 61.00 0.1176 0.1137 0.0863
v -594.00 196.00 79.00 0.1059 0.1020 0.0784
v -594.00 205.00 61.00 0.0627 0.0667 0.0588
v -594.00 205.00 79.00 0.0627 0.0667 0.0588
v -526.00 196.00 61.00 0.0627 0.0667 0.0588
v -526.00 196.00 79.00 0.0745 0.0784 0.0706
v -526.00 205.00 61.00 0.0471 0.0549 0.0549
v -526.00 205.00 79.00 0.0471 0.0549 0.0549
v -588.00 194.00 65.00 0.0784 0.0745 0.0549
v -588.00 194.00 75.00 0.0784 0.0745 0.0549
v -588.00 196.00 65.00 0.0392 0.0431 0.0353
v -588.00 196.00 75.00 0.0392 0.0431 0.0353
v -532.00 194.00 65.00 0.0510 0.0549 0.0471
v -532.00 194.00 75.00 0.0510 0.0549 0.0471
v -532.00 196.00 65.00 0.0314 0.0353 0.0314
v -532.00 196.00 75.00 0.0314 0.0353 0.0314
v -282.00 155.10 18.00 0.0314 0.0392 0.0431
v -287.20 147.45 18.00 0.0314 0.0392 0.0431
v -276.80 147.45 18.00 0.0392 0.0471 0.0549
v -380.00 161.10 16.00 0.0353 0.0431 0.0471
v -385.20 153.45 16.00 0.0196 0.0275 0.0314
v -374.80 153.45 16.00 0.0235 0.0275 0.0314
v -500.00 155.10 17.00 0.0275 0.0275 0.0275
v -505.20 147.45 17.00 0.0392 0.0392 0.0392
v -494.80 147.45 17.00 0.0235 0.0275 0.0275
v -612.00 145.10 22.00 0.0471 0.0471 0.0392
v -617.20 137.45 22.00 0.0980 0.0824 0.0627
v -606.80 137.45 22.00 0.0471 0.0471 0.0392
v -282.00 7.40 120.00 0.0118 0.0157 0.0196
v -285.46 2.30 120.00 0.0118 0.0157 0.0196
v -278.54 2.30 120.00 0.0118 0.0157 0.0196
v -400.00 6.40 118.00 0.0118 0.0157 0.0196
v -403.46 1.30 118.00 0.0118 0.0157 0.0196
v -396.54 1.30 118.00 0.0118 0.0157 0.0196
v -610.00 6.40 116.00 0.0353 0.0314 0.0275
v -613.46 1.30 116.00 0.0510 0.0471 0.0353
v -606.54 1.30 116.00 0.0353 0.0314 0.0275
v -338.00 142.00 12.00 0.0314 0.0392 0.0431
v -338.00 142.00 15.00 0.0549 0.0667 0.0667
v -338.00 160.00 12.00 0.0353 0.0431 0.0471
v -338.00 160.00 15.00 0.0667 0.0784 0.0784
v -322.00 142.00 12.00 0.0392 0.0471 0.0471
v -322.00 142.00 15.00 0.0510 0.0588 0.0627
v -322.00 160.00 12.00 0.0392 0.0471 0.0510
v -322.00 160.00 15.00 0.0706 0.0824 0.0824
v -438.00 142.00 12.00 0.0235 0.0314 0.0314
v -438.00 142.00 15.00 0.0314 0.0392 0.0392
v -438.00 160.00 12.00 0.0275 0.0314 0.0314
v -438.00 160.00 15.00 0.0353 0.0392 0.0392
v -422.00 142.00 12.00 0.0235 0.0314 0.0314
v -422.00 142.00 15.00 0.0314 0.0392 0.0392
v -422.00 160.00 12.00 0.0275 0.0314 0.0314
v -422.00 160.00 15.00 0.0353 0.0431 0.0471
v -538.00 142.00 12.00 0.0471 0.0471 0.0392
v -538.00 142.00 15.00 0.0784 0.0745 0.0627
v -538.00 160.00 12.00 0.0431 0.0471 0.0392
v -538.00 160.00 15.00 0.0863 0.0824 0.0706
v -522.00 142.00 12.00 0.0392 0.0431 0.0392
v -522.00 142.00 15.00 0.0549 0.0549 0.0471
v -522.00 160.00 12.00 0.0392 0.0431 0.0392
v -522.00 160.00 15.00 0.0549 0.0588 0.0510
v -300.00 150.00 22.00 0.9333 0.7294 0.2745
v -300.00 150.00 64.00 0.9333 0.7294 0.2745
v -300.00 172.00 22.00 0.9333 0.7294 0.2745
v -300.00 172.00 64.00 0.9333 0.7294 0.2745
v -297.00 150.00 22.00 0.9333 0.7294 0.2745
v -297.00 150.00 64.00 0.9333 0.7294 0.2745
v -297.00 172.00 22.00 0.9333 0.7294 0.2745
v -297.00 172.00 64.00 0.9333 0.7294 0.2745
v -470.00 154.00 14.00 0.9333 0.7294 0.2745
v -470.00 154.00 52.00 0.9333 0.7294 0.2745
v -470.00 170.00 14.00 0.9333 0.7294 0.2745
v -470.00 170.00 52.00 0.9333 0.7294 0.2745
v -469.00 154.00 14.00 0.9333 0.7294 0.2745
v -469.00 154.00 52.00 0.9333 0.7294 0.2745
v -469.00 170.00 14.00 0.9333 0.7294 0.2745
v -469.00 170.00 52.00 0.9333 0.7294 0.2745
v -360.00 0.70 26.00 0.0039 0.0118 0.0118
v -300.00 0.70 26.00 0.0039 0.0118 0.0118
v -300.00 0.70 112.00 0.0039 0.0118 0.0118
v -360.00 0.70 112.00 0.0039 0.0118 0.0118
v -540.00 0.70 26.00 0.0157 0.0235 0.0196
v -470.00 0.70 26.00 0.0078 0.0157 0.0157
v -470.00 0.70 112.00 0.0078 0.0157 0.0157
v -540.00 0.70 112.00 0.0157 0.0235 0.0196
v -619.00 174.00 70.00 0.2078 0.2157 0.1765
v -619.00 151.74 123.74 0.1725 0.1725 0.1412
v -619.00 98.00 146.00 0.1490 0.1451 0.1098
v -619.00 44.26 123.74 0.1412 0.1333 0.1020
v -619.00 22.00 70.00 0.1412 0.1333 0.1020
v -619.00 44.26 16.26 0.1412 0.1333 0.1020
v -619.00 98.00 -6.00 0.1490 0.1451 0.1098
v -619.00 151.74 16.26 0.1725 0.1725 0.1412
v -619.00 150.00 70.00 0.0980 0.1020 0.0824
v -619.00 134.77 106.77 0.0902 0.0902 0.0745
v -619.00 98.00 122.00 0.0824 0.0784 0.0627
v -619.00 61.23 106.77 0.0784 0.0745 0.0588
v -619.00 46.00 70.00 0.0745 0.0745 0.0549
v -619.00 61.23 33.23 0.0784 0.0745 0.0588
v -619.00 98.00 18.00 0.0824 0.0784 0.0627
v -619.00 134.77 33.23 0.0902 0.0902 0.0745
v -617.00 159.00 70.00 0.9333 0.7294 0.2745
v -617.00 141.13 113.13 0.9333 0.7294 0.2745
v -617.00 98.00 131.00 0.9333 0.7294 0.2745
v -617.00 54.87 113.13 0.9333 0.7294 0.2745
v -617.00 37.00 70.00 0.9333 0.7294 0.2745
v -617.00 54.87 26.87 0.9333 0.7294 0.2745
v -617.00 98.00 9.00 0.9333 0.7294 0.2745
v -617.00 141.13 26.87 0.9333 0.7294 0.2745
v -617.00 152.00 70.00 0.9333 0.7294 0.2745
v -617.00 136.18 108.18 0.9333 0.7294 0.2745
v -617.00 98.00 124.00 0.9333 0.7294 0.2745
v -617.00 59.82 108.18 0.9333 0.7294 0.2745
v -617.00 44.00 70.00 0.9333 0.7294 0.2745
v -617.00 59.82 31.82 0.9333 0.7294 0.2745
v -617.00 98.00 16.00 0.9333 0.7294 0.2745
v -617.00 136.18 31.82 0.9333 0.7294 0.2745
v -621.00 156.90 92.64 0.1725 0.1647 0.1294
v -621.00 156.90 98.64 0.1686 0.1647 0.1255
v -621.00 162.90 92.64 0.1647 0.1608 0.1255
v -621.00 162.90 98.64 0.1647 0.1608 0.1255
v -616.00 156.90 92.64 0.2039 0.2078 0.1686
v -616.00 156.90 98.64 0.2000 0.2000 0.1608
v -616.00 162.90 92.64 0.2039 0.2078 0.1686
v -616.00 162.90 98.64 0.1961 0.2000 0.1647
v -621.00 120.64 128.90 0.1608 0.1529 0.1176
v -621.00 120.64 134.90 0.1529 0.1490 0.1137
v -621.00 126.64 128.90 0.1608 0.1529 0.1176
v -621.00 126.64 134.90 0.1529 0.1490 0.1137
v -616.00 120.64 128.90 0.1686 0.1647 0.1294
v -616.00 120.64 134.90 0.1608 0.1608 0.1255
v -616.00 126.64 128.90 0.1686 0.1647 0.1294
v -616.00 126.64 134.90 0.1608 0.1608 0.1255
v -621.00 69.36 128.90 0.1529 0.1451 0.1098
v -621.00 69.36 134.90 0.1451 0.1412 0.1059
v -621.00 75.36 128.90 0.1529 0.1451 0.1098
v -621.00 75.36 134.90 0.1490 0.1412 0.1059
v -616.00 69.36 128.90 0.1529 0.1451 0.1098
v -616.00 69.36 134.90 0.1451 0.1412 0.1059
v -616.00 75.36 128.90 0.1569 0.1490 0.1137
v -616.00 75.36 134.90 0.1490 0.1451 0.1098
v -621.00 33.10 92.64 0.1451 0.1412 0.1059
v -621.00 33.10 98.64 0.1451 0.1373 0.1020
v -621.00 39.10 92.64 0.1529 0.1451 0.1059
v -621.00 39.10 98.64 0.1490 0.1412 0.1059
v -616.00 33.10 92.64 0.1451 0.1373 0.1059
v -616.00 33.10 98.64 0.1412 0.1373 0.1020
v -616.00 39.10 92.64 0.1490 0.1412 0.1059
v -616.00 39.10 98.64 0.1490 0.1412 0.1059
v -621.00 33.10 41.36 0.1451 0.1373 0.1020
v -621.00 33.10 47.36 0.1451 0.1412 0.1059
v -621.00 39.10 41.36 0.1490 0.1412 0.1059
v -621.00 39.10 47.36 0.1529 0.1451 0.1059
v -616.00 33.10 41.36 0.1412 0.1373 0.1020
v -616.00 33.10 47.36 0.1451 0.1373 0.1059
v -616.00 39.10 41.36 0.1490 0.1412 0.1059
v -616.00 39.10 47.36 0.1490 0.1412 0.1059
v -621.00 69.36 5.10 0.1451 0.1412 0.1059
v -621.00 69.36 11.10 0.1529 0.1451 0.1098
v -621.00 75.36 5.10 0.1490 0.1412 0.1059
v -621.00 75.36 11.10 0.1529 0.1451 0.1098
v -616.00 69.36 5.10 0.1451 0.1412 0.1059
v -616.00 69.36 11.10 0.1529 0.1451 0.1098
v -616.00 75.36 5.10 0.1490 0.1451 0.1098
v -616.00 75.36 11.10 0.1569 0.1490 0.1137
v -621.00 120.64 5.10 0.1529 0.1490 0.1137
v -621.00 120.64 11.10 0.1608 0.1529 0.1176
v -621.00 126.64 5.10 0.1529 0.1490 0.1137
v -621.00 126.64 11.10 0.1608 0.1529 0.1176
v -616.00 120.64 5.10 0.1608 0.1608 0.1255
v -616.00 120.64 11.10 0.1686 0.1647 0.1294
v -616.00 126.64 5.10 0.1608 0.1608 0.1255
v -616.00 126.64 11.10 0.1686 0.1647 0.1294
v -621.00 156.90 41.36 0.1686 0.1647 0.1255
v -621.00 156.90 47.36 0.1725 0.1647 0.1294
v -621.00 162.90 41.36 0.1647 0.1608 0.1255
v -621.00 162.90 47.36 0.1647 0.1608 0.1255
v -616.00 156.90 41.36 0.2000 0.2000 0.1608
v -616.00 156.90 47.36 0.2039 0.2078 0.1686
v -616.00 162.90 41.36 0.1961 0.2000 0.1647
v -616.00 162.90 47.36 0.2039 0.2078 0.1686
v -620.00 150.00 70.00 0.0941 0.0941 0.0745
v -620.00 134.77 106.77 0.0824 0.0784 0.0627
v -620.00 98.00 122.00 0.0784 0.0745 0.0588
v -620.00 61.23 106.77 0.0745 0.0745 0.0549
v -620.00 46.00 70.00 0.0745 0.0745 0.0549
v -620.00 61.23 33.23 0.0745 0.0745 0.0549
v -620.00 98.00 18.00 0.0784 0.0745 0.0588
v -620.00 134.77 33.23 0.0824 0.0824 0.0667
v -664.00 147.00 70.00 0.0549 0.0510 0.0392
v -664.00 132.65 104.65 0.0510 0.0471 0.0353
v -664.00 98.00 119.00 0.0510 0.0471 0.0353
v -664.00 63.35 104.65 0.0510 0.0471 0.0353
v -664.00 49.00 70.00 0.0510 0.0471 0.0314
v -664.00 63.35 35.35 0.0510 0.0471 0.0353
v -664.00 98.00 21.00 0.0510 0.0471 0.0353
v -664.00 132.65 35.35 0.0510 0.0471 0.0353
v -694.00 144.00 70.00 0.0824 0.0784 0.0588
v -694.00 130.53 102.53 0.0784 0.0784 0.0588
v -694.00 98.00 116.00 0.0784 0.0745 0.0549
v -694.00 65.47 102.53 0.0784 0.0745 0.0549
v -694.00 52.00 70.00 0.0784 0.0745 0.0549
v -694.00 65.47 37.47 0.0784 0.0745 0.0549
v -694.00 98.00 24.00 0.0784 0.0745 0.0549
v -694.00 130.53 37.47 0.0784 0.0784 0.0588
v -696.00 144.00 70.00 0.3922 0.2431 0.0431
v -696.00 130.53 102.53 0.3882 0.2392 0.0431
v -696.00 98.00 116.00 0.3843 0.2353 0.0392
v -696.00 65.47 102.53 0.3843 0.2353 0.0392
v -696.00 52.00 70.00 0.3843 0.2353 0.0392
v -696.00 65.47 37.47 0.3843 0.2353 0.0392
v -696.00 98.00 24.00 0.3843 0.2353 0.0392
v -696.00 130.53 37.47 0.3882 0.2392 0.0431
v -696.00 130.00 70.00 0.4627 0.2824 0.0471
v -696.00 120.63 92.63 0.4627 0.2824 0.0471
v -696.00 98.00 102.00 0.4588 0.2784 0.0471
v -696.00 75.37 92.63 0.4549 0.2745 0.0471
v -696.00 66.00 70.00 0.4549 0.2745 0.0471
v -696.00 75.37 47.37 0.4549 0.2745 0.0471
v -696.00 98.00 38.00 0.4588 0.2784 0.0471
v -696.00 120.63 47.37 0.4627 0.2824 0.0471
v -700.00 130.00 70.00 0.9725 0.7294 0.3765
v -700.00 120.63 92.63 0.9725 0.7294 0.3765
v -700.00 98.00 102.00 0.9725 0.7294 0.3765
v -700.00 75.37 92.63 0.9725 0.7294 0.3765
v -700.00 66.00 70.00 0.9725 0.7294 0.3765
v -700.00 75.37 47.37 0.9725 0.7294 0.3765
v -700.00 98.00 38.00 0.9725 0.7294 0.3765
v -700.00 120.63 47.37 0.9725 0.7294 0.3765
v -704.00 98.00 70.00 0.9725 0.7294 0.3765
v -706.00 72.00 58.00 0.0471 0.0431 0.0314
v -706.00 72.00 82.00 0.0471 0.0431 0.0314
v -706.00 102.00 58.00 0.0510 0.0471 0.0353
v -706.00 102.00 82.00 0.0510 0.0471 0.0353
v -702.00 72.00 58.00 0.1137 0.0941 0.0588
v -702.00 72.00 82.00 0.1137 0.0941 0.0588
v -702.00 102.00 58.00 0.1294 0.1098 0.0667
v -702.00 102.00 82.00 0.1294 0.1098 0.0667
v -703.00 104.00 50.00 0.0510 0.0471 0.0353
v -703.00 104.00 90.00 0.0510 0.0471 0.0353
v -703.00 108.00 50.00 0.0510 0.0471 0.0353
v -703.00 108.00 90.00 0.0510 0.0471 0.0353
v -701.00 104.00 50.00 0.1216 0.1020 0.0627
v -701.00 104.00 90.00 0.1216 0.1020 0.0627
v -701.00 108.00 50.00 0.1216 0.1020 0.0627
v -701.00 108.00 90.00 0.1216 0.1020 0.0627
v -640.00 72.25 70.00 0.0627 0.0549 0.0431
v -644.33 65.88 70.00 0.0588 0.0510 0.0392
v -635.67 65.88 70.00 0.0588 0.0510 0.0392
v -600.00 44.25 90.00 0.0431 0.0392 0.0353
v -604.33 37.88 90.00 0.0431 0.0392 0.0314
v -595.67 37.88 90.00 0.0431 0.0392 0.0314
v -530.00 8.25 104.00 0.0235 0.0235 0.0235
v -534.33 1.88 104.00 0.0235 0.0235 0.0235
v -525.67 1.88 104.00 0.0275 0.0275 0.0235
v -430.00 8.25 82.00 0.0118 0.0157 0.0196
v -434.33 1.88 82.00 0.0118 0.0157 0.0196
v -425.67 1.88 82.00 0.0118 0.0157 0.0196
vt 0.00000 1.00000
vt 0.00000 0.17857
vt 0.00000 -0.64286
vt 0.00000 -1.46429
vt 0.00000 -2.28571
vt 0.80000 1.00000
vt 0.80000 0.17857
vt 0.80000 -0.64286
vt 0.80000 -1.46429
vt 0.80000 -2.28571
vt 1.60000 1.00000
vt 1.60000 0.17857
vt 1.60000 -0.64286
vt 1.60000 -1.46429
vt 1.60000 -2.28571
vt 2.40000 1.00000
vt 2.40000 0.17857
vt 2.40000 -0.64286
vt 2.40000 -1.46429
vt 2.40000 -2.28571
vt 3.20000 1.00000
vt 3.20000 0.17857
vt 3.20000 -0.64286
vt 3.20000 -1.46429
vt 3.20000 -2.28571
vt 4.00000 1.00000
vt 4.00000 0.17857
vt 4.00000 -0.64286
vt 4.00000 -1.46429
vt 4.00000 -2.28571
vt 0.00000 1.00000
vt 0.00000 0.04167
vt 0.00000 -0.91667
vt 0.00000 -1.87500
vt 0.87500 1.00000
vt 0.87500 0.04167
vt 0.87500 -0.91667
vt 0.87500 -1.87500
vt 1.75000 1.00000
vt 1.75000 0.04167
vt 1.75000 -0.91667
vt 1.75000 -1.87500
vt 2.62500 1.00000
vt 2.62500 0.04167
vt 2.62500 -0.91667
vt 2.62500 -1.87500
vt 3.50000 1.00000
vt 3.50000 0.04167
vt 3.50000 -0.91667
vt 3.50000 -1.87500
vt 0.00000 1.00000
vt 0.00000 0.33333
vt 0.00000 -0.33333
vt 0.00000 -1.00000
vt 0.92000 1.00000
vt 0.92000 0.33333
vt 0.92000 -0.33333
vt 0.92000 -1.00000
vt 1.84000 1.00000
vt 1.84000 0.33333
vt 1.84000 -0.33333
vt 1.84000 -1.00000
vt 2.76000 1.00000
vt 2.76000 0.33333
vt 2.76000 -0.33333
vt 2.76000 -1.00000
vt 3.68000 1.00000
vt 3.68000 0.33333
vt 3.68000 -0.33333
vt 3.68000 -1.00000
vt 0.00000 1.00000
vt 0.00000 0.33333
vt 0.00000 -0.33333
vt 0.00000 -1.00000
vt 1.12000 1.00000
vt 1.12000 0.33333
vt 1.12000 -0.33333
vt 1.12000 -1.00000
vt 2.24000 1.00000
vt 2.24000 0.33333
vt 2.24000 -0.33333
vt 2.24000 -1.00000
vt 3.36000 1.00000
vt 3.36000 0.33333
vt 3.36000 -0.33333
vt 3.36000 -1.00000
vt 4.48000 1.00000
vt 4.48000 0.33333
vt 4.48000 -0.33333
vt 4.48000 -1.00000
vt 0.00000 1.00000
vt 0.00000 0.33333
vt 0.00000 -0.33333
vt 0.00000 -1.00000
vt 1.12000 1.00000
vt 1.12000 0.33333
vt 1.12000 -0.33333
vt 1.12000 -1.00000
vt 2.24000 1.00000
vt 2.24000 0.33333
vt 2.24000 -0.33333
vt 2.24000 -1.00000
vt 3.36000 1.00000
vt 3.36000 0.33333
vt 3.36000 -0.33333
vt 3.36000 -1.00000
vt 4.48000 1.00000
vt 4.48000 0.33333
vt 4.48000 -0.33333
vt 4.48000 -1.00000
vt 0.00000 1.00000
vt 0.00000 0.33333
vt 0.00000 -0.33333
vt 0.00000 -1.00000
vt 0.96800 1.00000
vt 0.96800 0.33333
vt 0.96800 -0.33333
vt 0.96800 -1.00000
vt 1.93600 1.00000
vt 1.93600 0.33333
vt 1.93600 -0.33333
vt 1.93600 -1.00000
vt 0.00000 1.00000
vt 0.00000 0.33333
vt 0.00000 -0.33333
vt 0.00000 -1.00000
vt 0.81600 1.00000
vt 0.81600 0.33333
vt 0.81600 -0.33333
vt 0.81600 -1.00000
vt 0.00000 1.00000
vt 0.00000 0.58400
vt 0.92800 1.00000
vt 0.92800 0.58400
vt 0.00000 1.00000
vt 0.00000 1.00000
vt 0.00000 1.00000
vt 0.00000 1.00000
vt 0.00000 1.00000
vt 0.00000 1.00000
vt 0.00000 1.00000
vt 0.00000 1.00000
vt 0.00000 1.00000
vt 0.00000 1.00000
vt 0.00000 1.00000
vt 0.00000 1.00000
vt 0.00000 1.00000
vt 0.00000 1.00000
vt 0.00000 1.00000
vt 0.00000 1.00000
vt 0.00000 1.00000
vt 0.00000 1.00000
vt 0.00000 1.00000
vt 0.00000 1.00000
vt 0.00000 1.00000
vt 0.00000 1.00000
vt 0.00000 1.00000
vt 0.00000 1.00000
vt 0.00000 1.00000
vt 0.00000 1.00000
vt 0.00000 1.00000
vt 0.00000 1.00000
vt 0.00000 1.00000
vt 0.00000 1.00000
vt 0.00000 1.00000
vt 0.00000 1.00000
vt 0.00000 1.00000
vt 0.00000 1.00000
vt 0.00000 1.00000
vt 0.00000 1.00000
vt 0.00000 1.00000
vt 0.00000 1.00000
vt 0.00000 1.00000
vt 0.00000 1.00000
vt 0.00000 1.00000
vt 0.00000 1.00000
vt 0.00000 1.00000
vt 0.00000 1.00000
vt 0.00000 1.00000
vt 0.00000 1.00000
vt 0.00000 1.00000
vt 0.00000 1.00000
vt 0.00000 1.00000
vt 0.00000 1.00000
vt 0.00000 1.00000
vt 0.00000 1.00000
vt 0.00000 1.00000
vt 0.00000 1.00000
vt 0.00000 1.00000
vt 0.00000 1.00000
vt 0.00000 1.00000
vt 0.00000 1.00000
vt 0.00000 1.00000
vt 0.00000 1.00000
vt 0.00000 1.00000
vt 0.00000 1.00000
vt 0.00000 1.00000
vt 0.00000 1.00000
vt 0.00000 1.00000
vt 0.00000 1.00000
vt 0.00000 1.00000
vt 0.00000 1.00000
vt 0.00000 1.00000
vt 0.00000 1.00000
vt 0.00000 1.00000
vt 0.00000 1.00000
vt 0.00000 1.00000
vt 0.00000 1.00000
vt 0.00000 1.00000
vt 0.00000 1.00000
vt 0.00000 1.00000
vt 0.00000 1.00000
vt 0.00000 1.00000
vt 0.00000 1.00000
vt 0.00000 1.00000
vt 0.00000 1.00000
vt 0.00000 1.00000
vt 0.00000 1.00000
vt 0.00000 1.00000
vt 0.00000 1.00000
vt 0.00000 1.00000
vt 0.00000 1.00000
vt 0.00000 1.00000
vt 0.00000 1.00000
vt 0.00000 1.00000
vt 0.00000 1.00000
vt 0.00000 1.00000
vt 0.00000 1.00000
vt 0.00000 1.00000
vt 0.00000 1.00000
vt 0.00000 1.00000
vt 0.00000 1.00000
vt 0.00000 1.00000
vt 0.00000 1.00000
vt 0.00000 1.00000
vt 0.00000 1.00000
vt 0.00000 1.00000
vt 0.00000 1.00000
vt 0.00000 1.00000
vt 0.00000 1.00000
vt 0.00000 1.00000
vt 0.00000 1.00000
vt 0.00000 1.00000
vt 0.00000 1.00000
vt 0.00000 1.00000
vt 0.00000 1.00000
vt 0.00000 1.00000
vt 0.00000 1.00000
vt 0.00000 1.00000
vt 0.00000 1.00000
vt 0.00000 1.00000
vt 0.00000 1.00000
vt 0.00000 1.00000
vt 0.00000 1.00000
vt 0.00000 1.00000
vt 0.00000 1.00000
vt 0.00000 1.00000
vt 0.00000 1.00000
vt 0.00000 1.00000
vt 0.00000 1.00000
vt 0.00000 1.00000
vt 0.00000 1.00000
vt 0.00000 1.00000
vt 0.00000 1.00000
vt 0.00000 1.00000
vt 0.00000 1.00000
vt 0.00000 1.00000
vt 0.00000 1.00000
vt 0.00000 1.00000
vt 0.00000 1.00000
vt 0.00000 1.00000
vt 0.00000 1.00000
vt 0.00000 1.00000
vt 0.00000 1.00000
vt 0.00000 1.00000
vt 0.00000 1.00000
vt 0.00000 1.00000
vt 0.00000 1.00000
vt 0.00000 1.00000
vt 0.00000 1.00000
vt 0.00000 1.00000
vt 0.00000 1.00000
vt 0.00000 1.00000
vt 0.00000 1.00000
vt 0.00000 1.00000
vt 0.00000 1.00000
vt 0.00000 1.00000
vt 0.00000 1.00000
vt 0.00000 1.00000
vt 0.00000 1.00000
vt 0.00000 1.00000
vt 0.00000 1.00000
vt 0.00000 1.00000
vt 0.00000 1.00000
vt 0.00000 1.00000
vt 0.00000 1.00000
vt 0.00000 1.00000
vt 0.00000 1.00000
vt 0.00000 1.00000
vt 0.00000 1.00000
vt 0.00000 1.00000
vt 0.00000 1.00000
vt 0.00000 1.00000
vt 0.00000 1.00000
vt 0.00000 1.00000
vt 0.00000 1.00000
vt 0.00000 1.00000
vt 0.00000 1.00000
vt 0.00000 1.00000
vt 0.00000 1.00000
vt 0.00000 1.00000
vt 0.00000 1.00000
vt 0.00000 1.00000
vt 0.00000 1.00000
vt 0.00000 1.00000
vt 0.00000 1.00000
vt 0.00000 1.00000
vt 0.00000 1.00000
vt 0.00000 1.00000
vt 0.00000 1.00000
vt 0.00000 1.00000
vt 0.00000 1.00000
vt 0.00000 1.00000
vt 0.00000 1.00000
vt 0.00000 1.00000
vt 0.00000 1.00000
vt 0.00000 1.00000
vt 0.00000 1.00000
vt 0.00000 1.00000
vt 0.00000 1.00000
vt 0.00000 1.00000
vt 0.00000 1.00000
vt 0.00000 1.00000
vt 0.00000 1.00000
vt 0.00000 1.00000
vt 0.00000 1.00000
vt 0.00000 1.00000
vt 0.00000 1.00000
vt 0.00000 1.00000
vt 0.00000 1.00000
vt 0.00000 1.00000
vt 0.00000 1.00000
vt 0.00000 1.00000
vt 0.00000 1.00000
vt 0.00000 1.00000
vt 0.00000 1.00000
vt 0.00000 1.00000
vt 0.00000 1.00000
vt 0.00000 1.00000
vt 0.00000 1.00000
vt 0.00000 1.00000
vt 0.00000 1.00000
vt 0.00000 1.00000
vt 0.00000 1.00000
vt 0.00000 1.00000
vt 0.00000 1.00000
vt 0.00000 1.00000
vt 0.00000 1.00000
vt 0.00000 1.00000
vt 0.00000 1.00000
vt 0.00000 1.00000
vt 0.00000 1.00000
vt 0.00000 1.00000
vt 0.00000 1.00000
vt 0.00000 1.00000
vt 0.00000 1.00000
vt 0.00000 1.00000
vt 0.00000 1.00000
vt 0.00000 1.00000
vt 0.00000 1.00000
vt 0.00000 1.00000
vt 0.00000 1.00000
vt 0.00000 1.00000
vt 0.00000 1.00000
vt 0.00000 1.00000
vt 0.00000 1.00000
vt 0.00000 1.00000
vt 0.00000 1.00000
vt 0.00000 1.00000
vt 0.00000 1.00000
vt 0.00000 1.00000
vt 0.00000 1.00000
vt 0.00000 1.00000
vt 0.00000 1.00000
vt 0.00000 1.00000
vt 0.00000 1.00000
vt 0.00000 1.00000
vt 0.00000 1.00000
vt 0.00000 1.00000
vt 0.00000 1.00000
vt 0.00000 1.00000
vt 0.00000 1.00000
vt 0.00000 1.00000
vt 0.00000 1.00000
vt 0.00000 1.00000
vt 0.00000 1.00000
vt 0.00000 1.00000
vt 0.00000 1.00000
vt 0.00000 1.00000
vt 0.00000 1.00000
vt 0.00000 1.00000
vt 0.00000 1.00000
vt 0.00000 1.00000
vt 0.00000 1.00000
vt 0.00000 1.00000
vt 0.00000 1.00000
vt 0.00000 1.00000
vt 0.00000 1.00000
vt 0.00000 1.00000
vt 0.00000 1.00000
vt 0.00000 1.00000
vt 0.00000 1.00000
vt 0.00000 1.00000
vt 0.00000 1.00000
vt 0.00000 1.00000
vt 0.00000 1.00000
vt 0.00000 1.00000
vt 0.00000 1.00000
vt 0.00000 1.00000
vt 0.00000 1.00000
vt 0.00000 1.00000
vt 0.00000 1.00000
vt 0.00000 1.00000
vt 0.00000 1.00000
vt 0.00000 1.00000
vt 0.00000 1.00000
vt 0.00000 1.00000
vt 0.00000 1.00000
vt 0.00000 1.00000
vt 0.00000 1.00000
vt 0.00000 1.00000
vt 0.00000 1.00000
vt 0.00000 1.00000
vt 0.00000 1.00000
vt 0.00000 1.00000
vt 0.00000 1.00000
vt 0.00000 1.00000
vt 0.00000 1.00000
vt 0.00000 1.00000
vt 0.00000 1.00000
vt 0.00000 1.00000
vt 0.00000 1.00000
vt 0.00000 1.00000
vt 0.00000 1.00000
vt 0.00000 1.00000
vt 0.00000 1.00000
vt 0.00000 1.00000
vt 0.00000 1.00000
vt 0.00000 1.00000
vt 0.00000 1.00000
vt 0.00000 1.00000
vt 0.00000 1.00000
vt 0.00000 1.00000
vt 0.00000 1.00000
vt 0.00000 1.00000
vt 0.00000 1.00000
vt 0.00000 1.00000
vt 0.00000 1.00000
vt 0.00000 1.00000
vt 0.00000 1.00000
vt 0.00000 1.00000
vt 0.00000 1.00000
vt 0.00000 1.00000
vt 0.00000 1.00000
vt 0.00000 1.00000
vt 0.00000 1.00000
vt 0.00000 1.00000
vt 0.00000 1.00000
vt 0.00000 1.00000
vt 0.00000 1.00000
vt 0.00000 1.00000
vt 0.00000 1.00000
vt 0.00000 1.00000
vt 0.00000 1.00000
vt 0.00000 1.00000
vt 0.00000 1.00000
vt 0.00000 1.00000
vt 0.00000 1.00000
vt 0.00000 1.00000
vt 0.00000 1.00000
vt 0.00000 1.00000
vt 0.00000 1.00000
vt 0.00000 1.00000
vt 0.00000 1.00000
vt 0.00000 1.00000
vt 0.00000 1.00000
vt 0.00000 1.00000
vt 0.00000 1.00000
vt 0.00000 1.00000
vt 0.00000 1.00000
vt 0.00000 1.00000
vt 0.00000 1.00000
vt 0.00000 1.00000
vt 0.00000 1.00000
vt 0.00000 1.00000
vt 0.00000 1.00000
vt 0.00000 1.00000
vt 0.00000 1.00000
vt 0.00000 1.00000
vt 0.00000 1.00000
vt 0.00000 1.00000
vt 0.00000 1.00000
vt 0.00000 1.00000
vt 0.00000 1.00000
vt 0.00000 1.00000
vt 0.00000 1.00000
vt 0.00000 1.00000
vt 0.00000 1.00000
vt 0.00000 1.00000
vt 0.00000 1.00000
vt 0.00000 1.00000
vt 0.00000 1.00000
vt 0.00000 1.00000
vt 0.00000 1.00000
vt 0.00000 1.00000
vt 0.00000 1.00000
vt 0.00000 1.00000
vt 0.00000 1.00000
vt 0.00000 1.00000
vt 0.00000 1.00000
vt 0.00000 1.00000
vt 0.00000 1.00000
vt 0.00000 1.00000
vt 0.00000 1.00000
vt 0.00000 1.00000
vt 0.00000 1.00000
vt 0.00000 1.00000
vt 0.00000 1.00000
vt 0.00000 1.00000
vt 0.00000 1.00000
vt 0.00000 1.00000
vt 0.00000 1.00000
vt 0.00000 1.00000
vt 0.00000 1.00000
vt 0.00000 1.00000
vt 0.00000 1.00000
vt 0.00000 1.00000
vt 0.00000 1.00000
vt 0.00000 1.00000
vt 0.00000 1.00000
vt 0.00000 1.00000
vt 0.00000 1.00000
vt 0.00000 1.00000
vt 0.00000 1.00000
vt 0.00000 1.00000
vt 0.00000 1.00000
vt 0.00000 1.00000
vt 0.00000 1.00000
vt 0.00000 1.00000
vt 0.00000 1.00000
vt 0.00000 1.00000
vt 0.00000 1.00000
vt 0.00000 1.00000
vt 0.00000 1.00000
vt 0.00000 1.00000
vt 0.00000 1.00000
vt 0.00000 1.00000
vt 0.00000 1.00000
vt 0.00000 1.00000
vt 0.00000 1.00000
vt 0.00000 1.00000
vt 0.00000 1.00000
vt 0.00000 1.00000
vt 0.00000 1.00000
vt 0.00000 1.00000
vt 0.00000 1.00000
vt 0.00000 1.00000
vt 0.00000 1.00000
vt 0.00000 1.00000
vt 0.00000 1.00000
vt 0.00000 1.00000
vt 0.00000 1.00000
vt 0.00000 1.00000
vt 0.00000 1.00000
vt 0.00000 1.00000
vt 0.00000 1.00000
vt 0.00000 1.00000
vt 0.00000 1.00000
vt 0.00000 1.00000
vt 0.00000 1.00000
vt 0.00000 1.00000
vt 0.00000 1.00000
vt 0.00000 1.00000
vt 0.00000 1.00000
vt 0.00000 1.00000
vt 0.00000 1.00000
vt 0.00000 1.00000
vt 0.00000 1.00000
vt 0.00000 1.00000
vt 0.00000 1.00000
vt 0.00000 1.00000
vt 0.00000 1.00000
vt 0.00000 1.00000
vt 0.00000 1.00000
vt 0.00000 1.00000
vt 0.00000 1.00000
vt 0.00000 1.00000
vt 0.00000 1.00000
vt 0.00000 1.00000
vt 0.00000 1.00000
vt 0.00000 1.00000
vt 0.02000 0.98000
vt 0.98000 0.98000
vt 0.98000 0.02000
vt 0.02000 0.02000
vt 0.00000 1.00000
vt 0.00000 1.00000
vt 0.00000 1.00000
vt 0.00000 1.00000
vt 0.00000 1.00000
vt 0.00000 1.00000
vt 0.00000 1.00000
vt 0.00000 1.00000
vt 0.00000 1.00000
vt 0.00000 1.00000
vt 0.00000 1.00000
vt 0.00000 1.00000
vt 0.00000 1.00000
vt 0.00000 1.00000
vt 0.00000 1.00000
vt 0.00000 1.00000
vt 0.02000 0.98000
vt 0.98000 0.98000
vt 0.98000 0.02000
vt 0.02000 0.02000
vt 0.00000 1.00000
vt 0.00000 1.00000
vt 0.00000 1.00000
vt 0.00000 1.00000
vt 0.00000 1.00000
vt 0.00000 1.00000
vt 0.00000 1.00000
vt 0.00000 1.00000
vt 0.00000 1.00000
vt 0.00000 1.00000
vt 0.00000 1.00000
vt 0.00000 1.00000
vt 0.00000 1.00000
vt 0.00000 1.00000
vt 0.00000 1.00000
vt 0.00000 1.00000
vt 0.02000 0.98000
vt 0.98000 0.98000
vt 0.98000 0.02000
vt 0.02000 0.02000
vt 0.00000 1.00000
vt 0.00000 1.00000
vt 0.00000 1.00000
vt 0.00000 1.00000
vt 0.00000 1.00000
vt 0.00000 1.00000
vt 0.00000 1.00000
vt 0.00000 1.00000
vt 0.00000 1.00000
vt 0.00000 1.00000
vt 0.00000 1.00000
vt 0.00000 1.00000
vt 0.00000 1.00000
vt 0.00000 1.00000
vt 0.00000 1.00000
vt 0.00000 1.00000
vt 0.00000 1.00000
vt 0.00000 1.00000
vt 0.00000 1.00000
vt 0.00000 1.00000
vt 0.00000 1.00000
vt 0.00000 1.00000
vt 0.00000 1.00000
vt 0.00000 1.00000
vt 0.00000 1.00000
vt 0.00000 1.00000
vt 0.00000 1.00000
vt 0.00000 1.00000
vt 0.00000 1.00000
vt 0.00000 1.00000
vt 0.00000 1.00000
vt 0.00000 1.00000
vt 0.00000 1.00000
vt 0.00000 1.00000
vt 0.00000 1.00000
vt 0.00000 1.00000
vt 0.00000 1.00000
vt 0.00000 1.00000
vt 0.00000 1.00000
vt 0.00000 1.00000
vt 0.00000 1.00000
vt 0.00000 1.00000
vt 0.00000 1.00000
vt 0.00000 1.00000
vt 0.00000 1.00000
vt 0.00000 1.00000
vt 0.00000 1.00000
vt 0.00000 1.00000
vt 0.00000 1.00000
vt 0.00000 1.00000
vt 0.00000 1.00000
vt 0.00000 1.00000
vt 0.00000 1.00000
vt 0.00000 1.00000
vt 0.00000 1.00000
vt 0.00000 1.00000
vt 0.00000 1.00000
vt 0.00000 1.00000
vt 0.00000 1.00000
vt 0.00000 1.00000
vt 0.00000 1.00000
vt 0.00000 1.00000
vt 0.00000 1.00000
vt 0.00000 1.00000
vt 0.00000 1.00000
vt 0.00000 1.00000
vt 0.00000 1.00000
vt 0.00000 1.00000
vt 0.00000 1.00000
vt 0.00000 1.00000
vt 0.00000 1.00000
vt 0.00000 1.00000
vt 0.00000 1.00000
vt 0.00000 1.00000
vt 0.00000 1.00000
vt 0.00000 1.00000
vt 0.00000 1.00000
vt 0.00000 1.00000
vt 0.00000 1.00000
vt 0.00000 1.00000
vt 0.00000 1.00000
vt 0.00000 1.00000
vt 0.00000 1.00000
vt 0.00000 1.00000
vt 0.00000 1.00000
vt 0.00000 1.00000
vt 0.00000 1.00000
vt 0.00000 1.00000
vt 0.00000 1.00000
vt 0.00000 1.00000
vt 0.00000 1.00000
vt 0.00000 1.00000
vt 0.00000 1.00000
vt 0.00000 1.00000
vt 0.00000 1.00000
vt 0.00000 1.00000
vt 0.00000 1.00000
vt 0.00000 1.00000
vt 0.00000 1.00000
vt 0.00000 1.00000
vt 0.00000 1.00000
vt 0.00000 1.00000
vt 0.00000 1.00000
vt 0.00000 1.00000
vt 0.00000 1.00000
vt 0.00000 1.00000
vt 0.00000 1.00000
vt 0.00000 1.00000
vt 0.00000 1.00000
vt 0.00000 1.00000
vt 0.00000 1.00000
vt 0.00000 1.00000
vt 0.00000 1.00000
vt 0.00000 1.00000
vt 0.00000 1.00000
vt 0.00000 1.00000
vt 0.00000 1.00000
vt 0.00000 1.00000
vt 0.00000 1.00000
vt 0.00000 1.00000
vt 0.00000 1.00000
vt 0.00000 1.00000
vt 0.00000 1.00000
vt 0.00000 1.00000
vt 0.00000 1.00000
vt 0.00000 1.00000
vt 0.00000 1.00000
vt 0.00000 1.00000
vt 0.00000 1.00000
vt 0.00000 1.00000
vt 0.00000 1.00000
vt 0.00000 1.00000
vt 0.00000 1.00000
vt 0.00000 1.00000
vt 0.00000 1.00000
vt 0.00000 1.00000
vt 0.00000 1.00000
vt 0.00000 1.00000
vt 0.00000 1.00000
vt 0.00000 1.00000
vt 0.00000 1.00000
vt 0.00000 1.00000
vt 0.00000 1.00000
vt 0.00000 1.00000
vt 0.00000 1.00000
vt 0.00000 1.00000
vt 0.00000 1.00000
vt 0.00000 1.00000
vt 0.00000 1.00000
vt 0.00000 1.00000
vt 0.00000 1.00000
vt 0.00000 1.00000
vt 0.00000 1.00000
vt 0.00000 1.00000
vt 0.00000 1.00000
vt 0.00000 1.00000
vt 0.00000 1.00000
vt 0.00000 1.00000
vt 0.00000 1.00000
vt 0.00000 1.00000
vt 0.00000 1.00000
vt 0.00000 1.00000
vt 0.00000 1.00000
vt 0.00000 1.00000
vt 0.00000 1.00000
vt 0.00000 1.00000
vt 0.00000 1.00000
vt 0.00000 1.00000
vt 0.00000 1.00000
vt 0.00000 1.00000
vt 0.00000 1.00000
vt 0.00000 1.00000
vt 0.00000 1.00000
vt 0.00000 1.00000
vt 0.00000 1.00000
vt 0.00000 1.00000
vt 0.00000 1.00000
vt 0.00000 1.00000
vt 0.00000 1.00000
vt 0.00000 1.00000
vt 0.00000 1.00000
vt 0.00000 1.00000
vt 0.00000 1.00000
vt 0.00000 1.00000
vt 0.00000 1.00000
vt 0.00000 1.00000
vt 0.00000 1.00000
vt 0.00000 1.00000
vt 0.00000 1.00000
vt 0.00000 1.00000
vt 0.00000 1.00000
vt 0.00000 1.00000
vt 0.00000 1.00000
vt 0.00000 1.00000
vt 0.00000 1.00000
vt 0.00000 1.00000
vt 0.00000 1.00000
vt 0.00000 1.00000
vt 0.00000 1.00000
vt 0.00000 1.00000
vt 0.00000 1.00000
vt 0.00000 1.00000
vt 0.00000 1.00000
vt 0.00000 1.00000
vt 0.00000 1.00000
vt 0.00000 1.00000
vt 0.00000 1.00000
vt 0.00000 1.00000
vt 0.00000 1.00000
vt 0.00000 1.00000
vt 0.00000 1.00000
vt 0.00000 1.00000
vt 0.00000 1.00000
vt 0.00000 1.00000
vt 0.00000 1.00000
vt 0.00000 1.00000
vt 0.00000 1.00000
vt 0.00000 1.00000
vt 0.00000 1.00000
vt 0.00000 1.00000
vt 0.00000 1.00000
vt 0.00000 1.00000
vt 0.00000 1.00000
vt 0.00000 1.00000
vt 0.00000 1.00000
vt 0.00000 1.00000
vt 0.00000 1.00000
vt 0.00000 1.00000
vt 0.00000 1.00000
vt 0.00000 1.00000
vt 0.00000 1.00000
vt 0.00000 1.00000
vt 0.00000 1.00000
vt 0.00000 1.00000
vt 0.00000 1.00000
vt 0.00000 1.00000
vt 0.00000 1.00000
vt 0.00000 1.00000
vt 0.00000 1.00000
vt 0.00000 1.00000
vt 0.00000 1.00000
vt 0.00000 1.00000
vt 0.00000 1.00000
vt 0.00000 1.00000
vt 0.00000 1.00000
vt 0.00000 1.00000
vt 0.00000 1.00000
vt 0.00000 1.00000
vt 0.00000 1.00000
vt 0.00000 1.00000
vt 0.00000 1.00000
vt 0.00000 1.00000
vt 0.00000 1.00000
vt 0.00000 1.00000
vt 0.00000 1.00000
vt 0.00000 1.00000
vt 0.00000 1.00000
vt 0.00000 1.00000
vt 0.00000 1.00000
vt 0.00000 1.00000
vt 0.00000 1.00000
vt 0.00000 1.00000
vt 0.00000 1.00000
vt 0.00000 1.00000
vt 0.00000 1.00000
vt 0.00000 1.00000
vt 0.00000 1.00000
vt 0.00000 1.00000
vt 0.00000 1.00000
vt 0.00000 1.00000
vt 0.00000 1.00000
vt 0.00000 1.00000
vt 0.00000 1.00000
vt 0.00000 1.00000
vt 0.00000 1.00000
vt 0.00000 1.00000
vt 0.00000 1.00000
vt 0.00000 1.00000
vt 0.00000 1.00000
vt 0.00000 1.00000
vt 0.00000 1.00000
vt 0.00000 1.00000
vt 0.00000 1.00000
vt 0.00000 1.00000
vt 0.00000 1.00000
vt 0.00000 1.00000
vt 0.00000 1.00000
vt 0.00000 1.00000
vt 0.00000 1.00000
vt 0.00000 1.00000
vt 0.00000 1.00000
vt 0.00000 1.00000
vt 0.00000 1.00000
vt 0.00000 1.00000
vt 0.00000 1.00000
vt 0.00000 1.00000
vt 0.00000 1.00000
vt 0.00000 1.00000
vt 0.00000 1.00000
vt 0.00000 1.00000
vt 0.00000 1.00000
vt 0.00000 1.00000
vt 0.00000 1.00000
vt 0.00000 1.00000
vt 0.00000 1.00000
vt 0.00000 1.00000
vt 0.00000 1.00000
vt 0.00000 1.00000
vt 0.00000 1.00000
vt 0.00000 1.00000
vt 0.00000 1.00000
vt 0.00000 1.00000
vt 0.00000 1.00000
vt 0.00000 1.00000
vt 0.00000 1.00000
vt 0.00000 1.00000
vt 0.00000 1.00000
vt 0.00000 1.00000
vt 0.00000 1.00000
vt 0.00000 1.00000
vt 0.00000 1.00000
vt 0.00000 1.00000
vt 0.00000 1.00000
vt 0.00000 1.00000
vt 0.00000 1.00000
vt 0.00000 1.00000
vt 0.00000 1.00000
vt 0.00000 1.00000
vt 0.00000 1.00000
vt 0.00000 1.00000
vt 0.00000 1.00000
vt 0.00000 1.00000
vt 0.00000 1.00000
vt 0.00000 1.00000
vt 0.00000 1.00000
vt 0.00000 1.00000
vt 0.00000 1.00000
vt 0.00000 1.00000
vt 0.00000 1.00000
vt 0.00000 1.00000
vt 0.00000 1.00000
vt 0.00000 1.00000
vt 0.00000 1.00000
vt 0.00000 1.00000
vt 0.00000 1.00000
vt 0.00000 1.00000
vt 0.00000 1.00000
vt 0.00000 1.00000
vt 0.00000 1.00000
vt 0.00000 1.00000
vt 0.00000 1.00000
vt 0.00000 1.00000
vt 0.00000 1.00000
vt 0.00000 1.00000
vt 0.00000 1.00000
vt 0.00000 1.00000
vt 0.00000 1.00000
vt 0.00000 1.00000
vt 0.00000 1.00000
vt 0.00000 1.00000
vt 0.00000 1.00000
vt 0.00000 1.00000
vt 0.00000 1.00000
vt 0.00000 1.00000
vt 0.00000 1.00000
vt 0.00000 1.00000
vt 0.00000 1.00000
vt 0.00000 1.00000
vt 0.00000 1.00000
vt 0.00000 1.00000
vt 0.00000 1.00000
vt 0.00000 1.00000
vt 0.00000 1.00000
vt 0.00000 1.00000
vt 0.00000 1.00000
vt 0.00000 1.00000
vt 0.00000 1.00000
vt 0.00000 1.00000
vt 0.00000 1.00000
vt 0.00000 1.00000
vt 0.00000 1.00000
vt 0.00000 1.00000
vt 0.00000 1.00000
vt 0.00000 1.00000
vt 0.00000 1.00000
vt 0.00000 1.00000
vt 0.00000 1.00000
vt 0.00000 1.00000
vt 0.00000 1.00000
vt 0.00000 1.00000
vt 0.00000 1.00000
vt 0.00000 1.00000
vt 0.00000 1.00000
vt 0.00000 1.00000
vt 0.00000 1.00000
vt 0.00000 1.00000
vt 0.00000 1.00000
vt 0.00000 1.00000
vt 0.00000 1.00000
vt 0.00000 1.00000
vt 0.00000 1.00000
vt 0.00000 1.00000
vt 0.00000 1.00000
vt 0.00000 1.00000
vt 0.00000 0.10833
vt 0.00000 -0.78333
vt 0.62500 1.00000
vt 0.62500 0.10833
vt 0.62500 -0.78333
vt 1.25000 1.00000
vt 1.25000 0.10833
vt 1.25000 -0.78333
vt 0.00000 1.00000
vt 0.00000 1.00000
vt 0.00000 1.00000
vt 0.00000 1.00000
vt 0.00000 1.00000
vt 0.00000 1.00000
vt 0.00000 1.00000
vt 0.00000 1.00000
vt 0.00000 1.00000
vt 0.00000 1.00000
vt 0.00000 1.00000
vt 0.00000 1.00000
vt 0.00000 1.00000
vt 0.00000 1.00000
vt 0.00000 1.00000
vt 0.00000 1.00000
vt 0.00000 1.00000
vt 0.00000 1.00000
vt 0.00000 1.00000
vt 0.00000 1.00000
vt 0.00000 1.00000
vt 0.00000 1.00000
vt 0.00000 1.00000
vt 0.00000 1.00000
vt 0.00000 1.00000
vt 0.00000 1.00000
vt 0.00000 1.00000
vt 0.00000 1.00000
vt 0.00000 1.00000
vt 0.00000 1.00000
vt 0.00000 1.00000
vt 0.00000 1.00000
vt 0.00000 1.00000
vt 0.00000 1.00000
vt 0.00000 1.00000
vt 0.00000 1.00000
vt 0.00000 1.00000
vt 0.00000 1.00000
vt 0.00000 1.00000
vt 0.00000 1.00000
vt 0.00000 1.00000
vt 0.00000 1.00000
vt 0.00000 1.00000
vt 0.00000 1.00000
vt 0.00000 1.00000
vt 0.00000 1.00000
vt 0.00000 1.00000
vt 0.00000 1.00000
vt 0.00000 1.00000
vt 0.00000 1.00000
vt 0.00000 1.00000
vt 0.00000 1.00000
vt 0.00000 1.00000
vt 0.00000 1.00000
vt 0.00000 1.00000
vt 0.00000 1.00000
vt 0.00000 1.00000
vt 0.00000 1.00000
vt 0.00000 1.00000
vt 0.00000 1.00000
vt 0.00000 1.00000
vt 0.00000 1.00000
vt 0.00000 1.00000
vt 0.00000 1.00000
vt 0.00000 1.00000
vt 0.00000 1.00000
vt 0.00000 1.00000
vt 0.00000 1.00000
vt 0.00000 1.00000
vt 0.00000 1.00000
vt 0.00000 1.00000
vt 0.00000 1.00000
vt 0.00000 1.00000
vt 0.00000 1.00000
vt 0.00000 1.00000
vt 0.00000 1.00000
vt 0.00000 1.00000
vt 0.00000 1.00000
vt 0.00000 1.00000
vt 0.00000 1.00000
vt 0.00000 1.00000
vt 0.00000 1.00000
vt 0.00000 1.00000
vt 0.00000 1.00000
vt 0.00000 1.00000
vt 0.00000 1.00000
vt 0.00000 1.00000
vt 0.00000 1.00000
vt 0.00000 1.00000
vt 0.00000 1.00000
vt 0.00000 1.00000
vt 0.00000 1.00000
vt 0.00000 1.00000
vt 0.00000 1.00000
vt 0.00000 1.00000
vt 0.00000 1.00000
vt 0.00000 1.00000
vt 0.00000 1.00000
vt 0.00000 1.00000
vt 0.00000 1.00000
vt 0.00000 0.40000
vt 0.00000 -0.20000
vt 0.93333 1.00000
vt 0.93333 0.40000
vt 0.93333 -0.20000
vt 1.86667 1.00000
vt 1.86667 0.40000
vt 1.86667 -0.20000
vt 2.80000 1.00000
vt 2.80000 0.40000
vt 2.80000 -0.20000
vt 0.00000 1.00000
vt 0.00000 0.17143
vt 0.80952 1.00000
vt 0.80952 0.17143
vt 1.61905 1.00000
vt 1.61905 0.17143
vt 2.42857 1.00000
vt 2.42857 0.17143
vt 0.00000 1.00000
vt 0.00000 0.27500
vt 0.70833 1.00000
vt 0.70833 0.27500
vt 1.41667 1.00000
vt 1.41667 0.27500
vt 2.12500 1.00000
vt 2.12500 0.27500
vt 0.00000 1.00000
vt 0.00000 0.18000
vt 0.00000 -0.64000
vt 0.90667 1.00000
vt 0.90667 0.18000
vt 0.90667 -0.64000
vt 1.81333 1.00000
vt 1.81333 0.18000
vt 1.81333 -0.64000
vt 2.72000 1.00000
vt 2.72000 0.18000
vt 2.72000 -0.64000
vt 0.00000 1.00000
vt 0.00000 0.18000
vt 0.00000 -0.64000
vt 0.90667 1.00000
vt 0.90667 0.18000
vt 0.90667 -0.64000
vt 1.81333 1.00000
vt 1.81333 0.18000
vt 1.81333 -0.64000
vt 2.72000 1.00000
vt 2.72000 0.18000
vt 2.72000 -0.64000
vt 0.00000 1.00000
vt 0.00000 0.18000
vt 0.00000 -0.64000
vt 0.04800 1.00000
vt 0.04800 0.18000
vt 0.04800 -0.64000
vt 0.00000 1.00000
vt 0.00000 0.18000
vt 0.00000 -0.64000
vt 0.04800 1.00000
vt 0.04800 0.18000
vt 0.04800 -0.64000
vt 0.00000 1.00000
vt 0.00000 0.63200
vt 0.83200 1.00000
vt 0.83200 0.63200
vt 0.00000 1.00000
vt 0.00000 0.56000
vt 0.83200 1.00000
vt 0.83200 0.56000
vt 0.00000 1.00000
vt 0.00000 1.00000
vt 0.00000 1.00000
vt 0.00000 1.00000
vt 0.00000 1.00000
vt 0.00000 1.00000
vt 0.00000 1.00000
vt 0.00000 1.00000
vt 0.00000 1.00000
vt 0.00000 1.00000
vt 0.00000 1.00000
vt 0.00000 1.00000
vt 0.00000 1.00000
vt 0.00000 1.00000
vt 0.00000 1.00000
vt 0.00000 1.00000
vt 0.00000 1.00000
vt 0.00000 1.00000
vt 0.00000 1.00000
vt 0.00000 1.00000
vt 0.00000 1.00000
vt 0.00000 1.00000
vt 0.00000 1.00000
vt 0.00000 1.00000
vt 0.00000 1.00000
vt 0.00000 1.00000
vt 0.00000 1.00000
vt 0.00000 1.00000
vt 0.00000 1.00000
vt 0.00000 1.00000
vt 0.00000 1.00000
vt 0.00000 1.00000
vt 0.00000 1.00000
vt 0.00000 1.00000
vt 0.00000 1.00000
vt 0.00000 1.00000
vt 0.00000 1.00000
vt 0.00000 1.00000
vt 0.00000 1.00000
vt 0.00000 1.00000
vt 0.00000 1.00000
vt 0.00000 1.00000
vt 0.00000 1.00000
vt 0.00000 1.00000
vt 0.00000 1.00000
vt 0.00000 1.00000
vt 0.00000 1.00000
vt 0.00000 1.00000
vt 0.00000 1.00000
vt 0.00000 1.00000
vt 0.00000 1.00000
vt 0.00000 1.00000
vt 0.00000 1.00000
vt 0.00000 1.00000
vt 0.00000 1.00000
vt 0.00000 1.00000
vt 0.00000 1.00000
vt 0.00000 1.00000
vt 0.00000 1.00000
vt 0.00000 1.00000
vt 0.00000 1.00000
vt 0.00000 1.00000
vt 0.00000 1.00000
vt 0.00000 1.00000
vt 0.00000 1.00000
vt 0.00000 1.00000
vt 0.00000 1.00000
vt 0.00000 1.00000
vt 0.00000 1.00000
vt 0.00000 1.00000
vt 0.00000 1.00000
vt 0.00000 1.00000
vt 0.00000 1.00000
vt 0.00000 1.00000
vt 0.00000 1.00000
vt 0.00000 1.00000
vt 0.00000 1.00000
vt 0.00000 1.00000
vt 0.00000 1.00000
vt 0.00000 1.00000
vt 0.00000 1.00000
vt 0.00000 1.00000
vt 0.00000 1.00000
vt 0.00000 1.00000
vt 0.00000 1.00000
vt 0.00000 1.00000
vt 0.00000 1.00000
vt 0.00000 1.00000
vt 0.00000 1.00000
vt 0.00000 1.00000
vt 0.00000 1.00000
vt 0.00000 1.00000
vt 0.00000 1.00000
vt 0.00000 1.00000
vt 0.00000 1.00000
vt 0.00000 1.00000
vt 0.00000 1.00000
vt 0.00000 1.00000
vt 0.00000 1.00000
vt 0.00000 1.00000
vt 0.00000 1.00000
vt 0.00000 1.00000
vt 0.00000 1.00000
vt 0.00000 1.00000
vt 0.00000 1.00000
vt 0.00000 1.00000
vt 0.00000 1.00000
vt 0.00000 1.00000
vt 0.00000 1.00000
vt 0.00000 1.00000
vt 0.00000 1.00000
vt 0.00000 1.00000
vt 0.00000 1.00000
vt 0.00000 1.00000
vt 0.00000 1.00000
vt 0.00000 1.00000
vt 0.00000 1.00000
vt 0.00000 1.00000
vt 0.00000 1.00000
vt 0.00000 1.00000
vt 0.00000 1.00000
vt 0.00000 1.00000
vt 0.00000 1.00000
vt 0.00000 1.00000
vt 0.00000 1.00000
vt 0.00000 1.00000
vt 0.00000 1.00000
vt 0.00000 1.00000
vt 0.00000 1.00000
vt 0.00000 1.00000
vt 0.00000 1.00000
vt 0.00000 1.00000
vt 0.00000 1.00000
vt 0.00000 1.00000
vt 0.00000 1.00000
vt 0.00000 1.00000
vt 0.00000 1.00000
vt 0.00000 1.00000
vt 0.00000 1.00000
vt 0.00000 1.00000
vt 0.00000 1.00000
vt 0.00000 1.00000
vt 0.00000 1.00000
vt 0.00000 1.00000
vt 0.00000 1.00000
vt 0.00000 1.00000
vt 0.00000 1.00000
vt 0.00000 1.00000
vt 0.00000 1.00000
vt 0.00000 1.00000
vt 0.00000 1.00000
vt 0.00000 1.00000
vt 0.00000 1.00000
vt 0.00000 1.00000
vt 0.00000 1.00000
vt 0.00000 1.00000
vt 0.00000 1.00000
vt 0.00000 1.00000
vt 0.00000 1.00000
vt 0.00000 1.00000
vt 0.00000 1.00000
vt 0.00000 1.00000
vt 0.00000 1.00000
vt 0.00000 1.00000
vt 0.00000 1.00000
vt 0.00000 1.00000
vt 0.00000 1.00000
vt 0.00000 1.00000
vt 0.00000 1.00000
vt 0.00000 1.00000
vt 0.00000 1.00000
vt 0.00000 1.00000
vt 0.00000 1.00000
vt 0.00000 1.00000
vt 0.00000 1.00000
vt 0.00000 1.00000
vt 0.00000 1.00000
vt 0.00000 1.00000
vt 0.00000 1.00000
vt 0.00000 1.00000
vt 0.00000 1.00000
vt 0.00000 1.00000
vt 0.00000 1.00000
vt 0.00000 1.00000
vt 0.00000 1.00000
vt 0.00000 1.00000
vt 0.00000 1.00000
vt 0.00000 1.00000
vt 0.00000 1.00000
vt 0.00000 1.00000
vt 0.00000 1.00000
vt 0.00000 1.00000
vt 0.00000 1.00000
vt 0.00000 1.00000
vt 0.00000 1.00000
vt 0.00000 1.00000
vt 0.00000 1.00000
vt 0.00000 1.00000
vt 0.00000 1.00000
vt 0.00000 1.00000
vt 0.00000 1.00000
vt 0.00000 1.00000
vt 0.00000 1.00000
vt 0.00000 1.00000
vt 0.00000 1.00000
vt 0.00000 1.00000
vt 0.00000 1.00000
vt 0.00000 1.00000
vt 0.00000 1.00000
vt 0.00000 1.00000
vt 0.00000 1.00000
vt 0.00000 1.00000
vt 0.00000 1.00000
vt 0.00000 1.00000
vt 0.00000 1.00000
vt 0.00000 1.00000
vt 0.00000 1.00000
vt 0.00000 1.00000
vt 0.00000 1.00000
vt 0.00000 1.00000
vt 0.00000 1.00000
vt 0.00000 1.00000
vt 0.00000 1.00000
vt 0.00000 1.00000
vt 0.00000 1.00000
vt 0.00000 1.00000
vt 0.00000 1.00000
vt 0.00000 1.00000
vt 0.00000 1.00000
vt 0.00000 1.00000
vt 0.00000 1.00000
vt 0.00000 1.00000
vt 0.00000 1.00000
vt 0.00000 1.00000
vt 0.00000 1.00000
vt 0.00000 1.00000
vt 0.00000 1.00000
vt 0.00000 1.00000
vt 0.00000 1.00000
vt 0.00000 1.00000
vt 0.00000 1.00000
vt 0.00000 1.00000
vt 0.00000 1.00000
vt 0.00000 1.00000
vt 0.00000 1.00000
vt 0.00000 1.00000
vt 0.00000 1.00000
vt 0.00000 1.00000
vt 0.00000 1.00000
vt 0.00000 1.00000
vt 0.00000 1.00000
vt 0.00000 1.00000
vt 0.00000 1.00000
vt 0.00000 1.00000
vt 0.00000 1.00000
vt 0.00000 1.00000
vt 0.00000 1.00000
vt 0.00000 1.00000
vt 0.00000 1.00000
vt 0.00000 1.00000
vt 0.00000 1.00000
vt 0.00000 1.00000
vt 0.00000 1.00000
vt 0.00000 1.00000
vt 0.00000 1.00000
vt 0.00000 1.00000
vt 0.00000 1.00000
vt 0.00000 1.00000
vt 0.00000 1.00000
vt 0.00000 1.00000
vt 0.00000 1.00000
vt 0.00000 1.00000
vt 0.00000 1.00000
vt 0.00000 1.00000
usemtl caustic
f 1157/1157 1161/1161 1160/1160
f 1157/1157 1158/1158 1161/1161
f 1158/1158 1162/1162 1161/1161
f 1158/1158 1159/1159 1162/1162
f 1160/1160 1164/1164 1163/1163
f 1160/1160 1161/1161 1164/1164
f 1161/1161 1165/1165 1164/1164
f 1161/1161 1162/1162 1165/1165
f 1163/1163 1167/1167 1166/1166
f 1163/1163 1164/1164 1167/1167
f 1164/1164 1168/1168 1167/1167
f 1164/1164 1165/1165 1168/1168
usemtl floor
f 1/1 7/7 6/6
f 1/1 2/2 7/7
f 2/2 8/8 7/7
f 2/2 3/3 8/8
f 3/3 9/9 8/8
f 3/3 4/4 9/9
f 4/4 10/10 9/9
f 4/4 5/5 10/10
f 6/6 12/12 11/11
f 6/6 7/7 12/12
f 7/7 13/13 12/12
f 7/7 8/8 13/13
f 8/8 14/14 13/13
f 8/8 9/9 14/14
f 9/9 15/15 14/14
f 9/9 10/10 15/15
f 11/11 17/17 16/16
f 11/11 12/12 17/17
f 12/12 18/18 17/17
f 12/12 13/13 18/18
f 13/13 19/19 18/18
f 13/13 14/14 19/19
f 14/14 20/20 19/19
f 14/14 15/15 20/20
f 16/16 22/22 21/21
f 16/16 17/17 22/22
f 17/17 23/23 22/22
f 17/17 18/18 23/23
f 18/18 24/24 23/23
f 18/18 19/19 24/24
f 19/19 25/25 24/24
f 19/19 20/20 25/25
f 21/21 27/27 26/26
f 21/21 22/22 27/27
f 22/22 28/28 27/27
f 22/22 23/23 28/28
f 23/23 29/29 28/28
f 23/23 24/24 29/29
f 24/24 30/30 29/29
f 24/24 25/25 30/30
f 1169/1169 1172/1172 1171/1171
f 1169/1169 1170/1170 1172/1172
f 1171/1171 1174/1174 1173/1173
f 1171/1171 1172/1172 1174/1174
f 1173/1173 1176/1176 1175/1175
f 1173/1173 1174/1174 1176/1176
usemtl screen
f 602/602 604/604 603/603
f 602/602 605/605 604/604
f 622/622 624/624 623/623
f 622/622 625/625 624/624
f 642/642 644/644 643/643
f 642/642 645/645 644/644
usemtl shade
f 135/135 136/136 138/138
f 135/135 138/138 137/137
f 135/135 140/140 136/136
f 135/135 139/139 140/140
f 135/135 137/137 141/141
f 135/135 141/141 139/139
f 139/139 142/142 140/140
f 139/139 141/141 142/142
f 137/137 138/138 142/142
f 137/137 142/142 141/141
f 136/136 142/142 138/138
f 136/136 140/140 142/142
f 143/143 144/144 146/146
f 143/143 146/146 145/145
f 143/143 148/148 144/144
f 143/143 147/147 148/148
f 143/143 145/145 149/149
f 143/143 149/149 147/147
f 147/147 150/150 148/148
f 147/147 149/149 150/150
f 145/145 146/146 150/150
f 145/145 150/150 149/149
f 144/144 150/150 146/146
f 144/144 148/148 150/150
f 151/151 152/152 154/154
f 151/151 154/154 153/153
f 151/151 156/156 152/152
f 151/151 155/155 156/156
f 151/151 153/153 157/157
f 151/151 157/157 155/155
f 155/155 158/158 156/156
f 155/155 157/157 158/158
f 153/153 154/154 158/158
f 153/153 158/158 157/157
f 152/152 158/158 154/154
f 152/152 156/156 158/158
f 159/159 160/160 162/162
f 159/159 162/162 161/161
f 159/159 164/164 160/160
f 159/159 163/163 164/164
f 159/159 161/161 165/165
f 159/159 165/165 163/163
f 163/163 166/166 164/164
f 163/163 165/165 166/166
f 161/161 162/162 166/166
f 161/161 166/166 165/165
f 160/160 166/166 162/162
f 160/160 164/164 166/166
f 167/167 168/168 176/176
f 167/167 176/176 175/175
f 168/168 169/169 177/177
f 168/168 177/177 176/176
f 169/169 170/170 178/178
f 169/169 178/178 177/177
f 170/170 171/171 179/179
f 170/170 179/179 178/178
f 171/171 172/172 180/180
f 171/171 180/180 179/179
f 172/172 173/173 181/181
f 172/172 181/181 180/180
f 173/173 174/174 182/182
f 173/173 182/182 181/181
f 174/174 167/167 175/175
f 174/174 175/175 182/182
f 187/187 190/190 188/188
f 187/187 189/189 190/190
f 191/191 200/200 192/192
f 191/191 199/199 200/200
f 192/192 201/201 193/193
f 192/192 200/200 201/201
f 193/193 202/202 194/194
f 193/193 201/201 202/202
f 194/194 203/203 195/195
f 194/194 202/202 203/203
f 195/195 204/204 196/196
f 195/195 203/203 204/204
f 196/196 205/205 197/197
f 196/196 204/204 205/205
f 197/197 206/206 198/198
f 197/197 205/205 206/206
f 198/198 199/199 191/191
f 198/198 206/206 199/199
f 199/199 200/200 208/208
f 199/199 208/208 207/207
f 200/200 201/201 209/209
f 200/200 209/209 208/208
f 201/201 202/202 210/210
f 201/201 210/210 209/209
f 202/202 203/203 211/211
f 202/202 211/211 210/210
f 203/203 204/204 212/212
f 203/203 212/212 211/211
f 204/204 205/205 213/213
f 204/204 213/213 212/212
f 205/205 206/206 214/214
f 205/205 214/214 213/213
f 206/206 199/199 207/207
f 206/206 207/207 214/214
f 207/207 215/215 208/208
f 208/208 215/215 209/209
f 209/209 215/215 210/210
f 210/210 215/215 211/211
f 211/211 215/215 212/212
f 212/212 215/215 213/213
f 213/213 215/215 214/214
f 214/214 215/215 207/207
f 216/216 218/218 222/222
f 216/216 222/222 220/220
f 224/224 226/226 230/230
f 224/224 230/230 228/228
f 232/232 234/234 238/238
f 232/232 238/238 236/236
f 240/240 242/242 246/246
f 240/240 246/246 244/244
f 248/248 250/250 254/254
f 248/248 254/254 252/252
f 256/256 258/258 262/262
f 256/256 262/262 260/260
f 264/264 273/273 265/265
f 264/264 272/272 273/273
f 265/265 274/274 266/266
f 265/265 273/273 274/274
f 266/266 275/275 267/267
f 266/266 274/274 275/275
f 267/267 276/276 268/268
f 267/267 275/275 276/276
f 268/268 277/277 269/269
f 268/268 276/276 277/277
f 269/269 278/278 270/270
f 269/269 277/277 278/278
f 270/270 279/279 271/271
f 270/270 278/278 279/279
f 271/271 272/272 264/264
f 271/271 279/279 272/272
f 272/272 273/273 281/281
f 272/272 281/281 280/280
f 273/273 274/274 282/282
f 273/273 282/282 281/281
f 274/274 275/275 283/283
f 274/274 283/283 282/282
f 275/275 276/276 284/284
f 275/275 284/284 283/283
f 276/276 277/277 285/285
f 276/276 285/285 284/284
f 277/277 278/278 286/286
f 277/277 286/286 285/285
f 278/278 279/279 287/287
f 278/278 287/287 286/286
f 279/279 272/272 280/280
f 279/279 280/280 287/287
f 280/280 288/288 281/281
f 281/281 288/288 282/282
f 282/282 288/288 283/283
f 283/283 288/288 284/284
f 284/284 288/288 285/285
f 285/285 288/288 286/286
f 286/286 288/288 287/287
f 287/287 288/288 280/280
f 289/289 291/291 295/295
f 289/289 295/295 293/293
f 297/297 299/299 303/303
f 297/297 303/303 301/301
f 305/305 307/307 311/311
f 305/305 311/311 309/309
f 313/313 315/315 319/319
f 313/313 319/319 317/317
f 321/321 323/323 327/327
f 321/321 327/327 325/325
f 329/329 331/331 335/335
f 329/329 335/335 333/333
f 337/337 350/350 338/338
f 337/337 349/349 350/350
f 338/338 351/351 339/339
f 338/338 350/350 351/351
f 339/339 352/352 340/340
f 339/339 351/351 352/352
f 340/340 353/353 341/341
f 340/340 352/352 353/353
f 341/341 354/354 342/342
f 341/341 353/353 354/354
f 342/342 355/355 343/343
f 342/342 354/354 355/355
f 343/343 356/356 344/344
f 343/343 355/355 356/356
f 344/344 357/357 345/345
f 344/344 356/356 357/357
f 345/345 358/358 346/346
f 345/345 357/357 358/358
f 346/346 359/359 347/347
f 346/346 358/358 359/359
f 347/347 360/360 348/348
f 347/347 359/359 360/360
f 348/348 349/349 337/337
f 348/348 360/360 349/349
f 349/349 362/362 350/350
f 349/349 361/361 362/362
f 350/350 363/363 351/351
f 350/350 362/362 363/363
f 351/351 364/364 352/352
f 351/351 363/363 364/364
f 352/352 365/365 353/353
f 352/352 364/364 365/365
f 353/353 366/366 354/354
f 353/353 365/365 366/366
f 354/354 367/367 355/355
f 354/354 366/366 367/367
f 355/355 368/368 356/356
f 355/355 367/367 368/368
f 356/356 369/369 357/357
f 356/356 368/368 369/369
f 357/357 370/370 358/358
f 357/357 369/369 370/370
f 358/358 371/371 359/359
f 358/358 370/370 371/371
f 359/359 372/372 360/360
f 359/359 371/371 372/372
f 360/360 361/361 349/349
f 360/360 372/372 361/361
f 361/361 374/374 362/362
f 361/361 373/373 374/374
f 362/362 375/375 363/363
f 362/362 374/374 375/375
f 363/363 376/376 364/364
f 363/363 375/375 376/376
f 364/364 377/377 365/365
f 364/364 376/376 377/377
f 365/365 378/378 366/366
f 365/365 377/377 378/378
f 366/366 379/379 367/367
f 366/366 378/378 379/379
f 367/367 380/380 368/368
f 367/367 379/379 380/380
f 368/368 381/381 369/369
f 368/368 380/380 381/381
f 369/369 382/382 370/370
f 369/369 381/381 382/382
f 370/370 383/383 371/371
f 370/370 382/382 383/383
f 371/371 384/384 372/372
f 371/371 383/383 384/384
f 372/372 373/373 361/361
f 372/372 384/384 373/373
f 373/373 386/386 374/374
f 373/373 385/385 386/386
f 374/374 387/387 375/375
f 374/374 386/386 387/387
f 375/375 388/388 376/376
f 375/375 387/387 388/388
f 376/376 389/389 377/377
f 376/376 388/388 389/389
f 377/377 390/390 378/378
f 377/377 389/389 390/390
f 378/378 391/391 379/379
f 378/378 390/390 391/391
f 379/379 392/392 380/380
f 379/379 391/391 392/392
f 380/380 393/393 381/381
f 380/380 392/392 393/393
f 381/381 394/394 382/382
f 381/381 393/393 394/394
f 382/382 395/395 383/383
f 382/382 394/394 395/395
f 383/383 396/396 384/384
f 383/383 395/395 396/396
f 384/384 385/385 373/373
f 384/384 396/396 385/385
f 337/337 338/338 398/398
f 337/337 398/398 397/397
f 338/338 339/339 399/399
f 338/338 399/399 398/398
f 339/339 340/340 400/400
f 339/339 400/400 399/399
f 340/340 341/341 401/401
f 340/340 401/401 400/400
f 341/341 342/342 402/402
f 341/341 402/402 401/401
f 342/342 343/343 403/403
f 342/342 403/403 402/402
f 343/343 344/344 404/404
f 343/343 404/404 403/403
f 344/344 345/345 405/405
f 344/344 405/405 404/404
f 345/345 346/346 406/406
f 345/345 406/406 405/405
f 346/346 347/347 407/407
f 346/346 407/407 406/406
f 347/347 348/348 408/408
f 347/347 408/408 407/407
f 348/348 337/337 397/397
f 348/348 397/397 408/408
f 397/397 410/410 398/398
f 397/397 409/409 410/410
f 398/398 411/411 399/399
f 398/398 410/410 411/411
f 399/399 412/412 400/400
f 399/399 411/411 412/412
f 400/400 413/413 401/401
f 400/400 412/412 413/413
f 401/401 414/414 402/402
f 401/401 413/413 414/414
f 402/402 415/415 403/403
f 402/402 414/414 415/415
f 403/403 416/416 404/404
f 403/403 415/415 416/416
f 404/404 417/417 405/405
f 404/404 416/416 417/417
f 405/405 418/418 406/406
f 405/405 417/417 418/418
f 406/406 419/419 407/407
f 406/406 418/418 419/419
f 407/407 420/420 408/408
f 407/407 419/419 420/420
f 408/408 409/409 397/397
f 408/408 420/420 409/409
f 409/409 421/421 410/410
f 410/410 421/421 411/411
f 411/411 421/421 412/412
f 412/412 421/421 413/413
f 413/413 421/421 414/414
f 414/414 421/421 415/415
f 415/415 421/421 416/416
f 416/416 421/421 417/417
f 417/417 421/421 418/418
f 418/418 421/421 419/419
f 419/419 421/421 420/420
f 420/420 421/421 409/409
f 422/422 423/423 435/435
f 422/422 435/435 434/434
f 423/423 424/424 436/436
f 423/423 436/436 435/435
f 424/424 425/425 437/437
f 424/424 437/437 436/436
f 425/425 426/426 438/438
f 425/425 438/438 437/437
f 426/426 427/427 439/439
f 426/426 439/439 438/438
f 427/427 428/428 440/440
f 427/427 440/440 439/439
f 428/428 429/429 441/441
f 428/428 441/441 440/440
f 429/429 430/430 442/442
f 429/429 442/442 441/441
f 430/430 431/431 443/443
f 430/430 443/443 442/442
f 431/431 432/432 444/444
f 431/431 444/444 443/443
f 432/432 433/433 445/445
f 432/432 445/445 444/444
f 433/433 422/422 434/434
f 433/433 434/434 445/445
f 447/447 453/453 449/449
f 447/447 451/451 453/453
f 455/455 461/461 457/457
f 455/455 459/459 461/461
f 462/462 463/463 465/465
f 462/462 465/465 464/464
f 462/462 467/467 463/463
f 462/462 466/466 467/467
f 462/462 464/464 468/468
f 462/462 468/468 466/466
f 466/466 469/469 467/467
f 466/466 468/468 469/469
f 464/464 465/465 469/469
f 464/464 469/469 468/468
f 463/463 469/469 465/465
f 463/463 467/467 469/469
f 470/470 475/475 471/471
f 470/470 474/474 475/475
f 472/472 473/473 477/477
f 472/472 477/477 476/476
f 478/478 479/479 481/481
f 478/478 481/481 480/480
f 478/478 480/480 484/484
f 478/478 484/484 482/482
f 479/479 485/485 481/481
f 479/479 483/483 485/485
f 490/490 493/493 491/491
f 490/490 492/492 493/493
f 486/486 488/488 492/492
f 486/486 492/492 490/490
f 487/487 493/493 489/489
f 487/487 491/491 493/493
f 494/494 499/499 495/495
f 494/494 498/498 499/499
f 496/496 497/497 501/501
f 496/496 501/501 500/500
f 502/502 503/503 505/505
f 502/502 505/505 504/504
f 502/502 504/504 508/508
f 502/502 508/508 506/506
f 503/503 509/509 505/505
f 503/503 507/507 509/509
f 514/514 517/517 515/515
f 514/514 516/516 517/517
f 510/510 512/512 516/516
f 510/510 516/516 514/514
f 511/511 517/517 513/513
f 511/511 515/515 517/517
f 518/518 519/519 521/521
f 518/518 521/521 520/520
f 518/518 523/523 519/519
f 518/518 522/522 523/523
f 518/518 520/520 524/524
f 518/518 524/524 522/522
f 522/522 525/525 523/523
f 522/522 524/524 525/525
f 520/520 521/521 525/525
f 520/520 525/525 524/524
f 519/519 525/525 521/521
f 519/519 523/523 525/525
f 526/526 530/530 527/527
f 526/526 529/529 530/530
f 527/527 528/528 531/531
f 527/527 531/531 530/530
f 528/528 529/529 526/526
f 528/528 531/531 529/529
f 529/529 533/533 530/530
f 529/529 532/532 533/533
f 530/530 531/531 534/534
f 530/530 534/534 533/533
f 531/531 532/532 529/529
f 531/531 534/534 532/532
f 532/532 536/536 533/533
f 532/532 535/535 536/536
f 533/533 534/534 537/537
f 533/533 537/537 536/536
f 534/534 535/535 532/532
f 534/534 537/537 535/535
f 538/538 539/539 541/541
f 538/538 541/541 540/540
f 538/538 543/543 539/539
f 538/538 542/542 543/543
f 538/538 540/540 544/544
f 538/538 544/544 542/542
f 542/542 545/545 543/543
f 542/542 544/544 545/545
f 540/540 541/541 545/545
f 540/540 545/545 544/544
f 539/539 545/545 541/541
f 539/539 543/543 545/545
f 546/546 547/547 549/549
f 546/546 549/549 548/548
f 546/546 551/551 547/547
f 546/546 550/550 551/551
f 546/546 548/548 552/552
f 546/546 552/552 550/550
f 550/550 553/553 551/551
f 550/550 552/552 553/553
f 548/548 549/549 553/553
f 548/548 553/553 552/552
f 547/547 553/553 549/549
f 547/547 551/551 553/553
f 554/554 555/555 557/557
f 554/554 557/557 556/556
f 554/554 559/559 555/555
f 554/554 558/558 559/559
f 554/554 556/556 560/560
f 554/554 560/560 558/558
f 558/558 561/561 559/559
f 558/558 560/560 561/561
f 556/556 557/557 561/561
f 556/556 561/561 560/560
f 555/555 561/561 557/557
f 555/555 559/559 561/561
f 562/562 563/563 565/565
f 562/562 565/565 564/564
f 566/566 569/569 567/567
f 566/566 568/568 569/569
f 562/562 564/564 568/568
f 562/562 568/568 566/566
f 563/563 569/569 565/565
f 563/563 567/567 569/569
f 570/570 571/571 573/573
f 570/570 573/573 572/572
f 574/574 577/577 575/575
f 574/574 576/576 577/577
f 570/570 572/572 576/576
f 570/570 576/576 574/574
f 571/571 577/577 573/573
f 571/571 575/575 577/577
f 578/578 579/579 581/581
f 578/578 581/581 580/580
f 582/582 585/585 583/583
f 582/582 584/584 585/585
f 578/578 580/580 584/584
f 578/578 584/584 582/582
f 579/579 585/585 581/581
f 579/579 583/583 585/585
f 586/586 587/587 589/589
f 586/586 589/589 588/588
f 590/590 593/593 591/591
f 590/590 592/592 593/593
f 586/586 588/588 592/592
f 586/586 592/592 590/590
f 587/587 593/593 589/589
f 587/587 591/591 593/593
f 594/594 595/595 597/597
f 594/594 597/597 596/596
f 594/594 599/599 595/595
f 594/594 598/598 599/599
f 594/594 596/596 600/600
f 594/594 600/600 598/598
f 598/598 601/601 599/599
f 598/598 600/600 601/601
f 596/596 597/597 601/601
f 596/596 601/601 600/600
f 595/595 601/601 597/597
f 595/595 599/599 601/601
f 606/606 607/607 609/609
f 606/606 609/609 608/608
f 606/606 611/611 607/607
f 606/606 610/610 611/611
f 606/606 608/608 612/612
f 606/606 612/612 610/610
f 610/610 613/613 611/611
f 610/610 612/612 613/613
f 608/608 609/609 613/613
f 608/608 613/613 612/612
f 607/607 613/613 609/609
f 607/607 611/611 613/613
f 614/614 615/615 617/617
f 614/614 617/617 616/616
f 614/614 619/619 615/615
f 614/614 618/618 619/619
f 614/614 616/616 620/620
f 614/614 620/620 618/618
f 618/618 621/621 619/619
f 618/618 620/620 621/621
f 616/616 617/617 621/621
f 616/616 621/621 620/620
f 615/615 621/621 617/617
f 615/615 619/619 621/621
f 626/626 627/627 629/629
f 626/626 629/629 628/628
f 626/626 631/631 627/627
f 626/626 630/630 631/631
f 626/626 628/628 632/632
f 626/626 632/632 630/630
f 630/630 633/633 631/631
f 630/630 632/632 633/633
f 628/628 629/629 633/633
f 628/628 633/633 632/632
f 627/627 633/633 629/629
f 627/627 631/631 633/633
f 634/634 635/635 637/637
f 634/634 637/637 636/636
f 634/634 639/639 635/635
f 634/634 638/638 639/639
f 634/634 636/636 640/640
f 634/634 640/640 638/638
f 638/638 641/641 639/639
f 638/638 640/640 641/641
f 636/636 637/637 641/641
f 636/636 641/641 640/640
f 635/635 641/641 637/637
f 635/635 639/639 641/641
f 646/646 647/647 649/649
f 646/646 649/649 648/648
f 646/646 651/651 647/647
f 646/646 650/650 651/651
f 646/646 648/648 652/652
f 646/646 652/652 650/650
f 650/650 653/653 651/651
f 650/650 652/652 653/653
f 648/648 649/649 653/653
f 648/648 653/653 652/652
f 647/647 653/653 649/649
f 647/647 651/651 653/653
f 654/654 655/655 657/657
f 654/654 657/657 656/656
f 654/654 659/659 655/655
f 654/654 658/658 659/659
f 654/654 656/656 660/660
f 654/654 660/660 658/658
f 658/658 661/661 659/659
f 658/658 660/660 661/661
f 656/656 657/657 661/661
f 656/656 661/661 660/660
f 655/655 661/661 657/657
f 655/655 659/659 661/661
f 662/662 663/663 665/665
f 662/662 665/665 664/664
f 670/670 671/671 673/673
f 670/670 673/673 672/672
f 678/678 679/679 681/681
f 678/678 681/681 680/680
f 686/686 687/687 689/689
f 686/686 689/689 688/688
f 694/694 695/695 697/697
f 694/694 697/697 696/696
f 702/702 703/703 705/705
f 702/702 705/705 704/704
f 702/702 707/707 703/703
f 702/702 706/706 707/707
f 702/702 704/704 708/708
f 702/702 708/708 706/706
f 706/706 709/709 707/707
f 706/706 708/708 709/709
f 704/704 705/705 709/709
f 704/704 709/709 708/708
f 703/703 709/709 705/705
f 703/703 707/707 709/709
f 710/710 711/711 714/714
f 710/710 714/714 713/713
f 711/711 715/715 712/712
f 711/711 714/714 715/715
f 712/712 710/710 713/713
f 712/712 713/713 715/715
f 713/713 714/714 717/717
f 713/713 717/717 716/716
f 714/714 718/718 715/715
f 714/714 717/717 718/718
f 715/715 713/713 716/716
f 715/715 716/716 718/718
f 716/716 717/717 720/720
f 716/716 720/720 719/719
f 717/717 721/721 718/718
f 717/717 720/720 721/721
f 718/718 716/716 719/719
f 718/718 719/719 721/721
f 719/719 723/723 720/720
f 719/719 722/722 723/723
f 720/720 721/721 724/724
f 720/720 724/724 723/723
f 721/721 722/722 719/719
f 721/721 724/724 722/722
f 725/725 726/726 728/728
f 725/725 728/728 727/727
f 725/725 730/730 726/726
f 725/725 729/729 730/730
f 725/725 727/727 731/731
f 725/725 731/731 729/729
f 729/729 732/732 730/730
f 729/729 731/731 732/732
f 727/727 728/728 732/732
f 727/727 732/732 731/731
f 726/726 732/732 728/728
f 726/726 730/730 732/732
f 733/733 734/734 736/736
f 733/733 736/736 735/735
f 737/737 740/740 738/738
f 737/737 739/739 740/740
f 733/733 735/735 739/739
f 733/733 739/739 737/737
f 734/734 740/740 736/736
f 734/734 738/738 740/740
f 741/741 742/742 744/744
f 741/741 744/744 743/743
f 745/745 748/748 746/746
f 745/745 747/747 748/748
f 741/741 743/743 747/747
f 741/741 747/747 745/745
f 742/742 748/748 744/744
f 742/742 746/746 748/748
f 749/749 750/750 752/752
f 749/749 752/752 751/751
f 753/753 756/756 754/754
f 753/753 755/755 756/756
f 749/749 751/751 755/755
f 749/749 755/755 753/753
f 750/750 756/756 752/752
f 750/750 754/754 756/756
f 757/757 758/758 760/760
f 757/757 760/760 759/759
f 761/761 764/764 762/762
f 761/761 763/763 764/764
f 757/757 759/759 763/763
f 757/757 763/763 761/761
f 758/758 764/764 760/760
f 758/758 762/762 764/764
f 765/765 766/766 768/768
f 765/765 768/768 767/767
f 765/765 770/770 766/766
f 765/765 769/769 770/770
f 765/765 767/767 771/771
f 765/765 771/771 769/769
f 769/769 772/772 770/770
f 769/769 771/771 772/772
f 767/767 768/768 772/772
f 767/767 772/772 771/771
f 766/766 772/772 768/768
f 766/766 770/770 772/772
f 773/773 774/774 776/776
f 773/773 776/776 775/775
f 773/773 778/778 774/774
f 773/773 777/777 778/778
f 773/773 775/775 779/779
f 773/773 779/779 777/777
f 777/777 780/780 778/778
f 777/777 779/779 780/780
f 775/775 776/776 780/780
f 775/775 780/780 779/779
f 774/774 780/780 776/776
f 774/774 778/778 780/780
f 781/781 782/782 784/784
f 781/781 784/784 783/783
f 781/781 786/786 782/782
f 781/781 785/785 786/786
f 781/781 783/783 787/787
f 781/781 787/787 785/785
f 785/785 788/788 786/786
f 785/785 787/787 788/788
f 783/783 784/784 788/788
f 783/783 788/788 787/787
f 782/782 788/788 784/784
f 782/782 786/786 788/788
f 789/789 796/796 790/790
f 789/789 795/795 796/796
f 790/790 797/797 791/791
f 790/790 796/796 797/797
f 791/791 798/798 792/792
f 791/791 797/797 798/798
f 792/792 799/799 793/793
f 792/792 798/798 799/799
f 793/793 800/800 794/794
f 793/793 799/799 800/800
f 794/794 795/795 789/789
f 794/794 800/800 795/795
f 801/801 807/807 802/802
f 802/802 807/807 803/803
f 803/803 807/807 804/804
f 804/804 807/807 805/805
f 805/805 807/807 806/806
f 806/806 807/807 801/801
f 808/808 809/809 811/811
f 808/808 811/811 810/810
f 812/812 815/815 813/813
f 812/812 814/814 815/815
f 810/810 811/811 815/815
f 810/810 815/815 814/814
f 808/808 810/810 814/814
f 808/808 814/814 812/812
f 809/809 815/815 811/811
f 809/809 813/813 815/815
f 816/816 823/823 817/817
f 816/816 822/822 823/823
f 817/817 824/824 818/818
f 817/817 823/823 824/824
f 818/818 825/825 819/819
f 818/818 824/824 825/825
f 819/819 826/826 820/820
f 819/819 825/825 826/826
f 820/820 827/827 821/821
f 820/820 826/826 827/827
f 821/821 822/822 816/816
f 821/821 827/827 822/822
f 828/828 834/834 829/829
f 829/829 834/834 830/830
f 830/830 834/834 831/831
f 831/831 834/834 832/832
f 832/832 834/834 833/833
f 833/833 834/834 828/828
f 835/835 836/836 838/838
f 835/835 838/838 837/837
f 839/839 842/842 840/840
f 839/839 841/841 842/842
f 837/837 838/838 842/842
f 837/837 842/842 841/841
f 835/835 837/837 841/841
f 835/835 841/841 839/839
f 836/836 842/842 838/838
f 836/836 840/840 842/842
f 843/843 850/850 844/844
f 843/843 849/849 850/850
f 844/844 851/851 845/845
f 844/844 850/850 851/851
f 845/845 852/852 846/846
f 845/845 851/851 852/852
f 846/846 853/853 847/847
f 846/846 852/852 853/853
f 847/847 854/854 848/848
f 847/847 853/853 854/854
f 848/848 849/849 843/843
f 848/848 854/854 849/849
f 855/855 861/861 856/856
f 856/856 861/861 857/857
f 857/857 861/861 858/858
f 858/858 861/861 859/859
f 859/859 861/861 860/860
f 860/860 861/861 855/855
f 862/862 863/863 865/865
f 862/862 865/865 864/864
f 866/866 869/869 867/867
f 866/866 868/868 869/869
f 864/864 865/865 869/869
f 864/864 869/869 868/868
f 862/862 864/864 868/868
f 862/862 868/868 866/866
f 863/863 869/869 865/865
f 863/863 867/867 869/869
f 870/870 879/879 871/871
f 870/870 878/878 879/879
f 871/871 880/880 872/872
f 871/871 879/879 880/880
f 872/872 881/881 873/873
f 872/872 880/880 881/881
f 873/873 882/882 874/874
f 873/873 881/881 882/882
f 874/874 883/883 875/875
f 874/874 882/882 883/883
f 875/875 884/884 876/876
f 875/875 883/883 884/884
f 876/876 885/885 877/877
f 876/876 884/884 885/885
f 877/877 878/878 870/870
f 877/877 885/885 878/878
f 878/878 886/886 879/879
f 879/879 886/886 880/880
f 880/880 886/886 881/881
f 881/881 886/886 882/882
f 882/882 886/886 883/883
f 883/883 886/886 884/884
f 884/884 886/886 885/885
f 885/885 886/886 878/878
f 887/887 888/888 890/890
f 887/887 890/890 889/889
f 887/887 892/892 888/888
f 887/887 891/891 892/892
f 887/887 889/889 893/893
f 887/887 893/893 891/891
f 891/891 894/894 892/892
f 891/891 893/893 894/894
f 889/889 890/890 894/894
f 889/889 894/894 893/893
f 888/888 894/894 890/890
f 888/888 892/892 894/894
f 895/895 896/896 898/898
f 895/895 898/898 897/897
f 895/895 900/900 896/896
f 895/895 899/899 900/900
f 895/895 897/897 901/901
f 895/895 901/901 899/899
f 899/899 902/902 900/900
f 899/899 901/901 902/902
f 897/897 898/898 902/902
f 897/897 902/902 901/901
f 896/896 902/902 898/898
f 896/896 900/900 902/902
f 903/903 904/904 906/906
f 903/903 906/906 905/905
f 903/903 908/908 904/904
f 903/903 907/907 908/908
f 903/903 905/905 909/909
f 903/903 909/909 907/907
f 907/907 910/910 908/908
f 907/907 909/909 910/910
f 905/905 906/906 910/910
f 905/905 910/910 909/909
f 904/904 910/910 906/906
f 904/904 908/908 910/910
f 911/911 912/912 914/914
f 911/911 914/914 913/913
f 911/911 916/916 912/912
f 911/911 915/915 916/916
f 911/911 913/913 917/917
f 911/911 917/917 915/915
f 915/915 918/918 916/916
f 915/915 917/917 918/918
f 913/913 914/914 918/918
f 913/913 918/918 917/917
f 912/912 918/918 914/914
f 912/912 916/916 918/918
f 919/919 920/920 922/922
f 919/919 922/922 921/921
f 919/919 924/924 920/920
f 919/919 923/923 924/924
f 919/919 921/921 925/925
f 919/919 925/925 923/923
f 923/923 926/926 924/924
f 923/923 925/925 926/926
f 921/921 922/922 926/926
f 921/921 926/926 925/925
f 920/920 926/926 922/922
f 920/920 924/924 926/926
f 927/927 928/928 930/930
f 927/927 930/930 929/929
f 927/927 932/932 928/928
f 927/927 931/931 932/932
f 927/927 929/929 933/933
f 927/927 933/933 931/931
f 931/931 934/934 932/932
f 931/931 933/933 934/934
f 929/929 930/930 934/934
f 929/929 934/934 933/933
f 928/928 934/934 930/930
f 928/928 932/932 934/934
f 935/935 936/936 942/942
f 935/935 942/942 941/941
f 936/936 937/937 943/943
f 936/936 943/943 942/942
f 937/937 938/938 944/944
f 937/937 944/944 943/943
f 938/938 939/939 945/945
f 938/938 945/945 944/944
f 939/939 940/940 946/946
f 939/939 946/946 945/945
f 940/940 935/935 941/941
f 940/940 941/941 946/946
f 947/947 948/948 954/954
f 947/947 954/954 953/953
f 948/948 949/949 955/955
f 948/948 955/955 954/954
f 949/949 950/950 956/956
f 949/949 956/956 955/955
f 950/950 951/951 957/957
f 950/950 957/957 956/956
f 951/951 952/952 958/958
f 951/951 958/958 957/957
f 952/952 947/947 953/953
f 952/952 953/953 958/958
f 959/959 968/968 960/960
f 959/959 967/967 968/968
f 960/960 969/969 961/961
f 960/960 968/968 969/969
f 961/961 970/970 962/962
f 961/961 969/969 970/970
f 962/962 971/971 963/963
f 962/962 970/970 971/971
f 963/963 972/972 964/964
f 963/963 971/971 972/972
f 964/964 973/973 965/965
f 964/964 972/972 973/973
f 965/965 974/974 966/966
f 965/965 973/973 974/974
f 966/966 967/967 959/959
f 966/966 974/974 967/967
f 975/975 976/976 978/978
f 975/975 978/978 977/977
f 979/979 982/982 980/980
f 979/979 981/981 982/982
f 975/975 977/977 981/981
f 975/975 981/981 979/979
f 976/976 982/982 978/978
f 976/976 980/980 982/982
f 983/983 984/984 990/990
f 983/983 990/990 989/989
f 984/984 985/985 991/991
f 984/984 991/991 990/990
f 985/985 986/986 992/992
f 985/985 992/992 991/991
f 986/986 987/987 993/993
f 986/986 993/993 992/992
f 987/987 988/988 994/994
f 987/987 994/994 993/993
f 988/988 983/983 989/989
f 988/988 989/989 994/994
f 995/995 996/996 1001/1001
f 996/996 997/997 1001/1001
f 997/997 998/998 1001/1001
f 998/998 999/999 1001/1001
f 999/999 1000/1000 1001/1001
f 1000/1000 995/995 1001/1001
f 1002/1002 1003/1003 1005/1005
f 1002/1002 1005/1005 1004/1004
f 1006/1006 1009/1009 1007/1007
f 1006/1006 1008/1008 1009/1009
f 1002/1002 1004/1004 1008/1008
f 1002/1002 1008/1008 1006/1006
f 1003/1003 1009/1009 1005/1005
f 1003/1003 1007/1007 1009/1009
f 1010/1010 1011/1011 1017/1017
f 1010/1010 1017/1017 1016/1016
f 1011/1011 1012/1012 1018/1018
f 1011/1011 1018/1018 1017/1017
f 1012/1012 1013/1013 1019/1019
f 1012/1012 1019/1019 1018/1018
f 1013/1013 1014/1014 1020/1020
f 1013/1013 1020/1020 1019/1019
f 1014/1014 1015/1015 1021/1021
f 1014/1014 1021/1021 1020/1020
f 1015/1015 1010/1010 1016/1016
f 1015/1015 1016/1016 1021/1021
f 1022/1022 1023/1023 1028/1028
f 1023/1023 1024/1024 1028/1028
f 1024/1024 1025/1025 1028/1028
f 1025/1025 1026/1026 1028/1028
f 1026/1026 1027/1027 1028/1028
f 1027/1027 1022/1022 1028/1028
f 1029/1029 1030/1030 1032/1032
f 1029/1029 1032/1032 1031/1031
f 1033/1033 1036/1036 1034/1034
f 1033/1033 1035/1035 1036/1036
f 1029/1029 1031/1031 1035/1035
f 1029/1029 1035/1035 1033/1033
f 1030/1030 1036/1036 1032/1032
f 1030/1030 1034/1034 1036/1036
f 1037/1037 1038/1038 1044/1044
f 1037/1037 1044/1044 1043/1043
f 1038/1038 1039/1039 1045/1045
f 1038/1038 1045/1045 1044/1044
f 1039/1039 1040/1040 1046/1046
f 1039/1039 1046/1046 1045/1045
f 1040/1040 1041/1041 1047/1047
f 1040/1040 1047/1047 1046/1046
f 1041/1041 1042/1042 1048/1048
f 1041/1041 1048/1048 1047/1047
f 1042/1042 1037/1037 1043/1043
f 1042/1042 1043/1043 1048/1048
f 1049/1049 1052/1052 1053/1053
f 1049/1049 1053/1053 1050/1050
f 1050/1050 1053/1053 1054/1054
f 1050/1050 1054/1054 1051/1051
f 1052/1052 1055/1055 1056/1056
f 1052/1052 1056/1056 1053/1053
f 1053/1053 1056/1056 1057/1057
f 1053/1053 1057/1057 1054/1054
f 1058/1058 1059/1059 1061/1061
f 1058/1058 1061/1061 1060/1060
f 1058/1058 1063/1063 1059/1059
f 1058/1058 1062/1062 1063/1063
f 1058/1058 1060/1060 1064/1064
f 1058/1058 1064/1064 1062/1062
f 1062/1062 1065/1065 1063/1063
f 1062/1062 1064/1064 1065/1065
f 1060/1060 1061/1061 1065/1065
f 1060/1060 1065/1065 1064/1064
f 1059/1059 1065/1065 1061/1061
f 1059/1059 1063/1063 1065/1065
f 1066/1066 1067/1067 1070/1070
f 1066/1066 1070/1070 1069/1069
f 1067/1067 1071/1071 1068/1068
f 1067/1067 1070/1070 1071/1071
f 1068/1068 1066/1066 1069/1069
f 1068/1068 1069/1069 1071/1071
f 1069/1069 1070/1070 1073/1073
f 1069/1069 1073/1073 1072/1072
f 1070/1070 1074/1074 1071/1071
f 1070/1070 1073/1073 1074/1074
f 1071/1071 1069/1069 1072/1072
f 1071/1071 1072/1072 1074/1074
f 1072/1072 1073/1073 1076/1076
f 1072/1072 1076/1076 1075/1075
f 1073/1073 1077/1077 1074/1074
f 1073/1073 1076/1076 1077/1077
f 1074/1074 1072/1072 1075/1075
f 1074/1074 1075/1075 1077/1077
f 1075/1075 1076/1076 1079/1079
f 1075/1075 1079/1079 1078/1078
f 1076/1076 1080/1080 1077/1077
f 1076/1076 1079/1079 1080/1080
f 1077/1077 1075/1075 1078/1078
f 1077/1077 1078/1078 1080/1080
f 1081/1081 1083/1083 1082/1082
f 1081/1081 1084/1084 1083/1083
f 1085/1085 1087/1087 1086/1086
f 1085/1085 1088/1088 1087/1087
f 1089/1089 1091/1091 1090/1090
f 1089/1089 1092/1092 1091/1091
f 1093/1093 1095/1095 1094/1094
f 1093/1093 1096/1096 1095/1095
f 1101/1101 1104/1104 1102/1102
f 1101/1101 1103/1103 1104/1104
f 1106/1106 1112/1112 1108/1108
f 1106/1106 1110/1110 1112/1112
f 1113/1113 1114/1114 1116/1116
f 1113/1113 1116/1116 1115/1115
f 1121/1121 1122/1122 1124/1124
f 1121/1121 1124/1124 1123/1123
f 1121/1121 1126/1126 1122/1122
f 1121/1121 1125/1125 1126/1126
f 1121/1121 1123/1123 1127/1127
f 1121/1121 1127/1127 1125/1125
f 1125/1125 1128/1128 1126/1126
f 1125/1125 1127/1127 1128/1128
f 1123/1123 1124/1124 1128/1128
f 1123/1123 1128/1128 1127/1127
f 1122/1122 1128/1128 1124/1124
f 1122/1122 1126/1126 1128/1128
f 1129/1129 1130/1130 1132/1132
f 1129/1129 1132/1132 1131/1131
f 1129/1129 1134/1134 1130/1130
f 1129/1129 1133/1133 1134/1134
f 1129/1129 1131/1131 1135/1135
f 1129/1129 1135/1135 1133/1133
f 1133/1133 1136/1136 1134/1134
f 1133/1133 1135/1135 1136/1136
f 1131/1131 1132/1132 1136/1136
f 1131/1131 1136/1136 1135/1135
f 1130/1130 1136/1136 1132/1132
f 1130/1130 1134/1134 1136/1136
f 1137/1137 1138/1138 1140/1140
f 1137/1137 1140/1140 1139/1139
f 1145/1145 1147/1147 1146/1146
f 1145/1145 1148/1148 1147/1147
f 1149/1149 1151/1151 1150/1150
f 1149/1149 1152/1152 1151/1151
f 1153/1153 1155/1155 1154/1154
f 1153/1153 1156/1156 1155/1155
f 1229/1229 1230/1230 1232/1232
f 1229/1229 1232/1232 1231/1231
f 1229/1229 1234/1234 1230/1230
f 1229/1229 1233/1233 1234/1234
f 1229/1229 1231/1231 1235/1235
f 1229/1229 1235/1235 1233/1233
f 1233/1233 1236/1236 1234/1234
f 1233/1233 1235/1235 1236/1236
f 1231/1231 1232/1232 1236/1236
f 1231/1231 1236/1236 1235/1235
f 1230/1230 1236/1236 1232/1232
f 1230/1230 1234/1234 1236/1236
f 1237/1237 1242/1242 1238/1238
f 1237/1237 1241/1241 1242/1242
f 1245/1245 1246/1246 1248/1248
f 1245/1245 1248/1248 1247/1247
f 1245/1245 1250/1250 1246/1246
f 1245/1245 1249/1249 1250/1250
f 1245/1245 1247/1247 1251/1251
f 1245/1245 1251/1251 1249/1249
f 1249/1249 1252/1252 1250/1250
f 1249/1249 1251/1251 1252/1252
f 1247/1247 1248/1248 1252/1252
f 1247/1247 1252/1252 1251/1251
f 1246/1246 1252/1252 1248/1248
f 1246/1246 1250/1250 1252/1252
f 1253/1253 1258/1258 1254/1254
f 1253/1253 1257/1257 1258/1258
f 1261/1261 1262/1262 1265/1265
f 1261/1261 1265/1265 1264/1264
f 1262/1262 1266/1266 1263/1263
f 1262/1262 1265/1265 1266/1266
f 1263/1263 1261/1261 1264/1264
f 1263/1263 1264/1264 1266/1266
f 1264/1264 1268/1268 1265/1265
f 1264/1264 1267/1267 1268/1268
f 1265/1265 1266/1266 1269/1269
f 1265/1265 1269/1269 1268/1268
f 1266/1266 1267/1267 1264/1264
f 1266/1266 1269/1269 1267/1267
f 1267/1267 1271/1271 1268/1268
f 1267/1267 1270/1270 1271/1271
f 1268/1268 1269/1269 1272/1272
f 1268/1268 1272/1272 1271/1271
f 1269/1269 1270/1270 1267/1267
f 1269/1269 1272/1272 1270/1270
f 1273/1273 1274/1274 1277/1277
f 1273/1273 1277/1277 1276/1276
f 1274/1274 1278/1278 1275/1275
f 1274/1274 1277/1277 1278/1278
f 1275/1275 1273/1273 1276/1276
f 1275/1275 1276/1276 1278/1278
f 1276/1276 1277/1277 1280/1280
f 1276/1276 1280/1280 1279/1279
f 1277/1277 1281/1281 1278/1278
f 1277/1277 1280/1280 1281/1281
f 1278/1278 1276/1276 1279/1279
f 1278/1278 1279/1279 1281/1281
f 1282/1282 1283/1283 1285/1285
f 1282/1282 1285/1285 1284/1284
f 1282/1282 1287/1287 1283/1283
f 1282/1282 1286/1286 1287/1287
f 1282/1282 1284/1284 1288/1288
f 1282/1282 1288/1288 1286/1286
f 1286/1286 1289/1289 1287/1287
f 1286/1286 1288/1288 1289/1289
f 1284/1284 1285/1285 1289/1289
f 1284/1284 1289/1289 1288/1288
f 1283/1283 1289/1289 1285/1285
f 1283/1283 1287/1287 1289/1289
f 1290/1290 1291/1291 1293/1293
f 1290/1290 1293/1293 1292/1292
f 1290/1290 1295/1295 1291/1291
f 1290/1290 1294/1294 1295/1295
f 1290/1290 1292/1292 1296/1296
f 1290/1290 1296/1296 1294/1294
f 1294/1294 1297/1297 1295/1295
f 1294/1294 1296/1296 1297/1297
f 1292/1292 1293/1293 1297/1297
f 1292/1292 1297/1297 1296/1296
f 1291/1291 1297/1297 1293/1293
f 1291/1291 1295/1295 1297/1297
f 1298/1298 1299/1299 1301/1301
f 1298/1298 1301/1301 1300/1300
f 1298/1298 1303/1303 1299/1299
f 1298/1298 1302/1302 1303/1303
f 1298/1298 1300/1300 1304/1304
f 1298/1298 1304/1304 1302/1302
f 1302/1302 1305/1305 1303/1303
f 1302/1302 1304/1304 1305/1305
f 1300/1300 1301/1301 1305/1305
f 1300/1300 1305/1305 1304/1304
f 1299/1299 1305/1305 1301/1301
f 1299/1299 1303/1303 1305/1305
f 1306/1306 1307/1307 1309/1309
f 1306/1306 1309/1309 1308/1308
f 1314/1314 1315/1315 1317/1317
f 1314/1314 1317/1317 1316/1316
f 1322/1322 1324/1324 1323/1323
f 1322/1322 1325/1325 1324/1324
f 1326/1326 1328/1328 1327/1327
f 1326/1326 1329/1329 1328/1328
f 1330/1330 1331/1331 1339/1339
f 1330/1330 1339/1339 1338/1338
f 1331/1331 1332/1332 1340/1340
f 1331/1331 1340/1340 1339/1339
f 1332/1332 1333/1333 1341/1341
f 1332/1332 1341/1341 1340/1340
f 1333/1333 1334/1334 1342/1342
f 1333/1333 1342/1342 1341/1341
f 1334/1334 1335/1335 1343/1343
f 1334/1334 1343/1343 1342/1342
f 1335/1335 1336/1336 1344/1344
f 1335/1335 1344/1344 1343/1343
f 1336/1336 1337/1337 1345/1345
f 1336/1336 1345/1345 1344/1344
f 1337/1337 1330/1330 1338/1338
f 1337/1337 1338/1338 1345/1345
f 1346/1346 1347/1347 1355/1355
f 1346/1346 1355/1355 1354/1354
f 1347/1347 1348/1348 1356/1356
f 1347/1347 1356/1356 1355/1355
f 1348/1348 1349/1349 1357/1357
f 1348/1348 1357/1357 1356/1356
f 1349/1349 1350/1350 1358/1358
f 1349/1349 1358/1358 1357/1357
f 1350/1350 1351/1351 1359/1359
f 1350/1350 1359/1359 1358/1358
f 1351/1351 1352/1352 1360/1360
f 1351/1351 1360/1360 1359/1359
f 1352/1352 1353/1353 1361/1361
f 1352/1352 1361/1361 1360/1360
f 1353/1353 1346/1346 1354/1354
f 1353/1353 1354/1354 1361/1361
f 1366/1366 1369/1369 1367/1367
f 1366/1366 1368/1368 1369/1369
f 1374/1374 1377/1377 1375/1375
f 1374/1374 1376/1376 1377/1377
f 1382/1382 1385/1385 1383/1383
f 1382/1382 1384/1384 1385/1385
f 1390/1390 1393/1393 1391/1391
f 1390/1390 1392/1392 1393/1393
f 1398/1398 1401/1401 1399/1399
f 1398/1398 1400/1400 1401/1401
f 1406/1406 1409/1409 1407/1407
f 1406/1406 1408/1408 1409/1409
f 1414/1414 1417/1417 1415/1415
f 1414/1414 1416/1416 1417/1417
f 1422/1422 1425/1425 1423/1423
f 1422/1422 1424/1424 1425/1425
f 1426/1426 1435/1435 1427/1427
f 1426/1426 1434/1434 1435/1435
f 1427/1427 1436/1436 1428/1428
f 1427/1427 1435/1435 1436/1436
f 1428/1428 1437/1437 1429/1429
f 1428/1428 1436/1436 1437/1437
f 1429/1429 1438/1438 1430/1430
f 1429/1429 1437/1437 1438/1438
f 1430/1430 1439/1439 1431/1431
f 1430/1430 1438/1438 1439/1439
f 1431/1431 1440/1440 1432/1432
f 1431/1431 1439/1439 1440/1440
f 1432/1432 1441/1441 1433/1433
f 1432/1432 1440/1440 1441/1441
f 1433/1433 1434/1434 1426/1426
f 1433/1433 1441/1441 1434/1434
f 1434/1434 1443/1443 1435/1435
f 1434/1434 1442/1442 1443/1443
f 1435/1435 1444/1444 1436/1436
f 1435/1435 1443/1443 1444/1444
f 1436/1436 1445/1445 1437/1437
f 1436/1436 1444/1444 1445/1445
f 1437/1437 1446/1446 1438/1438
f 1437/1437 1445/1445 1446/1446
f 1438/1438 1447/1447 1439/1439
f 1438/1438 1446/1446 1447/1447
f 1439/1439 1448/1448 1440/1440
f 1439/1439 1447/1447 1448/1448
f 1440/1440 1449/1449 1441/1441
f 1440/1440 1448/1448 1449/1449
f 1441/1441 1442/1442 1434/1434
f 1441/1441 1449/1449 1442/1442
f 1450/1450 1451/1451 1459/1459
f 1450/1450 1459/1459 1458/1458
f 1451/1451 1452/1452 1460/1460
f 1451/1451 1460/1460 1459/1459
f 1452/1452 1453/1453 1461/1461
f 1452/1452 1461/1461 1460/1460
f 1453/1453 1454/1454 1462/1462
f 1453/1453 1462/1462 1461/1461
f 1454/1454 1455/1455 1463/1463
f 1454/1454 1463/1463 1462/1462
f 1455/1455 1456/1456 1464/1464
f 1455/1455 1464/1464 1463/1463
f 1456/1456 1457/1457 1465/1465
f 1456/1456 1465/1465 1464/1464
f 1457/1457 1450/1450 1458/1458
f 1457/1457 1458/1458 1465/1465
f 1466/1466 1467/1467 1474/1474
f 1467/1467 1468/1468 1474/1474
f 1468/1468 1469/1469 1474/1474
f 1469/1469 1470/1470 1474/1474
f 1470/1470 1471/1471 1474/1474
f 1471/1471 1472/1472 1474/1474
f 1472/1472 1473/1473 1474/1474
f 1473/1473 1466/1466 1474/1474
f 1479/1479 1482/1482 1480/1480
f 1479/1479 1481/1481 1482/1482
f 1487/1487 1490/1490 1488/1488
f 1487/1487 1489/1489 1490/1490
f 1491/1491 1495/1495 1492/1492
f 1491/1491 1494/1494 1495/1495
f 1492/1492 1493/1493 1496/1496
f 1492/1492 1496/1496 1495/1495
f 1493/1493 1494/1494 1491/1491
f 1493/1493 1496/1496 1494/1494
f 1494/1494 1498/1498 1495/1495
f 1494/1494 1497/1497 1498/1498
f 1495/1495 1496/1496 1499/1499
f 1495/1495 1499/1499 1498/1498
f 1496/1496 1497/1497 1494/1494
f 1496/1496 1499/1499 1497/1497
f 1497/1497 1498/1498 1501/1501
f 1497/1497 1501/1501 1500/1500
f 1498/1498 1502/1502 1499/1499
f 1498/1498 1501/1501 1502/1502
f 1499/1499 1497/1497 1500/1500
f 1499/1499 1500/1500 1502/1502
usemtl wall
f 31/31 35/35 36/36
f 31/31 36/36 32/32
f 32/32 36/36 37/37
f 32/32 37/37 33/33
f 33/33 37/37 38/38
f 33/33 38/38 34/34
f 35/35 39/39 40/40
f 35/35 40/40 36/36
f 36/36 40/40 41/41
f 36/36 41/41 37/37
f 37/37 41/41 42/42
f 37/37 42/42 38/38
f 39/39 43/43 44/44
f 39/39 44/44 40/40
f 40/40 44/44 45/45
f 40/40 45/45 41/41
f 41/41 45/45 46/46
f 41/41 46/46 42/42
f 43/43 47/47 48/48
f 43/43 48/48 44/44
f 44/44 48/48 49/49
f 44/44 49/49 45/45
f 45/45 49/49 50/50
f 45/45 50/50 46/46
f 51/51 55/55 56/56
f 51/51 56/56 52/52
f 52/52 56/56 57/57
f 52/52 57/57 53/53
f 53/53 57/57 58/58
f 53/53 58/58 54/54
f 55/55 59/59 60/60
f 55/55 60/60 56/56
f 56/56 60/60 61/61
f 56/56 61/61 57/57
f 57/57 61/61 62/62
f 57/57 62/62 58/58
f 59/59 63/63 64/64
f 59/59 64/64 60/60
f 60/60 64/64 65/65
f 60/60 65/65 61/61
f 61/61 65/65 66/66
f 61/61 66/66 62/62
f 63/63 67/67 68/68
f 63/63 68/68 64/64
f 64/64 68/68 69/69
f 64/64 69/69 65/65
f 65/65 69/69 70/70
f 65/65 70/70 66/66
f 71/71 75/75 76/76
f 71/71 76/76 72/72
f 72/72 76/76 77/77
f 72/72 77/77 73/73
f 73/73 77/77 78/78
f 73/73 78/78 74/74
f 75/75 79/79 80/80
f 75/75 80/80 76/76
f 76/76 80/80 81/81
f 76/76 81/81 77/77
f 77/77 81/81 82/82
f 77/77 82/82 78/78
f 79/79 83/83 84/84
f 79/79 84/84 80/80
f 80/80 84/84 85/85
f 80/80 85/85 81/81
f 81/81 85/85 86/86
f 81/81 86/86 82/82
f 83/83 87/87 88/88
f 83/83 88/88 84/84
f 84/84 88/88 89/89
f 84/84 89/89 85/85
f 85/85 89/89 90/90
f 85/85 90/90 86/86
f 91/91 96/96 95/95
f 91/91 92/92 96/96
f 92/92 97/97 96/96
f 92/92 93/93 97/97
f 93/93 98/98 97/97
f 93/93 94/94 98/98
f 95/95 100/100 99/99
f 95/95 96/96 100/100
f 96/96 101/101 100/100
f 96/96 97/97 101/101
f 97/97 102/102 101/101
f 97/97 98/98 102/102
f 99/99 104/104 103/103
f 99/99 100/100 104/104
f 100/100 105/105 104/104
f 100/100 101/101 105/105
f 101/101 106/106 105/105
f 101/101 102/102 106/106
f 103/103 108/108 107/107
f 103/103 104/104 108/108
f 104/104 109/109 108/108
f 104/104 105/105 109/109
f 105/105 110/110 109/109
f 105/105 106/106 110/110
f 111/111 116/116 115/115
f 111/111 112/112 116/116
f 112/112 117/117 116/116
f 112/112 113/113 117/117
f 113/113 118/118 117/117
f 113/113 114/114 118/118
f 115/115 120/120 119/119
f 115/115 116/116 120/120
f 116/116 121/121 120/120
f 116/116 117/117 121/121
f 117/117 122/122 121/121
f 117/117 118/118 122/122
f 123/123 128/128 127/127
f 123/123 124/124 128/128
f 124/124 129/129 128/128
f 124/124 125/125 129/129
f 125/125 130/130 129/129
f 125/125 126/126 130/130
f 131/131 134/134 133/133
f 131/131 132/132 134/134
f 1177/1177 1179/1179 1180/1180
f 1177/1177 1180/1180 1178/1178
f 1179/1179 1181/1181 1182/1182
f 1179/1179 1182/1182 1180/1180
f 1181/1181 1183/1183 1184/1184
f 1181/1181 1184/1184 1182/1182
f 1185/1185 1188/1188 1189/1189
f 1185/1185 1189/1189 1186/1186
f 1186/1186 1189/1189 1190/1190
f 1186/1186 1190/1190 1187/1187
f 1188/1188 1191/1191 1192/1192
f 1188/1188 1192/1192 1189/1189
f 1189/1189 1192/1192 1193/1193
f 1189/1189 1193/1193 1190/1190
f 1191/1191 1194/1194 1195/1195
f 1191/1191 1195/1195 1192/1192
f 1192/1192 1195/1195 1196/1196
f 1192/1192 1196/1196 1193/1193
f 1197/1197 1201/1201 1200/1200
f 1197/1197 1198/1198 1201/1201
f 1198/1198 1202/1202 1201/1201
f 1198/1198 1199/1199 1202/1202
f 1200/1200 1204/1204 1203/1203
f 1200/1200 1201/1201 1204/1204
f 1201/1201 1205/1205 1204/1204
f 1201/1201 1202/1202 1205/1205
f 1203/1203 1207/1207 1206/1206
f 1203/1203 1204/1204 1207/1207
f 1204/1204 1208/1208 1207/1207
f 1204/1204 1205/1205 1208/1208
f 1209/1209 1213/1213 1212/1212
f 1209/1209 1210/1210 1213/1213
f 1210/1210 1214/1214 1213/1213
f 1210/1210 1211/1211 1214/1214
f 1215/1215 1219/1219 1218/1218
f 1215/1215 1216/1216 1219/1219
f 1216/1216 1220/1220 1219/1219
f 1216/1216 1217/1217 1220/1220
f 1221/1221 1224/1224 1223/1223
f 1221/1221 1222/1222 1224/1224
f 1225/1225 1228/1228 1227/1227
f 1225/1225 1226/1226 1228/1228
