# N64-style procedural island
# Generated by island_n64_generator.py

g terrain
v -13.00000 0.00000 -13.00000
v -12.63889 0.00000 -13.00000
v -13.00000 0.00000 -12.63889
v -12.63889 0.00000 -12.63889
v -12.27778 0.00000 -13.00000
v -12.27778 0.00000 -12.63889
v -11.91667 0.00000 -13.00000
v -11.91667 0.00000 -12.63889
v -11.55556 0.00000 -13.00000
v -11.55556 0.00000 -12.63889
v -11.19444 0.00000 -13.00000
v -11.19444 0.00000 -12.63889
v -10.83333 0.00000 -13.00000
v -10.83333 0.00000 -12.63889
v -10.47222 0.00000 -13.00000
v -10.47222 0.00000 -12.63889
v -10.11111 0.00000 -13.00000
v -10.11111 0.00000 -12.63889
v -9.75000 0.00000 -13.00000
v -9.75000 0.00000 -12.63889
v -9.38889 0.00000 -13.00000
v -9.38889 0.00000 -12.63889
v -9.02778 0.00000 -13.00000
v -9.02778 0.00000 -12.63889
v -8.66667 0.00000 -13.00000
v -8.66667 0.00000 -12.63889
v -8.30556 0.00000 -13.00000
v -8.30556 0.00000 -12.63889
v -7.94444 0.00000 -13.00000
v -7.94444 0.00000 -12.63889
v -7.58333 0.00000 -13.00000
v -7.58333 0.00000 -12.63889
v -7.22222 0.00000 -13.00000
v -7.22222 0.00000 -12.63889
v -6.86111 0.00000 -13.00000
v -6.86111 0.00000 -12.63889
v -6.50000 0.00000 -13.00000
v -6.50000 0.00000 -12.63889
v -6.13889 0.00000 -13.00000
v -6.13889 0.00000 -12.63889
v -5.77778 0.00000 -13.00000
v -5.77778 0.00000 -12.63889
v -5.41667 0.00000 -13.00000
v -5.41667 0.00000 -12.63889
v -5.05556 0.00000 -13.00000
v -5.05556 0.00000 -12.63889
v -4.69444 0.00000 -13.00000
v -4.69444 0.00000 -12.63889
v -4.33333 0.00000 -13.00000
v -4.33333 0.00000 -12.63889
v -3.97222 0.00000 -13.00000
v -3.97222 0.00000 -12.63889
v -3.61111 0.00000 -13.00000
v -3.61111 0.00000 -12.63889
v -3.25000 0.00000 -13.00000
v -3.25000 0.00000 -12.63889
v -2.88889 0.00000 -13.00000
v -2.88889 0.00000 -12.63889
v -2.52778 0.00000 -13.00000
v -2.52778 0.00000 -12.63889
v -2.16667 0.00000 -13.00000
v -2.16667 0.00000 -12.63889
v -1.80556 0.00000 -13.00000
v -1.80556 0.00000 -12.63889
v -1.44444 0.00000 -13.00000
v -1.44444 0.00000 -12.63889
v -1.08333 0.00000 -13.00000
v -1.08333 0.00000 -12.63889
v -0.72222 0.00000 -13.00000
v -0.72222 0.00000 -12.63889
v -0.36111 0.00000 -13.00000
v -0.36111 0.00000 -12.63889
v 0.00000 0.00000 -13.00000
v 0.00000 0.00000 -12.63889
v 0.36111 0.00000 -13.00000
v 0.36111 0.00000 -12.63889
v 0.72222 0.00000 -13.00000
v 0.72222 0.00000 -12.63889
v 1.08333 0.00000 -13.00000
v 1.08333 0.00000 -12.63889
v 1.44444 0.00000 -13.00000
v 1.44444 0.00000 -12.63889
v 1.80556 0.00000 -13.00000
v 1.80556 0.00000 -12.63889
v 2.16667 0.00000 -13.00000
v 2.16667 0.00000 -12.63889
v 2.52778 0.00000 -13.00000
v 2.52778 0.00000 -12.63889
v 2.88889 0.00000 -13.00000
v 2.88889 0.00000 -12.63889
v 3.25000 0.00000 -13.00000
v 3.25000 0.00000 -12.63889
v 3.61111 0.00000 -13.00000
v 3.61111 0.00000 -12.63889
v 3.97222 0.00000 -13.00000
v 3.97222 0.00000 -12.63889
v 4.33333 0.00000 -13.00000
v 4.33333 0.00000 -12.63889
v 4.69444 0.00000 -13.00000
v 4.69444 0.00000 -12.63889
v 5.05556 0.00000 -13.00000
v 5.05556 0.00000 -12.63889
v 5.41667 0.00000 -13.00000
v 5.41667 0.00000 -12.63889
v 5.77778 0.00000 -13.00000
v 5.77778 0.00000 -12.63889
v 6.13889 0.00000 -13.00000
v 6.13889 0.00000 -12.63889
v 6.50000 0.00000 -13.00000
v 6.50000 0.00000 -12.63889
v 6.86111 0.00000 -13.00000
v 6.86111 0.00000 -12.63889
v 7.22222 0.00000 -13.00000
v 7.22222 0.00000 -12.63889
v 7.58333 0.00000 -13.00000
v 7.58333 0.00000 -12.63889
v 7.94444 0.00000 -13.00000
v 7.94444 0.00000 -12.63889
v 8.30556 0.00000 -13.00000
v 8.30556 0.00000 -12.63889
v 8.66667 0.00000 -13.00000
v 8.66667 0.00000 -12.63889
v 9.02778 0.00000 -13.00000
v 9.02778 0.00000 -12.63889
v 9.38889 0.00000 -13.00000
v 9.38889 0.00000 -12.63889
v 9.75000 0.00000 -13.00000
v 9.75000 0.00000 -12.63889
v 10.11111 0.00000 -13.00000
v 10.11111 0.00000 -12.63889
v 10.47222 0.00000 -13.00000
v 10.47222 0.00000 -12.63889
v 10.83333 0.00000 -13.00000
v 10.83333 0.00000 -12.63889
v 11.19444 0.00000 -13.00000
v 11.19444 0.00000 -12.63889
v 11.55556 0.00000 -13.00000
v 11.55556 0.00000 -12.63889
v 11.91667 0.00000 -13.00000
v 11.91667 0.00000 -12.63889
v 12.27778 0.00000 -13.00000
v 12.27778 0.00000 -12.63889
v 12.63889 0.00000 -13.00000
v 12.63889 0.00000 -12.63889
v 13.00000 0.00000 -13.00000
v 13.00000 0.00000 -12.63889
v -13.00000 0.00000 -12.27778
v -12.63889 0.00000 -12.27778
v -12.27778 0.00000 -12.27778
v -11.91667 0.00000 -12.27778
v -11.55556 0.00000 -12.27778
v -11.19444 0.00000 -12.27778
v -10.83333 0.00000 -12.27778
v -10.47222 0.00000 -12.27778
v -10.11111 0.00000 -12.27778
v -9.75000 0.00000 -12.27778
v -9.38889 0.00000 -12.27778
v -9.02778 0.00000 -12.27778
v -8.66667 0.00000 -12.27778
v -8.30556 0.00000 -12.27778
v -7.94444 0.00000 -12.27778
v -7.58333 0.00000 -12.27778
v -7.22222 0.00000 -12.27778
v -6.86111 0.00000 -12.27778
v -6.50000 0.00000 -12.27778
v -6.13889 0.00000 -12.27778
v -5.77778 0.00000 -12.27778
v -5.41667 0.00000 -12.27778
v -5.05556 0.00000 -12.27778
v -4.69444 0.00000 -12.27778
v -4.33333 0.00000 -12.27778
v -3.97222 0.00000 -12.27778
v -3.61111 0.00000 -12.27778
v -3.25000 0.00000 -12.27778
v -2.88889 0.00000 -12.27778
v -2.52778 0.00000 -12.27778
v -2.16667 0.00000 -12.27778
v -1.80556 0.00000 -12.27778
v -1.44444 0.00000 -12.27778
v -1.08333 0.00000 -12.27778
v -0.72222 0.00000 -12.27778
v -0.36111 0.00000 -12.27778
v 0.00000 0.00000 -12.27778
v 0.36111 0.00000 -12.27778
v 0.72222 0.00000 -12.27778
v 1.08333 0.00000 -12.27778
v 1.44444 0.00000 -12.27778
v 1.80556 0.00000 -12.27778
v 2.16667 0.00000 -12.27778
v 2.52778 0.00000 -12.27778
v 2.88889 0.00000 -12.27778
v 3.25000 0.00000 -12.27778
v 3.61111 0.00000 -12.27778
v 3.97222 0.00000 -12.27778
v 4.33333 0.00000 -12.27778
v 4.69444 0.00000 -12.27778
v 5.05556 0.00000 -12.27778
v 5.41667 0.00000 -12.27778
v 5.77778 0.00000 -12.27778
v 6.13889 0.00000 -12.27778
v 6.50000 0.00000 -12.27778
v 6.86111 0.00000 -12.27778
v 7.22222 0.00000 -12.27778
v 7.58333 0.00000 -12.27778
v 7.94444 0.00000 -12.27778
v 8.30556 0.00000 -12.27778
v 8.66667 0.00000 -12.27778
v 9.02778 0.00000 -12.27778
v 9.38889 0.00000 -12.27778
v 9.75000 0.00000 -12.27778
v 10.11111 0.00000 -12.27778
v 10.47222 0.00000 -12.27778
v 10.83333 0.00000 -12.27778
v 11.19444 0.00000 -12.27778
v 11.55556 0.00000 -12.27778
v 11.91667 0.00000 -12.27778
v 12.27778 0.00000 -12.27778
v 12.63889 0.00000 -12.27778
v 13.00000 0.00000 -12.27778
v -13.00000 0.00000 -11.91667
v -12.63889 0.00000 -11.91667
v -12.27778 0.00000 -11.91667
v -11.91667 0.00000 -11.91667
v -11.55556 0.00000 -11.91667
v -11.19444 0.00000 -11.91667
v -10.83333 0.00000 -11.91667
v -10.47222 0.00000 -11.91667
v -10.11111 0.00000 -11.91667
v -9.75000 0.00000 -11.91667
v -9.38889 0.00000 -11.91667
v -9.02778 0.00000 -11.91667
v -8.66667 0.00000 -11.91667
v -8.30556 0.00000 -11.91667
v -7.94444 0.00000 -11.91667
v -7.58333 0.00000 -11.91667
v -7.22222 0.00000 -11.91667
v -6.86111 0.00000 -11.91667
v -6.50000 0.00000 -11.91667
v -6.13889 0.00000 -11.91667
v -5.77778 0.00000 -11.91667
v -5.41667 0.00000 -11.91667
v -5.05556 0.00000 -11.91667
v -4.69444 0.00000 -11.91667
v -4.33333 0.00000 -11.91667
v -3.97222 0.00000 -11.91667
v -3.61111 0.00000 -11.91667
v -3.25000 0.00000 -11.91667
v -2.88889 0.00000 -11.91667
v -2.52778 0.00000 -11.91667
v -2.16667 0.00000 -11.91667
v -1.80556 0.00000 -11.91667
v -1.44444 0.00000 -11.91667
v -1.08333 0.00000 -11.91667
v -0.72222 0.00000 -11.91667
v -0.36111 0.00000 -11.91667
v 0.00000 0.00000 -11.91667
v 0.36111 0.00000 -11.91667
v 0.72222 0.00000 -11.91667
v 1.08333 0.00000 -11.91667
v 1.44444 0.00000 -11.91667
v 1.80556 0.00000 -11.91667
v 2.16667 0.00000 -11.91667
v 2.52778 0.00000 -11.91667
v 2.88889 0.00000 -11.91667
v 3.25000 0.00000 -11.91667
v 3.61111 0.00000 -11.91667
v 3.97222 0.00000 -11.91667
v 4.33333 0.00000 -11.91667
v 4.69444 0.00000 -11.91667
v 5.05556 0.00000 -11.91667
v 5.41667 0.00000 -11.91667
v 5.77778 0.00000 -11.91667
v 6.13889 0.00000 -11.91667
v 6.50000 0.00000 -11.91667
v 6.86111 0.00000 -11.91667
v 7.22222 0.00000 -11.91667
v 7.58333 0.00000 -11.91667
v 7.94444 0.00000 -11.91667
v 8.30556 0.00000 -11.91667
v 8.66667 0.00000 -11.91667
v 9.02778 0.00000 -11.91667
v 9.38889 0.00000 -11.91667
v 9.75000 0.00000 -11.91667
v 10.11111 0.00000 -11.91667
v 10.47222 0.00000 -11.91667
v 10.83333 0.00000 -11.91667
v 11.19444 0.00000 -11.91667
v 11.55556 0.00000 -11.91667
v 11.91667 0.00000 -11.91667
v 12.27778 0.00000 -11.91667
v 12.63889 0.00000 -11.91667
v 13.00000 0.00000 -11.91667
v -13.00000 0.00000 -11.55556
v -12.63889 0.00000 -11.55556
v -12.27778 0.00000 -11.55556
v -11.91667 0.00000 -11.55556
v -11.55556 0.00000 -11.55556
v -11.19444 0.00000 -11.55556
v -10.83333 0.00000 -11.55556
v -10.47222 0.00000 -11.55556
v -10.11111 0.00000 -11.55556
v -9.75000 0.00000 -11.55556
v -9.38889 0.00000 -11.55556
v -9.02778 0.00000 -11.55556
v -8.66667 0.00000 -11.55556
v -8.30556 0.00000 -11.55556
v -7.94444 0.00000 -11.55556
v -7.58333 0.00000 -11.55556
v -7.22222 0.00000 -11.55556
v -6.86111 0.00000 -11.55556
v -6.50000 0.00000 -11.55556
v -6.13889 0.00000 -11.55556
v -5.77778 0.00000 -11.55556
v -5.41667 0.00000 -11.55556
v -5.05556 0.00000 -11.55556
v -4.69444 0.00000 -11.55556
v -4.33333 0.00000 -11.55556
v -3.97222 0.00000 -11.55556
v -3.61111 0.00000 -11.55556
v -3.25000 0.00000 -11.55556
v -2.88889 0.00000 -11.55556
v -2.52778 0.00000 -11.55556
v -2.16667 0.00000 -11.55556
v -1.80556 0.00000 -11.55556
v -1.44444 0.00000 -11.55556
v -1.08333 0.00000 -11.55556
v -0.72222 0.00000 -11.55556
v -0.36111 0.00000 -11.55556
v 0.00000 0.00000 -11.55556
v 0.36111 0.00000 -11.55556
v 0.72222 0.00000 -11.55556
v 1.08333 0.00000 -11.55556
v 1.44444 0.00000 -11.55556
v 1.80556 0.00000 -11.55556
v 2.16667 0.00000 -11.55556
v 2.52778 0.00000 -11.55556
v 2.88889 0.00000 -11.55556
v 3.25000 0.00000 -11.55556
v 3.61111 0.00000 -11.55556
v 3.97222 0.00000 -11.55556
v 4.33333 0.00000 -11.55556
v 4.69444 0.00000 -11.55556
v 5.05556 0.00000 -11.55556
v 5.41667 0.00000 -11.55556
v 5.77778 0.00000 -11.55556
v 6.13889 0.00000 -11.55556
v 6.50000 0.00000 -11.55556
v 6.86111 0.00000 -11.55556
v 7.22222 0.00000 -11.55556
v 7.58333 0.00000 -11.55556
v 7.94444 0.00000 -11.55556
v 8.30556 0.00000 -11.55556
v 8.66667 0.00000 -11.55556
v 9.02778 0.00000 -11.55556
v 9.38889 0.00000 -11.55556
v 9.75000 0.00000 -11.55556
v 10.11111 0.00000 -11.55556
v 10.47222 0.00000 -11.55556
v 10.83333 0.00000 -11.55556
v 11.19444 0.00000 -11.55556
v 11.55556 0.00000 -11.55556
v 11.91667 0.00000 -11.55556
v 12.27778 0.00000 -11.55556
v 12.63889 0.00000 -11.55556
v 13.00000 0.00000 -11.55556
v -13.00000 0.00000 -11.19444
v -12.63889 0.00000 -11.19444
v -12.27778 0.00000 -11.19444
v -11.91667 0.00000 -11.19444
v -11.55556 0.00000 -11.19444
v -11.19444 0.00000 -11.19444
v -10.83333 0.00000 -11.19444
v -10.47222 0.00000 -11.19444
v -10.11111 0.00000 -11.19444
v -9.75000 0.00000 -11.19444
v -9.38889 0.00000 -11.19444
v -9.02778 0.00000 -11.19444
v -8.66667 0.00000 -11.19444
v -8.30556 0.00000 -11.19444
v -7.94444 0.00000 -11.19444
v -7.58333 0.00000 -11.19444
v -7.22222 0.00000 -11.19444
v -6.86111 0.00000 -11.19444
v -6.50000 0.00000 -11.19444
v -6.13889 0.00000 -11.19444
v -5.77778 0.00000 -11.19444
v -5.41667 0.00000 -11.19444
v -5.05556 0.00000 -11.19444
v -4.69444 0.00000 -11.19444
v -4.33333 0.00000 -11.19444
v -3.97222 0.00000 -11.19444
v -3.61111 0.00000 -11.19444
v -3.25000 0.00000 -11.19444
v -2.88889 0.00000 -11.19444
v -2.52778 0.00000 -11.19444
v -2.16667 0.00000 -11.19444
v -1.80556 0.00000 -11.19444
v -1.44444 0.00000 -11.19444
v -1.08333 0.00000 -11.19444
v -0.72222 0.00000 -11.19444
v -0.36111 0.00000 -11.19444
v 0.00000 0.00000 -11.19444
v 0.36111 0.00000 -11.19444
v 0.72222 0.00000 -11.19444
v 1.08333 0.00000 -11.19444
v 1.44444 0.00000 -11.19444
v 1.80556 0.00000 -11.19444
v 2.16667 0.00000 -11.19444
v 2.52778 0.00000 -11.19444
v 2.88889 0.00000 -11.19444
v 3.25000 0.00000 -11.19444
v 3.61111 0.00000 -11.19444
v 3.97222 0.00000 -11.19444
v 4.33333 0.00000 -11.19444
v 4.69444 0.00000 -11.19444
v 5.05556 0.00000 -11.19444
v 5.41667 0.00000 -11.19444
v 5.77778 0.00000 -11.19444
v 6.13889 0.00000 -11.19444
v 6.50000 0.00000 -11.19444
v 6.86111 0.00000 -11.19444
v 7.22222 0.00000 -11.19444
v 7.58333 0.00000 -11.19444
v 7.94444 0.00000 -11.19444
v 8.30556 0.00000 -11.19444
v 8.66667 0.00000 -11.19444
v 9.02778 0.00000 -11.19444
v 9.38889 0.00000 -11.19444
v 9.75000 0.00000 -11.19444
v 10.11111 0.00000 -11.19444
v 10.47222 0.00000 -11.19444
v 10.83333 0.00000 -11.19444
v 11.19444 0.00000 -11.19444
v 11.55556 0.00000 -11.19444
v 11.91667 0.00000 -11.19444
v 12.27778 0.00000 -11.19444
v 12.63889 0.00000 -11.19444
v 13.00000 0.00000 -11.19444
v -13.00000 0.00000 -10.83333
v -12.63889 0.00000 -10.83333
v -12.27778 0.00000 -10.83333
v -11.91667 0.00000 -10.83333
v -11.55556 0.00000 -10.83333
v -11.19444 0.00000 -10.83333
v -10.83333 0.00000 -10.83333
v -10.47222 0.00000 -10.83333
v -10.11111 0.00000 -10.83333
v -9.75000 0.00000 -10.83333
v -9.38889 0.00000 -10.83333
v -9.02778 0.00000 -10.83333
v -8.66667 0.00000 -10.83333
v -8.30556 0.00000 -10.83333
v -7.94444 0.00000 -10.83333
v -7.58333 0.00000 -10.83333
v -7.22222 0.00000 -10.83333
v -6.86111 0.00000 -10.83333
v -6.50000 0.00000 -10.83333
v -6.13889 0.00000 -10.83333
v -5.77778 0.00000 -10.83333
v -5.41667 0.00000 -10.83333
v -5.05556 0.00000 -10.83333
v -4.69444 0.00000 -10.83333
v -4.33333 0.00000 -10.83333
v -3.97222 0.00000 -10.83333
v -3.61111 0.00000 -10.83333
v -3.25000 0.00000 -10.83333
v -2.88889 0.00000 -10.83333
v -2.52778 0.00000 -10.83333
v -2.16667 0.00000 -10.83333
v -1.80556 0.00000 -10.83333
v -1.44444 0.00000 -10.83333
v -1.08333 0.00000 -10.83333
v -0.72222 0.00000 -10.83333
v -0.36111 0.00000 -10.83333
v 0.00000 0.00000 -10.83333
v 0.36111 0.00000 -10.83333
v 0.72222 0.00000 -10.83333
v 1.08333 0.00000 -10.83333
v 1.44444 0.00000 -10.83333
v 1.80556 0.00000 -10.83333
v 2.16667 0.00000 -10.83333
v 2.52778 0.00000 -10.83333
v 2.88889 0.00000 -10.83333
v 3.25000 0.00000 -10.83333
v 3.61111 0.00000 -10.83333
v 3.97222 0.00000 -10.83333
v 4.33333 0.00000 -10.83333
v 4.69444 0.00000 -10.83333
v 5.05556 0.00000 -10.83333
v 5.41667 0.00000 -10.83333
v 5.77778 0.00000 -10.83333
v 6.13889 0.00000 -10.83333
v 6.50000 0.00000 -10.83333
v 6.86111 0.00000 -10.83333
v 7.22222 0.00000 -10.83333
v 7.58333 0.00000 -10.83333
v 7.94444 0.00000 -10.83333
v 8.30556 0.00000 -10.83333
v 8.66667 0.00000 -10.83333
v 9.02778 0.00000 -10.83333
v 9.38889 0.00000 -10.83333
v 9.75000 0.00000 -10.83333
v 10.11111 0.00000 -10.83333
v 10.47222 0.00000 -10.83333
v 10.83333 0.00000 -10.83333
v 11.19444 0.00000 -10.83333
v 11.55556 0.00000 -10.83333
v 11.91667 0.00000 -10.83333
v 12.27778 0.00000 -10.83333
v 12.63889 0.00000 -10.83333
v 13.00000 0.00000 -10.83333
v -13.00000 0.00000 -10.47222
v -12.63889 0.00000 -10.47222
v -12.27778 0.00000 -10.47222
v -11.91667 0.00000 -10.47222
v -11.55556 0.00000 -10.47222
v -11.19444 0.00000 -10.47222
v -10.83333 0.00000 -10.47222
v -10.47222 0.00000 -10.47222
v -10.11111 0.00000 -10.47222
v -9.75000 0.00000 -10.47222
v -9.38889 0.00000 -10.47222
v -9.02778 0.00000 -10.47222
v -8.66667 0.00000 -10.47222
v -8.30556 0.00000 -10.47222
v -7.94444 0.00000 -10.47222
v -7.58333 0.00000 -10.47222
v -7.22222 0.00000 -10.47222
v -6.86111 0.00000 -10.47222
v -6.50000 0.00000 -10.47222
v -6.13889 0.00000 -10.47222
v -5.77778 0.00000 -10.47222
v -5.41667 0.00000 -10.47222
v -5.05556 0.00000 -10.47222
v -4.69444 0.00000 -10.47222
v -4.33333 0.00000 -10.47222
v -3.97222 0.00000 -10.47222
v -3.61111 0.00000 -10.47222
v -3.25000 0.00000 -10.47222
v -2.88889 0.00000 -10.47222
v -2.52778 0.00000 -10.47222
v -2.16667 0.00000 -10.47222
v -1.80556 0.00000 -10.47222
v -1.44444 0.00000 -10.47222
v -1.08333 0.00000 -10.47222
v -0.72222 0.00000 -10.47222
v -0.36111 0.00000 -10.47222
v 0.00000 0.00000 -10.47222
v 0.36111 0.00000 -10.47222
v 0.72222 0.00000 -10.47222
v 1.08333 0.00000 -10.47222
v 1.44444 0.00000 -10.47222
v 1.80556 0.00000 -10.47222
v 2.16667 0.00000 -10.47222
v 2.52778 0.00000 -10.47222
v 2.88889 0.00000 -10.47222
v 3.25000 0.00000 -10.47222
v 3.61111 0.00000 -10.47222
v 3.97222 0.00000 -10.47222
v 4.33333 0.00000 -10.47222
v 4.69444 0.00000 -10.47222
v 5.05556 0.00000 -10.47222
v 5.41667 0.00000 -10.47222
v 5.77778 0.00000 -10.47222
v 6.13889 0.00000 -10.47222
v 6.50000 0.00000 -10.47222
v 6.86111 0.00000 -10.47222
v 7.22222 0.00000 -10.47222
v 7.58333 0.00000 -10.47222
v 7.94444 0.00000 -10.47222
v 8.30556 0.00000 -10.47222
v 8.66667 0.00000 -10.47222
v 9.02778 0.00000 -10.47222
v 9.38889 0.00000 -10.47222
v 9.75000 0.00000 -10.47222
v 10.11111 0.00000 -10.47222
v 10.47222 0.00000 -10.47222
v 10.83333 0.00000 -10.47222
v 11.19444 0.00000 -10.47222
v 11.55556 0.00000 -10.47222
v 11.91667 0.00000 -10.47222
v 12.27778 0.00000 -10.47222
v 12.63889 0.00000 -10.47222
v 13.00000 0.00000 -10.47222
v -13.00000 0.00000 -10.11111
v -12.63889 0.00000 -10.11111
v -12.27778 0.00000 -10.11111
v -11.91667 0.00000 -10.11111
v -11.55556 0.00000 -10.11111
v -11.19444 0.00000 -10.11111
v -10.83333 0.00000 -10.11111
v -10.47222 0.00000 -10.11111
v -10.11111 0.00000 -10.11111
v -9.75000 0.00000 -10.11111
v -9.38889 0.00000 -10.11111
v -9.02778 0.00000 -10.11111
v -8.66667 0.00000 -10.11111
v -8.30556 0.00000 -10.11111
v -7.94444 0.00000 -10.11111
v -7.58333 0.00000 -10.11111
v -7.22222 0.00000 -10.11111
v -6.86111 0.00000 -10.11111
v -6.50000 0.00000 -10.11111
v -6.13889 0.00000 -10.11111
v -5.77778 0.00000 -10.11111
v -5.41667 0.00000 -10.11111
v -5.05556 0.00000 -10.11111
v -4.69444 0.00000 -10.11111
v -4.33333 0.00000 -10.11111
v -3.97222 0.00000 -10.11111
v -3.61111 0.00000 -10.11111
v -3.25000 0.00000 -10.11111
v -2.88889 0.00000 -10.11111
v -2.52778 0.00000 -10.11111
v -2.16667 0.00000 -10.11111
v -1.80556 0.00000 -10.11111
v -1.44444 0.00000 -10.11111
v -1.08333 0.00000 -10.11111
v -0.72222 0.00000 -10.11111
v -0.36111 0.00000 -10.11111
v 0.00000 0.00000 -10.11111
v 0.36111 0.00000 -10.11111
v 0.72222 0.00000 -10.11111
v 1.08333 0.00000 -10.11111
v 1.44444 0.00000 -10.11111
v 1.80556 0.00000 -10.11111
v 2.16667 0.00000 -10.11111
v 2.52778 0.00000 -10.11111
v 2.88889 0.00000 -10.11111
v 3.25000 0.00000 -10.11111
v 3.61111 0.00000 -10.11111
v 3.97222 0.00000 -10.11111
v 4.33333 0.00000 -10.11111
v 4.69444 0.00000 -10.11111
v 5.05556 0.00000 -10.11111
v 5.41667 0.00000 -10.11111
v 5.77778 0.00000 -10.11111
v 6.13889 0.00000 -10.11111
v 6.50000 0.00000 -10.11111
v 6.86111 0.00000 -10.11111
v 7.22222 0.00000 -10.11111
v 7.58333 0.00000 -10.11111
v 7.94444 0.00000 -10.11111
v 8.30556 0.00000 -10.11111
v 8.66667 0.00000 -10.11111
v 9.02778 0.00000 -10.11111
v 9.38889 0.00000 -10.11111
v 9.75000 0.00000 -10.11111
v 10.11111 0.00000 -10.11111
v 10.47222 0.00000 -10.11111
v 10.83333 0.00000 -10.11111
v 11.19444 0.00000 -10.11111
v 11.55556 0.00000 -10.11111
v 11.91667 0.00000 -10.11111
v 12.27778 0.00000 -10.11111
v 12.63889 0.00000 -10.11111
v 13.00000 0.00000 -10.11111
v -13.00000 0.00000 -9.75000
v -12.63889 0.00000 -9.75000
v -12.27778 0.00000 -9.75000
v -11.91667 0.00000 -9.75000
v -11.55556 0.00000 -9.75000
v -11.19444 0.00000 -9.75000
v -10.83333 0.00000 -9.75000
v -10.47222 0.00000 -9.75000
v -10.11111 0.00000 -9.75000
v -9.75000 0.00000 -9.75000
v -9.38889 0.00000 -9.75000
v -9.02778 0.00000 -9.75000
v -8.66667 0.00000 -9.75000
v -8.30556 0.00000 -9.75000
v -7.94444 0.00000 -9.75000
v -7.58333 0.00000 -9.75000
v -7.22222 0.00000 -9.75000
v -6.86111 0.00000 -9.75000
v -6.50000 0.00000 -9.75000
v -6.13889 0.00000 -9.75000
v -5.77778 0.00000 -9.75000
v -5.41667 0.00000 -9.75000
v -5.05556 0.00000 -9.75000
v -4.69444 0.00001 -9.75000
v -4.33333 0.00003 -9.75000
v -3.97222 0.00008 -9.75000
v -3.61111 0.00011 -9.75000
v -3.25000 0.00012 -9.75000
v -2.88889 0.00011 -9.75000
v -2.52778 0.00008 -9.75000
v -2.16667 0.00003 -9.75000
v -1.80556 0.00001 -9.75000
v -1.44444 0.00000 -9.75000
v -1.08333 0.00000 -9.75000
v -0.72222 0.00000 -9.75000
v -0.36111 0.00000 -9.75000
v 0.00000 0.00000 -9.75000
v 0.36111 0.00000 -9.75000
v 0.72222 0.00000 -9.75000
v 1.08333 0.00000 -9.75000
v 1.44444 0.00000 -9.75000
v 1.80556 0.00000 -9.75000
v 2.16667 0.00000 -9.75000
v 2.52778 0.00000 -9.75000
v 2.88889 0.00000 -9.75000
v 3.25000 0.00000 -9.75000
v 3.61111 0.00000 -9.75000
v 3.97222 0.00000 -9.75000
v 4.33333 0.00000 -9.75000
v 4.69444 0.00000 -9.75000
v 5.05556 0.00000 -9.75000
v 5.41667 0.00000 -9.75000
v 5.77778 0.00000 -9.75000
v 6.13889 0.00000 -9.75000
v 6.50000 0.00000 -9.75000
v 6.86111 0.00000 -9.75000
v 7.22222 0.00000 -9.75000
v 7.58333 0.00000 -9.75000
v 7.94444 0.00000 -9.75000
v 8.30556 0.00000 -9.75000
v 8.66667 0.00000 -9.75000
v 9.02778 0.00000 -9.75000
v 9.38889 0.00000 -9.75000
v 9.75000 0.00000 -9.75000
v 10.11111 0.00000 -9.75000
v 10.47222 0.00000 -9.75000
v 10.83333 0.00000 -9.75000
v 11.19444 0.00000 -9.75000
v 11.55556 0.00000 -9.75000
v 11.91667 0.00000 -9.75000
v 12.27778 0.00000 -9.75000
v 12.63889 0.00000 -9.75000
v 13.00000 0.00000 -9.75000
v -13.00000 0.00000 -9.38889
v -12.63889 0.00000 -9.38889
v -12.27778 0.00000 -9.38889
v -11.91667 0.00000 -9.38889
v -11.55556 0.00000 -9.38889
v -11.19444 0.00000 -9.38889
v -10.83333 0.00000 -9.38889
v -10.47222 0.00000 -9.38889
v -10.11111 0.00000 -9.38889
v -9.75000 0.00000 -9.38889
v -9.38889 0.00000 -9.38889
v -9.02778 0.00000 -9.38889
v -8.66667 0.00000 -9.38889
v -8.30556 0.00000 -9.38889
v -7.94444 0.00000 -9.38889
v -7.58333 0.00000 -9.38889
v -7.22222 0.00000 -9.38889
v -6.86111 0.00000 -9.38889
v -6.50000 0.00000 -9.38889
v -6.13889 0.00000 -9.38889
v -5.77778 0.00000 -9.38889
v -5.41667 0.00000 -9.38889
v -5.05556 0.00002 -9.38889
v -4.69444 0.00031 -9.38889
v -4.33333 0.00174 -9.38889
v -3.97222 0.00418 -9.38889
v -3.61111 0.00556 -9.38889
v -3.25000 0.00581 -9.38889
v -2.88889 0.00556 -9.38889
v -2.52778 0.00418 -9.38889
v -2.16667 0.00178 -9.38889
v -1.80556 0.00039 -9.38889
v -1.44444 0.00010 -9.38889
v -1.08333 0.00003 -9.38889
v -0.72222 0.00001 -9.38889
v -0.36111 0.00000 -9.38889
v 0.00000 0.00000 -9.38889
v 0.36111 0.00000 -9.38889
v 0.72222 0.00000 -9.38889
v 1.08333 0.00000 -9.38889
v 1.44444 0.00000 -9.38889
v 1.80556 0.00000 -9.38889
v 2.16667 0.00000 -9.38889
v 2.52778 0.00000 -9.38889
v 2.88889 0.00000 -9.38889
v 3.25000 0.00000 -9.38889
v 3.61111 0.00000 -9.38889
v 3.97222 0.00000 -9.38889
v 4.33333 0.00000 -9.38889
v 4.69444 0.00000 -9.38889
v 5.05556 0.00000 -9.38889
v 5.41667 0.00000 -9.38889
v 5.77778 0.00000 -9.38889
v 6.13889 0.00000 -9.38889
v 6.50000 0.00000 -9.38889
v 6.86111 0.00000 -9.38889
v 7.22222 0.00000 -9.38889
v 7.58333 0.00000 -9.38889
v 7.94444 0.00000 -9.38889
v 8.30556 0.00000 -9.38889
v 8.66667 0.00000 -9.38889
v 9.02778 0.00000 -9.38889
v 9.38889 0.00000 -9.38889
v 9.75000 0.00000 -9.38889
v 10.11111 0.00000 -9.38889
v 10.47222 0.00000 -9.38889
v 10.83333 0.00000 -9.38889
v 11.19444 0.00000 -9.38889
v 11.55556 0.00000 -9.38889
v 11.91667 0.00000 -9.38889
v 12.27778 0.00000 -9.38889
v 12.63889 0.00000 -9.38889
v 13.00000 0.00000 -9.38889
v -13.00000 0.00000 -9.02778
v -12.63889 0.00000 -9.02778
v -12.27778 0.00000 -9.02778
v -11.91667 0.00000 -9.02778
v -11.55556 0.00000 -9.02778
v -11.19444 0.00000 -9.02778
v -10.83333 0.00000 -9.02778
v -10.47222 0.00000 -9.02778
v -10.11111 0.00000 -9.02778
v -9.75000 0.00000 -9.02778
v -9.38889 0.00000 -9.02778
v -9.02778 0.00000 -9.02778
v -8.66667 0.00000 -9.02778
v -8.30556 0.00000 -9.02778
v -7.94444 0.00000 -9.02778
v -7.58333 0.00000 -9.02778
v -7.22222 0.00000 -9.02778
v -6.86111 0.00000 -9.02778
v -6.50000 0.00000 -9.02778
v -6.13889 0.00000 -9.02778
v -5.77778 0.00000 -9.02778
v -5.41667 0.00003 -9.02778
v -5.05556 0.00058 -9.02778
v -4.69444 0.00619 -9.02778
v -4.33333 0.03067 -9.02778
v -3.97222 0.07042 -9.02778
v -3.61111 0.09272 -9.02778
v -3.25000 0.09666 -9.02778
v -2.88889 0.09274 -9.02778
v -2.52778 0.07070 -9.02778
v -2.16667 0.03232 -9.02778
v -1.80556 0.01001 -9.02778
v -1.44444 0.00445 -9.02778
v -1.08333 0.00178 -9.02778
v -0.72222 0.00039 -9.02778
v -0.36111 0.00010 -9.02778
v 0.00000 0.00003 -9.02778
v 0.36111 0.00001 -9.02778
v 0.72222 0.00000 -9.02778
v 1.08333 0.00000 -9.02778
v 1.44444 0.00000 -9.02778
v 1.80556 0.00000 -9.02778
v 2.16667 0.00000 -9.02778
v 2.52778 0.00000 -9.02778
v 2.88889 0.00000 -9.02778
v 3.25000 0.00000 -9.02778
v 3.61111 0.00000 -9.02778
v 3.97222 0.00000 -9.02778
v 4.33333 0.00000 -9.02778
v 4.69444 0.00000 -9.02778
v 5.05556 0.00000 -9.02778
v 5.41667 0.00000 -9.02778
v 5.77778 0.00000 -9.02778
v 6.13889 0.00000 -9.02778
v 6.50000 0.00000 -9.02778
v 6.86111 0.00000 -9.02778
v 7.22222 0.00000 -9.02778
v 7.58333 0.00000 -9.02778
v 7.94444 0.00000 -9.02778
v 8.30556 0.00000 -9.02778
v 8.66667 0.00000 -9.02778
v 9.02778 0.00000 -9.02778
v 9.38889 0.00000 -9.02778
v 9.75000 0.00000 -9.02778
v 10.11111 0.00000 -9.02778
v 10.47222 0.00000 -9.02778
v 10.83333 0.00000 -9.02778
v 11.19444 0.00000 -9.02778
v 11.55556 0.00000 -9.02778
v 11.91667 0.00000 -9.02778
v 12.27778 0.00000 -9.02778
v 12.63889 0.00000 -9.02778
v 13.00000 0.00000 -9.02778
v -13.00000 0.00000 -8.66667
v -12.63889 0.00000 -8.66667
v -12.27778 0.00000 -8.66667
v -11.91667 0.00000 -8.66667
v -11.55556 0.00000 -8.66667
v -11.19444 0.00000 -8.66667
v -10.83333 0.00000 -8.66667
v -10.47222 0.00000 -8.66667
v -10.11111 0.00000 -8.66667
v -9.75000 0.00000 -8.66667
v -9.38889 0.00000 -8.66667
v -9.02778 0.00000 -8.66667
v -8.66667 0.00000 -8.66667
v -8.30556 0.00000 -8.66667
v -7.94444 0.00000 -8.66667
v -7.58333 0.00000 -8.66667
v -7.22222 0.00000 -8.66667
v -6.86111 0.00000 -8.66667
v -6.50000 0.00000 -8.66667
v -6.13889 0.00000 -8.66667
v -5.77778 0.00003 -8.66667
v -5.41667 0.00061 -8.66667
v -5.05556 0.00760 -8.66667
v -4.69444 0.05412 -8.66667
v -4.33333 0.21004 -8.66667
v -3.97222 0.43452 -8.66667
v -3.61111 0.55486 -8.66667
v -3.25000 0.57579 -8.66667
v -2.88889 0.55513 -8.66667
v -2.52778 0.43898 -8.66667
v -2.16667 0.23655 -8.66667
v -1.80556 0.11619 -8.66667
v -1.44444 0.07211 -8.66667
v -1.08333 0.03235 -8.66667
v -0.72222 0.01001 -8.66667
v -0.36111 0.00445 -8.66667
v 0.00000 0.00178 -8.66667
v 0.36111 0.00040 -8.66667
v 0.72222 0.00014 -8.66667
v 1.08333 0.00012 -8.66667
v 1.44444 0.00012 -8.66667
v 1.80556 0.00011 -8.66667
v 2.16667 0.00008 -8.66667
v 2.52778 0.00003 -8.66667
v 2.88889 0.00001 -8.66667
v 3.25000 0.00000 -8.66667
v 3.61111 0.00000 -8.66667
v 3.97222 0.00000 -8.66667
v 4.33333 0.00000 -8.66667
v 4.69444 0.00000 -8.66667
v 5.05556 0.00000 -8.66667
v 5.41667 0.00000 -8.66667
v 5.77778 0.00000 -8.66667
v 6.13889 0.00000 -8.66667
v 6.50000 0.00000 -8.66667
v 6.86111 0.00000 -8.66667
v 7.22222 0.00000 -8.66667
v 7.58333 0.00000 -8.66667
v 7.94444 0.00000 -8.66667
v 8.30556 0.00000 -8.66667
v 8.66667 0.00000 -8.66667
v 9.02778 0.00000 -8.66667
v 9.38889 0.00000 -8.66667
v 9.75000 0.00000 -8.66667
v 10.11111 0.00000 -8.66667
v 10.47222 0.00000 -8.66667
v 10.83333 0.00000 -8.66667
v 11.19444 0.00000 -8.66667
v 11.55556 0.00000 -8.66667
v 11.91667 0.00000 -8.66667
v 12.27778 0.00000 -8.66667
v 12.63889 0.00000 -8.66667
v 13.00000 0.00000 -8.66667
v -13.00000 0.00000 -8.30556
v -12.63889 0.00000 -8.30556
v -12.27778 0.00000 -8.30556
v -11.91667 0.00000 -8.30556
v -11.55556 0.00000 -8.30556
v -11.19444 0.00000 -8.30556
v -10.83333 0.00000 -8.30556
v -10.47222 0.00000 -8.30556
v -10.11111 0.00000 -8.30556
v -9.75000 0.00000 -8.30556
v -9.38889 0.00000 -8.30556
v -9.02778 0.00000 -8.30556
v -8.66667 0.00000 -8.30556
v -8.30556 0.00000 -8.30556
v -7.94444 0.00000 -8.30556
v -7.58333 0.00000 -8.30556
v -7.22222 0.00000 -8.30556
v -6.86111 0.00000 -8.30556
v -6.50000 0.00000 -8.30556
v -6.13889 0.00003 -8.30556
v -5.77778 0.00061 -8.30556
v -5.41667 0.00765 -8.30556
v -5.05556 0.05658 -8.30556
v -4.69444 0.25086 -8.30556
v -4.33333 0.67750 -8.30556
v -3.97222 1.14969 -8.30556
v -3.61111 1.37411 -8.30556
v -3.25000 1.41145 -8.30556
v -2.88889 1.37552 -8.30556
v -2.52778 1.17335 -8.30556
v -2.16667 0.82013 -8.30556
v -1.80556 0.59594 -8.30556
v -1.44444 0.44143 -8.30556
v -1.08333 0.23660 -8.30556
v -0.72222 0.11619 -8.30556
v -0.36111 0.07211 -8.30556
v 0.00000 0.03236 -8.30556
v 0.36111 0.01029 -8.30556
v 0.72222 0.00611 -8.30556
v 1.08333 0.00585 -8.30556
v 1.44444 0.00583 -8.30556
v 1.80556 0.00556 -8.30556
v 2.16667 0.00418 -8.30556
v 2.52778 0.00174 -8.30556
v 2.88889 0.00031 -8.30556
v 3.25000 0.00002 -8.30556
v 3.61111 0.00000 -8.30556
v 3.97222 0.00000 -8.30556
v 4.33333 0.00000 -8.30556
v 4.69444 0.00000 -8.30556
v 5.05556 0.00000 -8.30556
v 5.41667 0.00000 -8.30556
v 5.77778 0.00000 -8.30556
v 6.13889 0.00000 -8.30556
v 6.50000 0.00000 -8.30556
v 6.86111 0.00000 -8.30556
v 7.22222 0.00000 -8.30556
v 7.58333 0.00000 -8.30556
v 7.94444 0.00000 -8.30556
v 8.30556 0.00000 -8.30556
v 8.66667 0.00000 -8.30556
v 9.02778 0.00000 -8.30556
v 9.38889 0.00000 -8.30556
v 9.75000 0.00000 -8.30556
v 10.11111 0.00000 -8.30556
v 10.47222 0.00000 -8.30556
v 10.83333 0.00000 -8.30556
v 11.19444 0.00000 -8.30556
v 11.55556 0.00000 -8.30556
v 11.91667 0.00000 -8.30556
v 12.27778 0.00000 -8.30556
v 12.63889 0.00000 -8.30556
v 13.00000 0.00000 -8.30556
v -13.00000 0.00000 -7.94444
v -12.63889 0.00000 -7.94444
v -12.27778 0.00000 -7.94444
v -11.91667 0.00000 -7.94444
v -11.55556 0.00000 -7.94444
v -11.19444 0.00000 -7.94444
v -10.83333 0.00000 -7.94444
v -10.47222 0.00000 -7.94444
v -10.11111 0.00000 -7.94444
v -9.75000 0.00000 -7.94444
v -9.38889 0.00000 -7.94444
v -9.02778 0.00000 -7.94444
v -8.66667 0.00000 -7.94444
v -8.30556 0.00000 -7.94444
v -7.94444 0.00000 -7.94444
v -7.58333 0.00000 -7.94444
v -7.22222 0.00000 -7.94444
v -6.86111 0.00000 -7.94444
v -6.50000 0.00002 -7.94444
v -6.13889 0.00058 -7.94444
v -5.77778 0.00760 -7.94444
v -5.41667 0.05658 -7.94444
v -5.05556 0.25226 -7.94444
v -4.69444 0.70095 -7.94444
v -4.33333 1.28928 -7.94444
v -3.97222 2.60443 -7.94444
v -3.61111 2.73215 -7.94444
v -3.25000 2.71877 -7.94444
v -2.88889 2.68372 -7.94444
v -2.52778 1.75675 -7.94444
v -2.16667 1.55112 -7.94444
v -1.80556 1.39756 -7.94444
v -1.44444 1.17442 -7.94444
v -1.08333 0.82011 -7.94444
v -0.72222 0.59594 -7.94444
v -0.36111 0.44143 -7.94444
v 0.00000 0.23687 -7.94444
v 0.36111 0.12064 -7.94444
v 0.72222 0.09860 -7.94444
v 1.08333 0.09721 -7.94444
v 1.44444 0.09692 -7.94444
v 1.80556 0.09272 -7.94444
v 2.16667 0.07042 -7.94444
v 2.52778 0.03067 -7.94444
v 2.88889 0.00619 -7.94444
v 3.25000 0.00058 -7.94444
v 3.61111 0.00003 -7.94444
v 3.97222 0.00000 -7.94444
v 4.33333 0.00000 -7.94444
v 4.69444 0.00000 -7.94444
v 5.05556 0.00000 -7.94444
v 5.41667 0.00000 -7.94444
v 5.77778 0.00000 -7.94444
v 6.13889 0.00000 -7.94444
v 6.50000 0.00000 -7.94444
v 6.86111 0.00000 -7.94444
v 7.22222 0.00000 -7.94444
v 7.58333 0.00000 -7.94444
v 7.94444 0.00000 -7.94444
v 8.30556 0.00000 -7.94444
v 8.66667 0.00000 -7.94444
v 9.02778 0.00000 -7.94444
v 9.38889 0.00000 -7.94444
v 9.75000 0.00000 -7.94444
v 10.11111 0.00000 -7.94444
v 10.47222 0.00000 -7.94444
v 10.83333 0.00000 -7.94444
v 11.19444 0.00000 -7.94444
v 11.55556 0.00000 -7.94444
v 11.91667 0.00000 -7.94444
v 12.27778 0.00000 -7.94444
v 12.63889 0.00000 -7.94444
v 13.00000 0.00000 -7.94444
v -13.00000 0.00000 -7.58333
v -12.63889 0.00000 -7.58333
v -12.27778 0.00000 -7.58333
v -11.91667 0.00000 -7.58333
v -11.55556 0.00000 -7.58333
v -11.19444 0.00000 -7.58333
v -10.83333 0.00000 -7.58333
v -10.47222 0.00000 -7.58333
v -10.11111 0.00000 -7.58333
v -9.75000 0.00000 -7.58333
v -9.38889 0.00000 -7.58333
v -9.02778 0.00000 -7.58333
v -8.66667 0.00000 -7.58333
v -8.30556 0.00000 -7.58333
v -7.94444 0.00000 -7.58333
v -7.58333 0.00000 -7.58333
v -7.22222 0.00000 -7.58333
v -6.86111 0.00001 -7.58333
v -6.50000 0.00032 -7.58333
v -6.13889 0.00622 -7.58333
v -5.77778 1.04271 -7.58333
v -5.41667 1.22318 -7.58333
v -5.05556 1.65703 -7.58333
v -4.69444 2.22221 -7.58333
v -4.33333 2.63586 -7.58333
v -3.97222 3.18289 -7.58333
v -3.61111 3.75905 -7.58333
v -3.25000 3.77067 -7.58333
v -2.88889 3.19008 -7.58333
v -2.52778 2.73760 -7.58333
v -2.16667 2.67239 -7.58333
v -1.80556 2.65895 -7.58333
v -1.44444 1.74897 -7.58333
v -1.08333 1.54915 -7.58333
v -0.72222 1.39725 -7.58333
v -0.36111 1.17442 -7.58333
v 0.00000 0.82149 -7.58333
v 0.36111 0.61931 -7.58333
v 0.72222 0.58095 -7.58333
v 1.08333 0.57852 -7.58333
v 1.44444 0.57711 -7.58333
v 1.80556 0.55485 -7.58333
v 2.16667 0.43451 -7.58333
v 2.52778 0.21004 -7.58333
v 2.88889 0.05412 -7.58333
v 3.25000 0.00760 -7.58333
v 3.61111 0.00061 -7.58333
v 3.97222 0.00003 -7.58333
v 4.33333 0.00000 -7.58333
v 4.69444 0.00000 -7.58333
v 5.05556 0.00000 -7.58333
v 5.41667 0.00000 -7.58333
v 5.77778 0.00000 -7.58333
v 6.13889 0.00000 -7.58333
v 6.50000 0.00000 -7.58333
v 6.86111 0.00000 -7.58333
v 7.22222 0.00000 -7.58333
v 7.58333 0.00000 -7.58333
v 7.94444 0.00000 -7.58333
v 8.30556 0.00000 -7.58333
v 8.66667 0.00000 -7.58333
v 9.02778 0.00000 -7.58333
v 9.38889 0.00000 -7.58333
v 9.75000 0.00000 -7.58333
v 10.11111 0.00000 -7.58333
v 10.47222 0.00000 -7.58333
v 10.83333 0.00000 -7.58333
v 11.19444 0.00000 -7.58333
v 11.55556 0.00000 -7.58333
v 11.91667 0.00000 -7.58333
v 12.27778 0.00000 -7.58333
v 12.63889 0.00000 -7.58333
v 13.00000 0.00000 -7.58333
v -13.00000 0.00000 -7.22222
v -12.63889 0.00000 -7.22222
v -12.27778 0.00000 -7.22222
v -11.91667 0.00000 -7.22222
v -11.55556 0.00000 -7.22222
v -11.19444 0.00000 -7.22222
v -10.83333 0.00000 -7.22222
v -10.47222 0.00000 -7.22222
v -10.11111 0.00000 -7.22222
v -9.75000 0.00000 -7.22222
v -9.38889 0.00000 -7.22222
v -9.02778 0.00000 -7.22222
v -8.66667 0.00000 -7.22222
v -8.30556 0.00000 -7.22222
v -7.94444 0.00000 -7.22222
v -7.58333 0.00000 -7.22222
v -7.22222 1.00837 -7.22222
v -6.86111 1.01826 -7.22222
v -6.50000 1.03351 -7.22222
v -6.13889 1.02914 -7.22222
v -5.77778 1.67117 -7.22222
v -5.41667 2.84236 -7.22222
v -5.05556 3.34784 -7.22222
v -4.69444 3.69597 -7.22222
v -4.33333 3.79573 -7.22222
v -3.97222 3.99127 -7.22222
v -3.61111 4.58176 -7.22222
v -3.25000 4.64488 -7.22222
v -2.88889 4.04950 -7.22222
v -2.52778 3.73270 -7.22222
v -2.16667 3.67084 -7.22222
v -1.80556 3.06183 -7.22222
v -1.44444 2.71940 -7.22222
v -1.08333 2.76603 -7.22222
v -0.72222 2.81649 -7.22222
v -0.36111 1.74816 -7.22222
v 0.00000 1.54991 -7.22222
v 0.36111 1.43400 -7.22222
v 0.72222 1.41197 -7.22222
v 1.08333 1.41081 -7.22222
v 1.44444 1.40973 -7.22222
v 1.80556 1.37242 -7.22222
v 2.16667 1.14937 -7.22222
v 2.52778 0.67748 -7.22222
v 2.88889 0.25086 -7.22222
v 3.25000 0.05658 -7.22222
v 3.61111 0.00765 -7.22222
v 3.97222 0.00061 -7.22222
v 4.33333 0.00003 -7.22222
v 4.69444 0.00000 -7.22222
v 5.05556 0.00000 -7.22222
v 5.41667 0.00000 -7.22222
v 5.77778 0.00000 -7.22222
v 6.13889 0.00000 -7.22222
v 6.50000 0.00000 -7.22222
v 6.86111 0.00000 -7.22222
v 7.22222 0.00000 -7.22222
v 7.58333 0.00000 -7.22222
v 7.94444 0.00000 -7.22222
v 8.30556 0.00000 -7.22222
v 8.66667 0.00000 -7.22222
v 9.02778 0.00000 -7.22222
v 9.38889 0.00000 -7.22222
v 9.75000 0.00000 -7.22222
v 10.11111 0.00000 -7.22222
v 10.47222 0.00000 -7.22222
v 10.83333 0.00000 -7.22222
v 11.19444 0.00000 -7.22222
v 11.55556 0.00000 -7.22222
v 11.91667 0.00000 -7.22222
v 12.27778 0.00000 -7.22222
v 12.63889 0.00000 -7.22222
v 13.00000 0.00000 -7.22222
v -13.00000 0.00000 -6.86111
v -12.63889 0.00000 -6.86111
v -12.27778 0.00000 -6.86111
v -11.91667 0.00000 -6.86111
v -11.55556 0.00000 -6.86111
v -11.19444 0.00000 -6.86111
v -10.83333 0.00000 -6.86111
v -10.47222 0.00000 -6.86111
v -10.11111 0.00000 -6.86111
v -9.75000 0.00000 -6.86111
v -9.38889 0.00000 -6.86111
v -9.02778 0.00000 -6.86111
v -8.66667 0.00000 -6.86111
v -8.30556 0.00000 -6.86111
v -7.94444 0.00000 -6.86111
v -7.58333 0.00000 -6.86111
v -7.22222 1.01046 -6.86111
v -6.86111 2.36562 -6.86111
v -6.50000 2.38685 -6.86111
v -6.13889 2.38710 -6.86111
v -5.77778 2.98961 -6.86111
v -5.41667 4.39044 -6.86111
v -5.05556 5.03649 -6.86111
v -4.69444 5.06622 -6.86111
v -4.33333 4.90666 -6.86111
v -3.97222 4.93599 -6.86111
v -3.61111 5.50074 -6.86111
v -3.25000 5.58001 -6.86111
v -2.88889 5.17249 -6.86111
v -2.52778 4.98018 -6.86111
v -2.16667 4.63341 -6.86111
v -1.80556 3.81092 -6.86111
v -1.44444 3.61554 -6.86111
v -1.08333 3.81974 -6.86111
v -0.72222 3.29186 -6.86111
v -0.36111 2.92979 -6.86111
v 0.00000 2.98027 -6.86111
v 0.36111 2.94739 -6.86111
v 0.72222 2.92723 -6.86111
v 1.08333 2.91157 -6.86111
v 1.44444 2.90840 -6.86111
v 1.80556 2.89771 -6.86111
v 2.16667 2.75355 -6.86111
v 2.52778 2.34747 -6.86111
v 2.88889 1.78937 -6.86111
v 3.25000 1.35614 -6.86111
v 3.61111 1.15639 -6.86111
v 3.97222 0.00760 -6.86111
v 4.33333 0.00058 -6.86111
v 4.69444 0.00002 -6.86111
v 5.05556 0.00000 -6.86111
v 5.41667 0.00000 -6.86111
v 5.77778 0.00000 -6.86111
v 6.13889 0.00000 -6.86111
v 6.50000 0.00000 -6.86111
v 6.86111 0.00000 -6.86111
v 7.22222 0.00000 -6.86111
v 7.58333 0.00000 -6.86111
v 7.94444 0.00000 -6.86111
v 8.30556 0.00000 -6.86111
v 8.66667 0.00000 -6.86111
v 9.02778 0.00000 -6.86111
v 9.38889 0.00000 -6.86111
v 9.75000 0.00000 -6.86111
v 10.11111 0.00000 -6.86111
v 10.47222 0.00000 -6.86111
v 10.83333 0.00000 -6.86111
v 11.19444 0.00000 -6.86111
v 11.55556 0.00000 -6.86111
v 11.91667 0.00000 -6.86111
v 12.27778 0.00000 -6.86111
v 12.63889 0.00000 -6.86111
v 13.00000 0.00000 -6.86111
v -13.00000 0.00000 -6.50000
v -12.63889 0.00000 -6.50000
v -12.27778 0.00000 -6.50000
v -11.91667 0.00000 -6.50000
v -11.55556 0.00000 -6.50000
v -11.19444 0.00000 -6.50000
v -10.83333 0.00000 -6.50000
v -10.47222 0.00000 -6.50000
v -10.11111 0.00000 -6.50000
v -9.75000 0.00000 -6.50000
v -9.38889 0.00000 -6.50000
v -9.02778 0.00000 -6.50000
v -8.66667 0.00000 -6.50000
v -8.30556 0.00000 -6.50000
v -7.94444 0.00000 -6.50000
v -7.58333 0.00003 -6.50000
v -7.22222 1.01330 -6.50000
v -6.86111 2.36312 -6.50000
v -6.50000 4.07869 -6.50000
v -6.13889 4.10928 -6.50000
v -5.77778 4.66549 -6.50000
v -5.41667 5.80224 -6.50000
v -5.05556 6.67125 -6.50000
v -4.69444 6.54231 -6.50000
v -4.33333 6.15941 -6.50000
v -3.97222 6.06711 -6.50000
v -3.61111 6.65852 -6.50000
v -3.25000 6.78481 -6.50000
v -2.88889 6.61668 -6.50000
v -2.52778 6.62994 -6.50000
v -2.16667 5.94024 -6.50000
v -1.80556 5.12037 -6.50000
v -1.44444 4.85257 -6.50000
v -1.08333 4.79522 -6.50000
v -0.72222 4.17575 -6.50000
v -0.36111 4.09267 -6.50000
v 0.00000 4.27122 -6.50000
v 0.36111 4.24242 -6.50000
v 0.72222 4.20703 -6.50000
v 1.08333 4.17900 -6.50000
v 1.44444 4.21395 -6.50000
v 1.80556 4.31409 -6.50000
v 2.16667 4.32710 -6.50000
v 2.52778 4.14367 -6.50000
v 2.88889 3.73711 -6.50000
v 3.25000 3.21938 -6.50000
v 3.61111 1.93524 -6.50000
v 3.97222 1.17813 -6.50000
v 4.33333 1.11904 -6.50000
v 4.69444 1.09748 -6.50000
v 5.05556 1.07934 -6.50000
v 5.41667 1.06005 -6.50000
v 5.77778 1.04020 -6.50000
v 6.13889 0.00000 -6.50000
v 6.50000 0.00000 -6.50000
v 6.86111 0.00000 -6.50000
v 7.22222 0.00000 -6.50000
v 7.58333 0.00000 -6.50000
v 7.94444 0.00000 -6.50000
v 8.30556 0.00000 -6.50000
v 8.66667 0.00000 -6.50000
v 9.02778 0.00000 -6.50000
v 9.38889 0.00000 -6.50000
v 9.75000 0.00000 -6.50000
v 10.11111 0.00000 -6.50000
v 10.47222 0.00000 -6.50000
v 10.83333 0.00000 -6.50000
v 11.19444 0.00000 -6.50000
v 11.55556 0.00000 -6.50000
v 11.91667 0.00000 -6.50000
v 12.27778 0.00000 -6.50000
v 12.63889 0.00000 -6.50000
v 13.00000 0.00000 -6.50000
v -13.00000 0.00000 -6.13889
v -12.63889 0.00000 -6.13889
v -12.27778 0.00000 -6.13889
v -11.91667 0.00000 -6.13889
v -11.55556 0.00000 -6.13889
v -11.19444 0.00000 -6.13889
v -10.83333 0.00000 -6.13889
v -10.47222 0.00000 -6.13889
v -10.11111 0.00000 -6.13889
v -9.75000 0.00000 -6.13889
v -9.38889 0.00000 -6.13889
v -9.02778 0.00000 -6.13889
v -8.66667 0.00000 -6.13889
v -8.30556 0.00000 -6.13889
v -7.94444 0.00003 -6.13889
v -7.58333 0.00061 -6.13889
v -7.22222 0.99373 -6.13889
v -6.86111 2.35324 -6.13889
v -6.50000 4.13646 -6.13889
v -6.13889 6.18069 -6.13889
v -5.77778 6.61756 -6.13889
v -5.41667 7.41890 -6.13889
v -5.05556 8.18333 -6.13889
v -4.69444 8.04315 -6.13889
v -4.33333 7.74533 -6.13889
v -3.97222 7.41365 -6.13889
v -3.61111 7.37935 -6.13889
v -3.25000 7.51573 -6.13889
v -2.88889 8.00454 -6.13889
v -2.52778 8.31079 -6.13889
v -2.16667 7.73164 -6.13889
v -1.80556 7.09861 -6.13889
v -1.44444 6.85738 -6.13889
v -1.08333 6.18135 -6.13889
v -0.72222 5.56648 -6.13889
v -0.36111 5.53434 -6.13889
v 0.00000 5.78417 -6.13889
v 0.36111 5.72692 -6.13889
v 0.72222 5.65372 -6.13889
v 1.08333 5.57990 -6.13889
v 1.44444 5.58486 -6.13889
v 1.80556 5.71042 -6.13889
v 2.16667 5.79779 -6.13889
v 2.52778 5.72509 -6.13889
v 2.88889 5.48779 -6.13889
v 3.25000 4.79924 -6.13889
v 3.61111 3.35930 -6.13889
v 3.97222 2.61131 -6.13889
v 4.33333 2.45632 -6.13889
v 4.69444 2.41641 -6.13889
v 5.05556 2.38885 -6.13889
v 5.41667 2.35429 -6.13889
v 5.77778 1.49746 -6.13889
v 6.13889 0.96892 -6.13889
v 6.50000 0.94924 -6.13889
v 6.86111 0.00000 -6.13889
v 7.22222 0.00000 -6.13889
v 7.58333 0.00000 -6.13889
v 7.94444 0.00000 -6.13889
v 8.30556 0.00000 -6.13889
v 8.66667 0.00000 -6.13889
v 9.02778 0.00000 -6.13889
v 9.38889 0.00000 -6.13889
v 9.75000 0.00000 -6.13889
v 10.11111 0.00000 -6.13889
v 10.47222 0.00000 -6.13889
v 10.83333 0.00000 -6.13889
v 11.19444 0.00000 -6.13889
v 11.55556 0.00000 -6.13889
v 11.91667 0.00000 -6.13889
v 12.27778 0.00000 -6.13889
v 12.63889 0.00000 -6.13889
v 13.00000 0.00000 -6.13889
v -13.00000 0.00000 -5.77778
v -12.63889 0.00000 -5.77778
v -12.27778 0.00000 -5.77778
v -11.91667 0.00000 -5.77778
v -11.55556 0.00000 -5.77778
v -11.19444 0.00000 -5.77778
v -10.83333 0.00000 -5.77778
v -10.47222 0.00000 -5.77778
v -10.11111 0.00000 -5.77778
v -9.75000 0.00000 -5.77778
v -9.38889 0.00000 -5.77778
v -9.02778 0.00000 -5.77778
v -8.66667 0.00000 -5.77778
v -8.30556 0.00002 -5.77778
v -7.94444 0.00058 -5.77778
v -7.58333 0.96945 -5.77778
v -7.22222 1.50808 -5.77778
v -6.86111 2.81193 -5.77778
v -6.50000 4.64876 -5.77778
v -6.13889 6.64087 -5.77778
v -5.77778 8.18611 -5.77778
v -5.41667 8.15085 -5.77778
v -5.05556 8.02854 -5.77778
v -4.69444 7.78667 -5.77778
v -4.33333 7.48907 -5.77778
v -3.97222 7.30325 -5.77778
v -3.61111 7.24798 -5.77778
v -3.25000 7.29003 -5.77778
v -2.88889 7.86069 -5.77778
v -2.52778 8.34076 -5.77778
v -2.16667 8.69550 -5.77778
v -1.80556 8.94227 -5.77778
v -1.44444 9.14646 -5.77778
v -1.08333 8.40841 -5.77778
v -0.72222 7.83821 -5.77778
v -0.36111 7.83985 -5.77778
v 0.00000 7.84067 -5.77778
v 0.36111 7.84075 -5.77778
v 0.72222 7.84123 -5.77778
v 1.08333 7.79154 -5.77778
v 1.44444 7.61320 -5.77778
v 1.80556 7.48268 -5.77778
v 2.16667 7.39895 -5.77778
v 2.52778 7.27453 -5.77778
v 2.88889 7.05899 -5.77778
v 3.25000 6.06886 -5.77778
v 3.61111 4.92215 -5.77778
v 3.97222 4.18436 -5.77778
v 4.33333 3.96950 -5.77778
v 4.69444 3.94021 -5.77778
v 5.05556 3.92360 -5.77778
v 5.41667 3.57959 -5.77778
v 5.77778 2.56509 -5.77778
v 6.13889 2.17357 -5.77778
v 6.50000 0.89781 -5.77778
v 6.86111 0.00000 -5.77778
v 7.22222 0.00000 -5.77778
v 7.58333 0.00000 -5.77778
v 7.94444 0.00000 -5.77778
v 8.30556 0.00000 -5.77778
v 8.66667 0.00000 -5.77778
v 9.02778 0.00000 -5.77778
v 9.38889 0.00000 -5.77778
v 9.75000 0.00000 -5.77778
v 10.11111 0.00000 -5.77778
v 10.47222 0.00000 -5.77778
v 10.83333 0.00000 -5.77778
v 11.19444 0.00000 -5.77778
v 11.55556 0.00000 -5.77778
v 11.91667 0.00000 -5.77778
v 12.27778 0.00000 -5.77778
v 12.63889 0.00000 -5.77778
v 13.00000 0.00000 -5.77778
v -13.00000 0.00000 -5.41667
v -12.63889 0.00000 -5.41667
v -12.27778 0.00000 -5.41667
v -11.91667 0.00000 -5.41667
v -11.55556 0.00000 -5.41667
v -11.19444 0.00000 -5.41667
v -10.83333 0.00000 -5.41667
v -10.47222 0.00000 -5.41667
v -10.11111 0.00000 -5.41667
v -9.75000 0.00000 -5.41667
v -9.38889 0.00000 -5.41667
v -9.02778 0.00000 -5.41667
v -8.66667 0.00001 -5.41667
v -8.30556 0.00032 -5.41667
v -7.94444 0.00622 -5.41667
v -7.58333 0.98735 -5.41667
v -7.22222 2.41608 -5.41667
v -6.86111 4.01766 -5.41667
v -6.50000 5.72362 -5.41667
v -6.13889 7.44761 -5.41667
v -5.77778 8.17822 -5.41667
v -5.41667 8.04143 -5.41667
v -5.05556 7.81048 -5.41667
v -4.69444 7.53074 -5.41667
v -4.33333 7.31230 -5.41667
v -3.97222 7.20295 -5.41667
v -3.61111 7.15779 -5.41667
v -3.25000 7.17867 -5.41667
v -2.88889 7.77984 -5.41667
v -2.52778 8.39666 -5.41667
v -2.16667 8.87445 -5.41667
v -1.80556 9.21922 -5.41667
v -1.44444 9.48245 -5.41667
v -1.08333 9.50000 -5.41667
v -0.72222 9.50000 -5.41667
v -0.36111 9.50000 -5.41667
v 0.00000 9.50000 -5.41667
v 0.36111 9.50000 -5.41667
v 0.72222 9.50000 -5.41667
v 1.08333 9.50000 -5.41667
v 1.44444 9.50000 -5.41667
v 1.80556 9.47567 -5.41667
v 2.16667 9.02643 -5.41667
v 2.52778 8.65324 -5.41667
v 2.88889 8.30294 -5.41667
v 3.25000 7.24499 -5.41667
v 3.61111 6.32576 -5.41667
v 3.97222 5.73847 -5.41667
v 4.33333 5.61324 -5.41667
v 4.69444 5.65868 -5.41667
v 5.05556 5.68273 -5.41667
v 5.41667 4.85357 -5.41667
v 5.77778 3.96610 -5.41667
v 6.13889 2.40839 -5.41667
v 6.50000 1.29694 -5.41667
v 6.86111 0.81134 -5.41667
v 7.22222 0.00000 -5.41667
v 7.58333 0.00000 -5.41667
v 7.94444 0.00000 -5.41667
v 8.30556 0.00000 -5.41667
v 8.66667 0.00000 -5.41667
v 9.02778 0.00000 -5.41667
v 9.38889 0.00000 -5.41667
v 9.75000 0.00000 -5.41667
v 10.11111 0.00000 -5.41667
v 10.47222 0.00000 -5.41667
v 10.83333 0.00000 -5.41667
v 11.19444 0.00000 -5.41667
v 11.55556 0.00000 -5.41667
v 11.91667 0.00000 -5.41667
v 12.27778 0.00000 -5.41667
v 12.63889 0.00000 -5.41667
v 13.00000 0.00000 -5.41667
v -13.00000 0.00000 -5.05556
v -12.63889 0.00000 -5.05556
v -12.27778 0.00000 -5.05556
v -11.91667 0.00000 -5.05556
v -11.55556 0.00000 -5.05556
v -11.19444 0.00000 -5.05556
v -10.83333 0.00000 -5.05556
v -10.47222 0.00000 -5.05556
v -10.11111 0.00000 -5.05556
v -9.75000 0.00000 -5.05556
v -9.38889 0.00000 -5.05556
v -9.02778 0.00000 -5.05556
v -8.66667 0.00006 -5.05556
v -8.30556 0.00204 -5.05556
v -7.94444 0.03213 -5.05556
v -7.58333 1.11108 -5.05556
v -7.22222 2.72251 -5.05556
v -6.86111 4.64117 -5.05556
v -6.50000 6.60174 -5.05556
v -6.13889 8.21677 -5.05556
v -5.77778 8.07967 -5.05556
v -5.41667 7.84604 -5.05556
v -5.05556 7.56871 -5.05556
v -4.69444 7.35974 -5.05556
v -4.33333 7.26235 -5.05556
v -3.97222 7.23414 -5.05556
v -3.61111 7.23385 -5.05556
v -3.25000 7.27276 -5.05556
v -2.88889 7.84957 -5.05556
v -2.52778 8.50935 -5.05556
v -2.16667 9.08049 -5.05556
v -1.80556 9.50000 -5.05556
v -1.44444 9.50000 -5.05556
v -1.08333 9.50000 -5.05556
v -0.72222 9.50000 -5.05556
v -0.36111 9.50000 -5.05556
v 0.00000 9.50000 -5.05556
v 0.36111 9.50000 -5.05556
v 0.72222 9.50000 -5.05556
v 1.08333 9.50000 -5.05556
v 1.44444 9.50000 -5.05556
v 1.80556 9.46326 -5.05556
v 2.16667 8.84701 -5.05556
v 2.52778 8.32564 -5.05556
v 2.88889 7.86179 -5.05556
v 3.25000 7.49039 -5.05556
v 3.61111 7.26037 -5.05556
v 3.97222 7.07419 -5.05556
v 4.33333 7.12368 -5.05556
v 4.69444 7.28349 -5.05556
v 5.05556 7.36706 -5.05556
v 5.41667 6.45794 -5.05556
v 5.77778 4.62106 -5.05556
v 6.13889 3.19251 -5.05556
v 6.50000 1.93248 -5.05556
v 6.86111 0.77208 -5.05556
v 7.22222 0.00000 -5.05556
v 7.58333 0.00000 -5.05556
v 7.94444 0.00000 -5.05556
v 8.30556 0.00000 -5.05556
v 8.66667 0.00000 -5.05556
v 9.02778 0.00000 -5.05556
v 9.38889 0.00000 -5.05556
v 9.75000 0.00000 -5.05556
v 10.11111 0.00000 -5.05556
v 10.47222 0.00000 -5.05556
v 10.83333 0.00000 -5.05556
v 11.19444 0.00000 -5.05556
v 11.55556 0.00000 -5.05556
v 11.91667 0.00000 -5.05556
v 12.27778 0.00000 -5.05556
v 12.63889 0.00000 -5.05556
v 13.00000 0.00000 -5.05556
v -13.00000 0.00000 -4.69444
v -12.63889 0.00000 -4.69444
v -12.27778 0.00000 -4.69444
v -11.91667 0.00000 -4.69444
v -11.55556 0.00000 -4.69444
v -11.19444 0.00000 -4.69444
v -10.83333 0.00000 -4.69444
v -10.47222 0.00000 -4.69444
v -10.11111 0.00000 -4.69444
v -9.75000 0.00000 -4.69444
v -9.38889 0.00000 -4.69444
v -9.02778 0.00003 -4.69444
v -8.66667 0.00066 -4.69444
v -8.30556 0.01009 -4.69444
v -7.94444 0.98587 -4.69444
v -7.58333 1.78790 -4.69444
v -7.22222 3.39828 -4.69444
v -6.86111 5.12814 -4.69444
v -6.50000 6.83640 -4.69444
v -6.13889 8.11130 -4.69444
v -5.77778 7.88377 -4.69444
v -5.41667 7.61282 -4.69444
v -5.05556 7.41170 -4.69444
v -4.69444 7.32699 -4.69444
v -4.33333 7.32046 -4.69444
v -3.97222 7.35184 -4.69444
v -3.61111 7.40713 -4.69444
v -3.25000 7.49309 -4.69444
v -2.88889 8.03434 -4.69444
v -2.52778 8.68051 -4.69444
v -2.16667 9.32287 -4.69444
v -1.80556 9.50000 -4.69444
v -1.44444 9.50000 -4.69444
v -1.08333 9.50000 -4.69444
v -0.72222 9.50000 -4.69444
v -0.36111 9.50000 -4.69444
v 0.00000 9.50000 -4.69444
v 0.36111 9.50000 -4.69444
v 0.72222 9.50000 -4.69444
v 1.08333 9.50000 -4.69444
v 1.44444 9.50000 -4.69444
v 1.80556 9.50000 -4.69444
v 2.16667 8.90477 -4.69444
v 2.52778 8.22795 -4.69444
v 2.88889 7.61015 -4.69444
v 3.25000 7.15985 -4.69444
v 3.61111 6.92267 -4.69444
v 3.97222 6.75700 -4.69444
v 4.33333 6.84180 -4.69444
v 4.69444 7.03897 -4.69444
v 5.05556 7.14708 -4.69444
v 5.41667 7.13831 -4.69444
v 5.77778 5.45974 -4.69444
v 6.13889 3.59997 -4.69444
v 6.50000 2.14109 -4.69444
v 6.86111 1.13606 -4.69444
v 7.22222 0.71998 -4.69444
v 7.58333 0.00000 -4.69444
v 7.94444 0.00000 -4.69444
v 8.30556 0.00000 -4.69444
v 8.66667 0.00000 -4.69444
v 9.02778 0.00000 -4.69444
v 9.38889 0.00000 -4.69444
v 9.75000 0.00000 -4.69444
v 10.11111 0.00000 -4.69444
v 10.47222 0.00000 -4.69444
v 10.83333 0.00000 -4.69444
v 11.19444 0.00000 -4.69444
v 11.55556 0.00000 -4.69444
v 11.91667 0.00000 -4.69444
v 12.27778 0.00000 -4.69444
v 12.63889 0.00000 -4.69444
v 13.00000 0.00000 -4.69444
v -13.00000 0.00000 -4.33333
v -12.63889 0.00000 -4.33333
v -12.27778 0.00000 -4.33333
v -11.91667 0.00000 -4.33333
v -11.55556 0.00000 -4.33333
v -11.19444 0.00000 -4.33333
v -10.83333 0.00000 -4.33333
v -10.47222 0.00000 -4.33333
v -10.11111 0.00000 -4.33333
v -9.75000 0.00000 -4.33333
v -9.38889 0.00003 -4.33333
v -9.02778 0.00061 -4.33333
v -8.66667 0.00768 -4.33333
v -8.30556 0.05799 -4.33333
v -7.94444 1.13931 -4.33333
v -7.58333 2.77813 -4.33333
v -7.22222 4.44961 -4.33333
v -6.86111 5.88036 -4.33333
v -6.50000 7.37183 -4.33333
v -6.13889 7.91264 -4.33333
v -5.77778 7.64185 -4.33333
v -5.41667 7.44771 -4.33333
v -5.05556 7.37358 -4.33333
v -4.69444 7.38198 -4.33333
v -4.33333 7.43518 -4.33333
v -3.97222 7.52058 -4.33333
v -3.61111 7.63595 -4.33333
v -3.25000 7.78287 -4.33333
v -2.88889 8.31730 -4.33333
v -2.52778 8.95643 -4.33333
v -2.16667 9.50000 -4.33333
v -1.80556 9.50000 -4.33333
v -1.44444 9.50000 -4.33333
v -1.08333 9.50000 -4.33333
v -0.72222 9.50000 -4.33333
v -0.36111 9.50000 -4.33333
v 0.00000 9.50000 -4.33333
v 0.36111 9.50000 -4.33333
v 0.72222 9.50000 -4.33333
v 1.08333 9.50000 -4.33333
v 1.44444 9.50000 -4.33333
v 1.80556 9.50000 -4.33333
v 2.16667 9.15769 -4.33333
v 2.52778 8.37892 -4.33333
v 2.88889 7.65591 -4.33333
v 3.25000 7.14350 -4.33333
v 3.61111 6.91589 -4.33333
v 3.97222 6.76386 -4.33333
v 4.33333 6.78770 -4.33333
v 4.69444 6.91550 -4.33333
v 5.05556 6.98666 -4.33333
v 5.41667 6.95491 -4.33333
v 5.77778 5.99890 -4.33333
v 6.13889 4.21207 -4.33333
v 6.50000 2.85632 -4.33333
v 6.86111 2.02119 -4.33333
v 7.22222 1.07771 -4.33333
v 7.58333 0.69140 -4.33333
v 7.94444 0.00000 -4.33333
v 8.30556 0.00000 -4.33333
v 8.66667 0.00000 -4.33333
v 9.02778 0.00000 -4.33333
v 9.38889 0.00000 -4.33333
v 9.75000 0.00000 -4.33333
v 10.11111 0.00000 -4.33333
v 10.47222 0.00000 -4.33333
v 10.83333 0.00000 -4.33333
v 11.19444 0.00000 -4.33333
v 11.55556 0.00000 -4.33333
v 11.91667 0.00000 -4.33333
v 12.27778 0.00000 -4.33333
v 12.63889 0.00000 -4.33333
v 13.00000 0.00000 -4.33333
v -13.00000 0.00000 -3.97222
v -12.63889 0.00000 -3.97222
v -12.27778 0.00000 -3.97222
v -11.91667 0.00000 -3.97222
v -11.55556 0.00000 -3.97222
v -11.19444 0.00000 -3.97222
v -10.83333 0.00000 -3.97222
v -10.47222 0.00000 -3.97222
v -10.11111 0.00000 -3.97222
v -9.75000 0.00003 -3.97222
v -9.38889 0.00061 -3.97222
v -9.02778 0.00765 -3.97222
v -8.66667 0.05661 -3.97222
v -8.30556 0.25254 -3.97222
v -7.94444 1.53510 -3.97222
v -7.58333 3.17261 -3.97222
v -7.22222 4.85626 -3.97222
v -6.86111 6.50567 -3.97222
v -6.50000 7.99721 -3.97222
v -6.13889 7.69385 -3.97222
v -5.77778 7.46606 -3.97222
v -5.41667 7.38889 -3.97222
v -5.05556 7.40529 -3.97222
v -4.69444 7.47163 -3.97222
v -4.33333 7.57612 -3.97222
v -3.97222 7.71784 -3.97222
v -3.61111 7.89680 -3.97222
v -3.25000 8.11274 -3.97222
v -2.88889 8.66188 -3.97222
v -2.52778 9.29447 -3.97222
v -2.16667 9.50000 -3.97222
v -1.80556 9.50000 -3.97222
v -1.44444 9.50000 -3.97222
v -1.08333 9.50000 -3.97222
v -0.72222 9.50000 -3.97222
v -0.36111 9.50000 -3.97222
v 0.00000 9.50000 -3.97222
v 0.36111 9.50000 -3.97222
v 0.72222 9.50000 -3.97222
v 1.08333 9.50000 -3.97222
v 1.44444 9.50000 -3.97222
v 1.80556 9.50000 -3.97222
v 2.16667 9.50000 -3.97222
v 2.52778 8.78471 -3.97222
v 2.88889 8.01811 -3.97222
v 3.25000 7.46381 -3.97222
v 3.61111 7.25866 -3.97222
v 3.97222 7.13230 -3.97222
v 4.33333 7.03089 -3.97222
v 4.69444 6.96446 -3.97222
v 5.05556 6.90308 -3.97222
v 5.41667 6.80365 -3.97222
v 5.77778 6.66373 -3.97222
v 6.13889 5.22777 -3.97222
v 6.50000 3.94517 -3.97222
v 6.86111 2.73332 -3.97222
v 7.22222 1.66680 -3.97222
v 7.58333 0.67458 -3.97222
v 7.94444 0.00000 -3.97222
v 8.30556 0.00000 -3.97222
v 8.66667 0.00000 -3.97222
v 9.02778 0.00000 -3.97222
v 9.38889 0.00000 -3.97222
v 9.75000 0.00000 -3.97222
v 10.11111 0.00000 -3.97222
v 10.47222 0.00000 -3.97222
v 10.83333 0.00000 -3.97222
v 11.19444 0.00000 -3.97222
v 11.55556 0.00000 -3.97222
v 11.91667 0.00000 -3.97222
v 12.27778 0.00000 -3.97222
v 12.63889 0.00000 -3.97222
v 13.00000 0.00000 -3.97222
v -13.00000 0.00000 -3.61111
v -12.63889 0.00000 -3.61111
v -12.27778 0.00000 -3.61111
v -11.91667 0.00000 -3.61111
v -11.55556 0.00000 -3.61111
v -11.19444 0.00000 -3.61111
v -10.83333 0.00000 -3.61111
v -10.47222 0.00000 -3.61111
v -10.11111 0.00002 -3.61111
v -9.75000 0.00058 -3.61111
v -9.38889 0.00760 -3.61111
v -9.02778 0.05658 -3.61111
v -8.66667 0.25227 -3.61111
v -8.30556 0.70121 -3.61111
v -7.94444 2.08595 -3.61111
v -7.58333 3.52256 -3.61111
v -7.22222 4.92600 -3.61111
v -6.86111 6.40333 -3.61111
v -6.50000 7.83421 -3.61111
v -6.13889 7.53892 -3.61111
v -5.77778 7.39266 -3.61111
v -5.41667 7.39309 -3.61111
v -5.05556 7.46131 -3.61111
v -4.69444 7.57386 -3.61111
v -4.33333 7.72964 -3.61111
v -3.97222 7.92979 -3.61111
v -3.61111 8.17440 -3.61111
v -3.25000 8.46201 -3.61111
v -2.88889 9.02954 -3.61111
v -2.52778 9.50000 -3.61111
v -2.16667 9.50000 -3.61111
v -1.80556 9.50000 -3.61111
v -1.44444 9.50000 -3.61111
v -1.08333 9.50000 -3.61111
v -0.72222 9.50000 -3.61111
v -0.36111 9.50000 -3.61111
v 0.00000 9.50000 -3.61111
v 0.36111 9.50000 -3.61111
v 0.72222 9.50000 -3.61111
v 1.08333 9.50000 -3.61111
v 1.44444 9.50000 -3.61111
v 1.80556 9.50000 -3.61111
v 2.16667 9.50000 -3.61111
v 2.52778 9.37739 -3.61111
v 2.88889 8.58823 -3.61111
v 3.25000 7.98521 -3.61111
v 3.61111 7.75752 -3.61111
v 3.97222 7.62862 -3.61111
v 4.33333 7.45320 -3.61111
v 4.69444 7.19386 -3.61111
v 5.05556 6.92291 -3.61111
v 5.41667 6.69104 -3.61111
v 5.77778 6.48854 -3.61111
v 6.13889 6.30256 -3.61111
v 6.50000 4.68128 -3.61111
v 6.86111 3.11691 -3.61111
v 7.22222 1.89187 -3.61111
v 7.58333 1.02914 -3.61111
v 7.94444 0.68091 -3.61111
v 8.30556 0.00000 -3.61111
v 8.66667 0.00000 -3.61111
v 9.02778 0.00000 -3.61111
v 9.38889 0.00000 -3.61111
v 9.75000 0.00000 -3.61111
v 10.11111 0.00000 -3.61111
v 10.47222 0.00000 -3.61111
v 10.83333 0.00000 -3.61111
v 11.19444 0.00000 -3.61111
v 11.55556 0.00000 -3.61111
v 11.91667 0.00000 -3.61111
v 12.27778 0.00000 -3.61111
v 12.63889 0.00000 -3.61111
v 13.00000 0.00000 -3.61111
v -13.00000 0.00000 -3.25000
v -12.63889 0.00000 -3.25000
v -12.27778 0.00000 -3.25000
v -11.91667 0.00000 -3.25000
v -11.55556 0.00000 -3.25000
v -11.19444 0.00000 -3.25000
v -10.83333 0.00000 -3.25000
v -10.47222 0.00001 -3.25000
v -10.11111 0.00032 -3.25000
v -9.75000 0.00622 -3.25000
v -9.38889 0.05417 -3.25000
v -9.02778 0.25089 -3.25000
v -8.66667 0.70093 -3.25000
v -8.30556 2.11994 -3.25000
v -7.94444 2.91605 -3.25000
v -7.58333 3.94615 -3.25000
v -7.22222 5.07651 -3.25000
v -6.86111 6.39928 -3.25000
v -6.50000 7.62893 -3.25000
v -6.13889 7.42426 -3.25000
v -5.77778 7.36969 -3.25000
v -5.41667 7.41788 -3.25000
v -5.05556 7.52431 -3.25000
v -4.69444 7.68066 -3.25000
v -4.33333 7.88783 -3.25000
v -3.97222 8.14691 -3.25000
v -3.61111 8.45771 -3.25000
v -3.25000 8.81788 -3.25000
v -2.88889 9.40968 -3.25000
v -2.52778 9.50000 -3.25000
v -2.16667 9.50000 -3.25000
v -1.80556 9.50000 -3.25000
v -1.44444 9.50000 -3.25000
v -1.08333 9.50000 -3.25000
v -0.72222 9.50000 -3.25000
v -0.36111 9.50000 -3.25000
v 0.00000 9.50000 -3.25000
v 0.36111 9.50000 -3.25000
v 0.72222 9.50000 -3.25000
v 1.08333 9.50000 -3.25000
v 1.44444 9.50000 -3.25000
v 1.80556 9.50000 -3.25000
v 2.16667 9.50000 -3.25000
v 2.52778 9.50000 -3.25000
v 2.88889 9.16373 -3.25000
v 3.25000 8.48202 -3.25000
v 3.61111 8.21184 -3.25000
v 3.97222 8.04069 -3.25000
v 4.33333 7.83045 -3.25000
v 4.69444 7.49809 -3.25000
v 5.05556 7.06362 -3.25000
v 5.41667 6.65048 -3.25000
v 5.77778 6.33591 -3.25000
v 6.13889 6.10144 -3.25000
v 6.50000 5.13591 -3.25000
v 6.86111 3.69028 -3.25000
v 7.22222 2.59891 -3.25000
v 7.58333 1.61961 -3.25000
v 7.94444 0.67517 -3.25000
v 8.30556 0.00000 -3.25000
v 8.66667 0.00000 -3.25000
v 9.02778 0.00000 -3.25000
v 9.38889 0.00000 -3.25000
v 9.75000 0.00000 -3.25000
v 10.11111 0.00000 -3.25000
v 10.47222 0.00000 -3.25000
v 10.83333 0.00000 -3.25000
v 11.19444 0.00000 -3.25000
v 11.55556 0.00000 -3.25000
v 11.91667 0.00000 -3.25000
v 12.27778 0.00000 -3.25000
v 12.63889 0.00000 -3.25000
v 13.00000 0.00000 -3.25000
v -13.00000 0.00000 -2.88889
v -12.63889 0.00000 -2.88889
v -12.27778 0.00000 -2.88889
v -11.91667 0.00000 -2.88889
v -11.55556 0.00000 -2.88889
v -11.19444 0.00000 -2.88889
v -10.83333 0.00000 -2.88889
v -10.47222 0.00006 -2.88889
v -10.11111 0.00204 -2.88889
v -9.75000 0.03213 -2.88889
v -9.38889 0.21253 -2.88889
v -9.02778 0.67889 -2.88889
v -8.66667 1.28900 -2.88889
v -8.30556 2.57780 -2.88889
v -7.94444 3.77140 -2.88889
v -7.58333 4.70509 -2.88889
v -7.22222 5.57596 -2.88889
v -6.86111 6.84196 -2.88889
v -6.50000 7.47223 -2.88889
v -6.13889 7.36680 -2.88889
v -5.77778 7.37265 -2.88889
v -5.41667 7.45126 -2.88889
v -5.05556 7.58927 -2.88889
v -4.69444 7.78534 -2.88889
v -4.33333 8.04031 -2.88889
v -3.97222 8.35482 -2.88889
v -3.61111 8.72825 -2.88889
v -3.25000 9.15761 -2.88889
v -2.88889 9.50000 -2.88889
v -2.52778 9.50000 -2.88889
v -2.16667 9.50000 -2.88889
v -1.80556 9.50000 -2.88889
v -1.44444 9.50000 -2.88889
v -1.08333 9.50000 -2.88889
v -0.72222 9.50000 -2.88889
v -0.36111 9.50000 -2.88889
v 0.00000 9.50000 -2.88889
v 0.36111 9.50000 -2.88889
v 0.72222 9.50000 -2.88889
v 1.08333 9.50000 -2.88889
v 1.44444 9.50000 -2.88889
v 1.80556 9.50000 -2.88889
v 2.16667 9.50000 -2.88889
v 2.52778 9.50000 -2.88889
v 2.88889 9.50000 -2.88889
v 3.25000 9.21462 -2.88889
v 3.61111 8.86590 -2.88889
v 3.97222 8.63580 -2.88889
v 4.33333 8.39083 -2.88889
v 4.69444 8.06828 -2.88889
v 5.05556 7.63121 -2.88889
v 5.41667 7.12163 -2.88889
v 5.77778 6.67040 -2.88889
v 6.13889 6.34939 -2.88889
v 6.50000 6.12711 -2.88889
v 6.86111 4.48280 -2.88889
v 7.22222 2.89938 -2.88889
v 7.58333 1.63422 -2.88889
v 7.94444 0.67151 -2.88889
v 8.30556 0.00000 -2.88889
v 8.66667 0.00000 -2.88889
v 9.02778 0.00000 -2.88889
v 9.38889 0.00000 -2.88889
v 9.75000 0.00000 -2.88889
v 10.11111 0.00000 -2.88889
v 10.47222 0.00000 -2.88889
v 10.83333 0.00000 -2.88889
v 11.19444 0.00000 -2.88889
v 11.55556 0.00000 -2.88889
v 11.91667 0.00000 -2.88889
v 12.27778 0.00000 -2.88889
v 12.63889 0.00000 -2.88889
v 13.00000 0.00000 -2.88889
v -13.00000 0.00000 -2.52778
v -12.63889 0.00000 -2.52778
v -12.27778 0.00000 -2.52778
v -11.91667 0.00000 -2.52778
v -11.55556 0.00000 -2.52778
v -11.19444 0.00000 -2.52778
v -10.83333 0.00003 -2.52778
v -10.47222 0.00066 -2.52778
v -10.11111 0.01009 -2.52778
v -9.75000 0.09635 -2.52778
v -9.38889 0.47674 -2.52778
v -9.02778 1.17310 -2.52778
v -8.66667 1.71423 -2.52778
v -8.30556 2.77252 -2.52778
v -7.94444 3.74818 -2.52778
v -7.58333 4.76632 -2.52778
v -7.22222 6.06748 -2.52778
v -6.86111 7.58492 -2.52778
v -6.50000 7.41420 -2.52778
v -6.13889 7.35810 -2.52778
v -5.77778 7.38624 -2.52778
v -5.41667 7.48520 -2.52778
v -5.05556 7.65211 -2.52778
v -4.69444 7.88618 -2.52778
v -4.33333 8.18678 -2.52778
v -3.97222 8.55394 -2.52778
v -3.61111 8.98680 -2.52778
v -3.25000 9.48181 -2.52778
v -2.88889 9.50000 -2.52778
v -2.52778 9.50000 -2.52778
v -2.16667 9.50000 -2.52778
v -1.80556 9.50000 -2.52778
v -1.44444 9.50000 -2.52778
v -1.08333 9.50000 -2.52778
v -0.72222 9.50000 -2.52778
v -0.36111 9.50000 -2.52778
v 0.00000 9.50000 -2.52778
v 0.36111 9.50000 -2.52778
v 0.72222 9.50000 -2.52778
v 1.08333 9.50000 -2.52778
v 1.44444 9.50000 -2.52778
v 1.80556 9.50000 -2.52778
v 2.16667 9.50000 -2.52778
v 2.52778 9.50000 -2.52778
v 2.88889 9.50000 -2.52778
v 3.25000 9.50000 -2.52778
v 3.61111 9.40475 -2.52778
v 3.97222 9.06198 -2.52778
v 4.33333 8.77518 -2.52778
v 4.69444 8.46083 -2.52778
v 5.05556 8.08187 -2.52778
v 5.41667 7.61196 -2.52778
v 5.77778 7.09419 -2.52778
v 6.13889 6.65453 -2.52778
v 6.50000 6.35644 -2.52778
v 6.86111 4.60707 -2.52778
v 7.22222 2.95478 -2.52778
v 7.58333 1.64844 -2.52778
v 7.94444 0.66773 -2.52778
v 8.30556 0.00000 -2.52778
v 8.66667 0.00000 -2.52778
v 9.02778 0.00000 -2.52778
v 9.38889 0.00000 -2.52778
v 9.75000 0.00000 -2.52778
v 10.11111 0.00000 -2.52778
v 10.47222 0.00000 -2.52778
v 10.83333 0.00000 -2.52778
v 11.19444 0.00000 -2.52778
v 11.55556 0.00000 -2.52778
v 11.91667 0.00000 -2.52778
v 12.27778 0.00000 -2.52778
v 12.63889 0.00000 -2.52778
v 13.00000 0.00000 -2.52778
v -13.00000 0.00000 -2.16667
v -12.63889 0.00000 -2.16667
v -12.27778 0.00000 -2.16667
v -11.91667 0.00000 -2.16667
v -11.55556 0.00000 -2.16667
v -11.19444 0.00002 -2.16667
v -10.83333 0.00058 -2.16667
v -10.47222 0.00763 -2.16667
v -10.11111 0.05796 -2.16667
v -9.75000 0.27457 -2.16667
v -9.38889 0.82156 -2.16667
v -9.02778 1.51653 -2.16667
v -8.66667 2.86867 -2.16667
v -8.30556 3.22245 -2.16667
v -7.94444 3.86026 -2.16667
v -7.58333 4.78505 -2.16667
v -7.22222 6.20727 -2.16667
v -6.86111 7.58638 -2.16667
v -6.50000 7.41652 -2.16667
v -6.13889 7.36753 -2.16667
v -5.77778 7.40238 -2.16667
v -5.41667 7.51852 -2.16667
v -5.05556 7.71792 -2.16667
v -4.69444 7.99698 -2.16667
v -4.33333 8.34340 -2.16667
v -3.97222 8.75705 -2.16667
v -3.61111 9.24096 -2.16667
v -3.25000 9.50000 -2.16667
v -2.88889 9.50000 -2.16667
v -2.52778 9.50000 -2.16667
v -2.16667 9.50000 -2.16667
v -1.80556 9.50000 -2.16667
v -1.44444 9.50000 -2.16667
v -1.08333 9.50000 -2.16667
v -0.72222 9.50000 -2.16667
v -0.36111 9.50000 -2.16667
v 0.00000 9.50000 -2.16667
v 0.36111 9.50000 -2.16667
v 0.72222 9.50000 -2.16667
v 1.08333 9.50000 -2.16667
v 1.44444 9.50000 -2.16667
v 1.80556 9.50000 -2.16667
v 2.16667 9.50000 -2.16667
v 2.52778 9.50000 -2.16667
v 2.88889 9.50000 -2.16667
v 3.25000 9.50000 -2.16667
v 3.61111 9.50000 -2.16667
v 3.97222 9.37653 -2.16667
v 4.33333 9.01183 -2.16667
v 4.69444 8.70341 -2.16667
v 5.05556 8.37760 -2.16667
v 5.41667 8.00076 -2.16667
v 5.77778 7.54406 -2.16667
v 6.13889 7.04342 -2.16667
v 6.50000 6.62759 -2.16667
v 6.86111 4.73975 -2.16667
v 7.22222 3.00967 -2.16667
v 7.58333 1.66208 -2.16667
v 7.94444 0.66375 -2.16667
v 8.30556 0.00000 -2.16667
v 8.66667 0.00000 -2.16667
v 9.02778 0.00000 -2.16667
v 9.38889 0.00000 -2.16667
v 9.75000 0.00000 -2.16667
v 10.11111 0.00000 -2.16667
v 10.47222 0.00000 -2.16667
v 10.83333 0.00000 -2.16667
v 11.19444 0.00000 -2.16667
v 11.55556 0.00000 -2.16667
v 11.91667 0.00000 -2.16667
v 12.27778 0.00000 -2.16667
v 12.63889 0.00000 -2.16667
v 13.00000 0.00000 -2.16667
v -13.00000 0.00000 -1.80556
v -12.63889 0.00000 -1.80556
v -12.27778 0.00000 -1.80556
v -11.91667 0.00000 -1.80556
v -11.55556 0.00001 -1.80556
v -11.19444 0.00031 -1.80556
v -10.83333 0.00619 -1.80556
v -10.47222 0.05413 -1.80556
v -10.11111 0.25112 -1.80556
v -9.75000 0.70515 -1.80556
v -9.38889 1.31599 -1.80556
v -9.02778 1.77858 -1.80556
v -8.66667 2.96697 -1.80556
v -8.30556 3.96651 -1.80556
v -7.94444 4.66036 -1.80556
v -7.58333 5.56342 -1.80556
v -7.22222 7.04027 -1.80556
v -6.86111 7.66450 -1.80556
v -6.50000 7.45962 -1.80556
v -6.13889 7.40498 -1.80556
v -5.77778 7.44356 -1.80556
v -5.41667 7.57905 -1.80556
v -5.05556 7.83132 -1.80556
v -4.69444 8.18703 -1.80556
v -4.33333 8.58495 -1.80556
v -3.97222 9.02758 -1.80556
v -3.61111 9.50000 -1.80556
v -3.25000 9.50000 -1.80556
v -2.88889 9.50000 -1.80556
v -2.52778 9.50000 -1.80556
v -2.16667 9.50000 -1.80556
v -1.80556 9.50000 -1.80556
v -1.44444 9.50000 -1.80556
v -1.08333 9.50000 -1.80556
v -0.72222 9.50000 -1.80556
v -0.36111 9.50000 -1.80556
v 0.00000 9.50000 -1.80556
v 0.36111 9.50000 -1.80556
v 0.72222 9.50000 -1.80556
v 1.08333 9.50000 -1.80556
v 1.44444 9.50000 -1.80556
v 1.80556 9.50000 -1.80556
v 2.16667 9.50000 -1.80556
v 2.52778 9.50000 -1.80556
v 2.88889 9.50000 -1.80556
v 3.25000 9.50000 -1.80556
v 3.61111 9.50000 -1.80556
v 3.97222 9.50000 -1.80556
v 4.33333 9.16610 -1.80556
v 4.69444 8.82318 -1.80556
v 5.05556 8.54275 -1.80556
v 5.41667 8.24785 -1.80556
v 5.77778 7.89496 -1.80556
v 6.13889 7.42717 -1.80556
v 6.50000 6.91750 -1.80556
v 6.86111 4.87840 -1.80556
v 7.22222 3.06388 -1.80556
v 7.58333 1.67507 -1.80556
v 7.94444 0.65956 -1.80556
v 8.30556 0.00000 -1.80556
v 8.66667 0.00000 -1.80556
v 9.02778 0.00000 -1.80556
v 9.38889 0.00000 -1.80556
v 9.75000 0.00000 -1.80556
v 10.11111 0.00000 -1.80556
v 10.47222 0.00000 -1.80556
v 10.83333 0.00000 -1.80556
v 11.19444 0.00000 -1.80556
v 11.55556 0.00000 -1.80556
v 11.91667 0.00000 -1.80556
v 12.27778 0.00000 -1.80556
v 12.63889 0.00000 -1.80556
v 13.00000 0.00000 -1.80556
v -13.00000 0.00000 -1.44444
v -12.63889 0.00000 -1.44444
v -12.27778 0.00000 -1.44444
v -11.91667 0.00000 -1.44444
v -11.55556 0.00003 -1.44444
v -11.19444 0.00174 -1.44444
v -10.83333 0.03066 -1.44444
v -10.47222 0.21001 -1.44444
v -10.11111 0.67743 -1.44444
v -9.75000 1.28946 -1.44444
v -9.38889 1.74364 -1.44444
v -9.02778 1.93683 -1.44444
v -8.66667 3.05167 -1.44444
v -8.30556 4.08690 -1.44444
v -7.94444 5.16904 -1.44444
v -7.58333 6.65483 -1.44444
v -7.22222 8.19917 -1.44444
v -6.86111 7.86858 -1.44444
v -6.50000 7.63058 -1.44444
v -6.13889 7.57367 -1.44444
v -5.77778 7.61578 -1.44444
v -5.41667 7.76480 -1.44444
v -5.05556 8.05655 -1.44444
v -4.69444 8.46790 -1.44444
v -4.33333 8.89346 -1.44444
v -3.97222 9.33940 -1.44444
v -3.61111 9.50000 -1.44444
v -3.25000 9.50000 -1.44444
v -2.88889 9.50000 -1.44444
v -2.52778 9.50000 -1.44444
v -2.16667 9.50000 -1.44444
v -1.80556 9.50000 -1.44444
v -1.44444 9.50000 -1.44444
v -1.08333 9.50000 -1.44444
v -0.72222 9.50000 -1.44444
v -0.36111 9.50000 -1.44444
v 0.00000 9.50000 -1.44444
v 0.36111 9.50000 -1.44444
v 0.72222 9.50000 -1.44444
v 1.08333 9.50000 -1.44444
v 1.44444 9.50000 -1.44444
v 1.80556 9.50000 -1.44444
v 2.16667 9.50000 -1.44444
v 2.52778 9.50000 -1.44444
v 2.88889 9.50000 -1.44444
v 3.25000 9.50000 -1.44444
v 3.61111 9.50000 -1.44444
v 3.97222 9.50000 -1.44444
v 4.33333 9.31456 -1.44444
v 4.69444 8.88104 -1.44444
v 5.05556 8.60276 -1.44444
v 5.41667 8.38383 -1.44444
v 5.77778 8.11322 -1.44444
v 6.13889 7.69670 -1.44444
v 6.50000 7.16630 -1.44444
v 6.86111 5.01630 -1.44444
v 7.22222 3.11980 -1.44444
v 7.58333 1.68797 -1.44444
v 7.94444 0.65524 -1.44444
v 8.30556 0.00000 -1.44444
v 8.66667 0.00000 -1.44444
v 9.02778 0.00000 -1.44444
v 9.38889 0.00000 -1.44444
v 9.75000 0.00000 -1.44444
v 10.11111 0.00000 -1.44444
v 10.47222 0.00000 -1.44444
v 10.83333 0.00000 -1.44444
v 11.19444 0.00000 -1.44444
v 11.55556 0.00000 -1.44444
v 11.91667 0.00000 -1.44444
v 12.27778 0.00000 -1.44444
v 12.63889 0.00000 -1.44444
v 13.00000 0.00000 -1.44444
v -13.00000 0.00000 -1.08333
v -12.63889 0.00000 -1.08333
v -12.27778 0.00000 -1.08333
v -11.91667 0.00000 -1.08333
v -11.55556 0.00008 -1.08333
v -11.19444 0.00416 -1.08333
v -10.83333 0.07013 -1.08333
v -10.47222 0.43282 -1.08333
v -10.11111 1.14554 -1.08333
v -9.75000 1.71040 -1.08333
v -9.38889 1.93090 -1.08333
v -9.02778 1.97984 -1.08333
v -8.66667 3.12468 -1.08333
v -8.30556 4.31647 -1.08333
v -7.94444 5.58224 -1.08333
v -7.58333 7.07308 -1.08333
v -7.22222 8.49861 -1.08333
v -6.86111 8.15711 -1.08333
v -6.50000 7.90550 -1.08333
v -6.13889 7.85461 -1.08333
v -5.77778 7.90110 -1.08333
v -5.41667 8.04727 -1.08333
v -5.05556 8.31078 -1.08333
v -4.69444 8.67438 -1.08333
v -4.33333 9.07286 -1.08333
v -3.97222 9.50000 -1.08333
v -3.61111 9.50000 -1.08333
v -3.25000 9.50000 -1.08333
v -2.88889 9.50000 -1.08333
v -2.52778 9.50000 -1.08333
v -2.16667 9.50000 -1.08333
v -1.80556 9.50000 -1.08333
v -1.44444 9.50000 -1.08333
v -1.08333 9.50000 -1.08333
v -0.72222 9.50000 -1.08333
v -0.36111 9.50000 -1.08333
v 0.00000 9.50000 -1.08333
v 0.36111 9.50000 -1.08333
v 0.72222 9.50000 -1.08333
v 1.08333 9.50000 -1.08333
v 1.44444 9.50000 -1.08333
v 1.80556 9.50000 -1.08333
v 2.16667 9.50000 -1.08333
v 2.52778 9.50000 -1.08333
v 2.88889 9.50000 -1.08333
v 3.25000 9.50000 -1.08333
v 3.61111 9.50000 -1.08333
v 3.97222 9.50000 -1.08333
v 4.33333 9.48537 -1.08333
v 4.69444 8.97529 -1.08333
v 5.05556 8.64992 -1.08333
v 5.41667 8.47697 -1.08333
v 5.77778 8.27063 -1.08333
v 6.13889 7.91738 -1.08333
v 6.50000 7.43921 -1.08333
v 6.86111 5.21515 -1.08333
v 7.22222 3.20256 -1.08333
v 7.58333 1.70519 -1.08333
v 7.94444 0.65124 -1.08333
v 8.30556 0.00001 -1.08333
v 8.66667 0.00000 -1.08333
v 9.02778 0.00000 -1.08333
v 9.38889 0.00000 -1.08333
v 9.75000 0.00000 -1.08333
v 10.11111 0.00000 -1.08333
v 10.47222 0.00000 -1.08333
v 10.83333 0.00000 -1.08333
v 11.19444 0.00000 -1.08333
v 11.55556 0.00000 -1.08333
v 11.91667 0.00000 -1.08333
v 12.27778 0.00000 -1.08333
v 12.63889 0.00000 -1.08333
v 13.00000 0.00000 -1.08333
v -13.00000 0.00000 -0.72222
v -12.63889 0.00000 -0.72222
v -12.27778 0.00000 -0.72222
v -11.91667 0.00000 -0.72222
v -11.55556 0.00011 -0.72222
v -11.19444 0.00528 -0.72222
v -10.83333 0.08799 -0.72222
v -10.47222 0.52670 -0.72222
v -10.11111 1.30516 -0.72222
v -9.75000 1.77942 -0.72222
v -9.38889 1.88634 -0.72222
v -9.02778 3.14109 -0.72222
v -8.66667 3.65387 -0.72222
v -8.30556 4.74184 -0.72222
v -7.94444 6.03314 -0.72222
v -7.58333 7.47883 -0.72222
v -7.22222 8.59792 -0.72222
v -6.86111 8.24851 -0.72222
v -6.50000 7.98780 -0.72222
v -6.13889 7.94881 -0.72222
v -5.77778 8.00562 -0.72222
v -5.41667 8.15474 -0.72222
v -5.05556 8.39428 -0.72222
v -4.69444 8.71120 -0.72222
v -4.33333 9.07369 -0.72222
v -3.97222 9.49557 -0.72222
v -3.61111 9.50000 -0.72222
v -3.25000 9.50000 -0.72222
v -2.88889 9.50000 -0.72222
v -2.52778 9.50000 -0.72222
v -2.16667 9.50000 -0.72222
v -1.80556 9.50000 -0.72222
v -1.44444 9.50000 -0.72222
v -1.08333 9.50000 -0.72222
v -0.72222 9.50000 -0.72222
v -0.36111 9.50000 -0.72222
v 0.00000 9.50000 -0.72222
v 0.36111 9.50000 -0.72222
v 0.72222 9.50000 -0.72222
v 1.08333 9.50000 -0.72222
v 1.44444 9.50000 -0.72222
v 1.80556 9.50000 -0.72222
v 2.16667 9.50000 -0.72222
v 2.52778 9.50000 -0.72222
v 2.88889 9.50000 -0.72222
v 3.25000 9.50000 -0.72222
v 3.61111 9.50000 -0.72222
v 3.97222 9.50000 -0.72222
v 4.33333 9.50000 -0.72222
v 4.69444 9.18503 -0.72222
v 5.05556 8.82241 -0.72222
v 5.41667 8.62279 -0.72222
v 5.77778 8.42724 -0.72222
v 6.13889 8.15239 -0.72222
v 6.50000 7.78713 -0.72222
v 6.86111 5.54943 -0.72222
v 7.22222 3.36639 -0.72222
v 7.58333 1.73959 -0.72222
v 7.94444 0.64878 -0.72222
v 8.30556 0.00003 -0.72222
v 8.66667 0.00000 -0.72222
v 9.02778 0.00000 -0.72222
v 9.38889 0.00000 -0.72222
v 9.75000 0.00000 -0.72222
v 10.11111 0.00000 -0.72222
v 10.47222 0.00000 -0.72222
v 10.83333 0.00000 -0.72222
v 11.19444 0.00000 -0.72222
v 11.55556 0.00000 -0.72222
v 11.91667 0.00000 -0.72222
v 12.27778 0.00000 -0.72222
v 12.63889 0.00000 -0.72222
v 13.00000 0.00000 -0.72222
v -13.00000 0.00000 -0.36111
v -12.63889 0.00000 -0.36111
v -12.27778 0.00000 -0.36111
v -11.91667 0.00000 -0.36111
v -11.55556 0.00008 -0.36111
v -11.19444 0.00413 -0.36111
v -10.83333 0.06873 -0.36111
v -10.47222 0.40938 -0.36111
v -10.11111 1.00311 -0.36111
v -9.75000 1.34593 -0.36111
v -9.38889 1.41195 -0.36111
v -9.02778 2.70627 -0.36111
v -8.66667 4.16852 -0.36111
v -8.30556 5.41610 -0.36111
v -7.94444 6.58135 -0.36111
v -7.58333 7.95925 -0.36111
v -7.22222 8.38253 -0.36111
v -6.86111 8.01495 -0.36111
v -6.50000 7.73849 -0.36111
v -6.13889 7.71816 -0.36111
v -5.77778 7.79612 -0.36111
v -5.41667 7.96743 -0.36111
v -5.05556 8.22545 -0.36111
v -4.69444 8.55474 -0.36111
v -4.33333 8.92119 -0.36111
v -3.97222 9.34949 -0.36111
v -3.61111 9.50000 -0.36111
v -3.25000 9.50000 -0.36111
v -2.88889 9.50000 -0.36111
v -2.52778 9.50000 -0.36111
v -2.16667 9.50000 -0.36111
v -1.80556 9.50000 -0.36111
v -1.44444 9.50000 -0.36111
v -1.08333 9.50000 -0.36111
v -0.72222 9.50000 -0.36111
v -0.36111 9.50000 -0.36111
v 0.00000 9.50000 -0.36111
v 0.36111 9.50000 -0.36111
v 0.72222 9.50000 -0.36111
v 1.08333 9.50000 -0.36111
v 1.44444 9.50000 -0.36111
v 1.80556 9.50000 -0.36111
v 2.16667 9.50000 -0.36111
v 2.52778 9.50000 -0.36111
v 2.88889 9.50000 -0.36111
v 3.25000 9.50000 -0.36111
v 3.61111 9.50000 -0.36111
v 3.97222 9.50000 -0.36111
v 4.33333 9.50000 -0.36111
v 4.69444 9.45436 -0.36111
v 5.05556 9.08083 -0.36111
v 5.41667 8.81194 -0.36111
v 5.77778 8.58150 -0.36111
v 6.13889 8.35512 -0.36111
v 6.50000 8.09954 -0.36111
v 6.86111 5.91533 -0.36111
v 7.22222 3.58309 -0.36111
v 7.58333 1.78947 -0.36111
v 7.94444 0.64825 -0.36111
v 8.30556 0.00008 -0.36111
v 8.66667 0.00000 -0.36111
v 9.02778 0.00000 -0.36111
v 9.38889 0.00000 -0.36111
v 9.75000 0.00000 -0.36111
v 10.11111 0.00000 -0.36111
v 10.47222 0.00000 -0.36111
v 10.83333 0.00000 -0.36111
v 11.19444 0.00000 -0.36111
v 11.55556 0.00000 -0.36111
v 11.91667 0.00000 -0.36111
v 12.27778 0.00000 -0.36111
v 12.63889 0.00000 -0.36111
v 13.00000 0.00000 -0.36111
v -13.00000 0.00000 0.00000
v -12.63889 0.00000 0.00000
v -12.27778 0.00000 0.00000
v -11.91667 0.00000 0.00000
v -11.55556 0.00003 0.00000
v -11.19444 0.00169 0.00000
v -10.83333 0.02818 0.00000
v -10.47222 0.16779 0.00000
v -10.11111 0.41075 0.00000
v -9.75000 0.55039 0.00000
v -9.38889 0.57691 0.00000
v -9.02778 1.92130 0.00000
v -8.66667 3.45418 0.00000
v -8.30556 5.10829 0.00000
v -7.94444 6.85715 0.00000
v -7.58333 8.39723 0.00000
v -7.22222 7.94049 0.00000
v -6.86111 7.55694 0.00000
v -6.50000 7.26681 0.00000
v -6.13889 7.27707 0.00000
v -5.77778 7.38830 0.00000
v -5.41667 7.59547 0.00000
v -5.05556 7.89202 0.00000
v -4.69444 8.26686 0.00000
v -4.33333 8.69912 0.00000
v -3.97222 9.20192 0.00000
v -3.61111 9.50000 0.00000
v -3.25000 9.50000 0.00000
v -2.88889 9.50000 0.00000
v -2.52778 9.50000 0.00000
v -2.16667 9.50000 0.00000
v -1.80556 9.50000 0.00000
v -1.44444 9.50000 0.00000
v -1.08333 9.50000 0.00000
v -0.72222 9.50000 0.00000
v -0.36111 9.50000 0.00000
v 0.00000 9.50000 0.00000
v 0.36111 9.50000 0.00000
v 0.72222 9.50000 0.00000
v 1.08333 9.50000 0.00000
v 1.44444 9.50000 0.00000
v 1.80556 9.50000 0.00000
v 2.16667 9.50000 0.00000
v 2.52778 9.50000 0.00000
v 2.88889 9.50000 0.00000
v 3.25000 9.50000 0.00000
v 3.61111 9.50000 0.00000
v 3.97222 9.50000 0.00000
v 4.33333 9.50000 0.00000
v 4.69444 9.50000 0.00000
v 5.05556 9.25229 0.00000
v 5.41667 8.96135 0.00000
v 5.77778 8.72137 0.00000
v 6.13889 8.51976 0.00000
v 6.50000 8.31980 0.00000
v 6.86111 6.14848 0.00000
v 7.22222 3.72983 0.00000
v 7.58333 1.82839 0.00000
v 7.94444 0.64829 0.00000
v 8.30556 0.00011 0.00000
v 8.66667 0.00000 0.00000
v 9.02778 0.00000 0.00000
v 9.38889 0.00000 0.00000
v 9.75000 0.00000 0.00000
v 10.11111 0.00000 0.00000
v 10.47222 0.00000 0.00000
v 10.83333 0.00000 0.00000
v 11.19444 0.00000 0.00000
v 11.55556 0.00000 0.00000
v 11.91667 0.00000 0.00000
v 12.27778 0.00000 0.00000
v 12.63889 0.00000 0.00000
v 13.00000 0.00000 0.00000
v -13.00000 0.00000 0.36111
v -12.63889 0.00000 0.36111
v -12.27778 0.00000 0.36111
v -11.91667 0.00000 0.36111
v -11.55556 0.00001 0.36111
v -11.19444 0.00028 0.36111
v -10.83333 0.00473 0.36111
v -10.47222 0.02819 0.36111
v -10.11111 0.06900 0.36111
v -9.75000 0.09246 0.36111
v -9.38889 0.09691 0.36111
v -9.02778 1.40478 0.36111
v -8.66667 2.92440 0.36111
v -8.30556 4.59124 0.36111
v -7.94444 6.38048 0.36111
v -7.58333 7.98136 0.36111
v -7.22222 7.55336 0.36111
v -6.86111 7.19484 0.36111
v -6.50000 6.92503 0.36111
v -6.13889 6.96087 0.36111
v -5.77778 7.09306 0.36111
v -5.41667 7.31718 0.36111
v -5.05556 7.62772 0.36111
v -4.69444 8.01894 0.36111
v -4.33333 8.48420 0.36111
v -3.97222 9.02405 0.36111
v -3.61111 9.50000 0.36111
v -3.25000 9.50000 0.36111
v -2.88889 9.50000 0.36111
v -2.52778 9.50000 0.36111
v -2.16667 9.50000 0.36111
v -1.80556 9.50000 0.36111
v -1.44444 9.50000 0.36111
v -1.08333 9.50000 0.36111
v -0.72222 9.50000 0.36111
v -0.36111 9.50000 0.36111
v 0.00000 9.50000 0.36111
v 0.36111 9.50000 0.36111
v 0.72222 9.50000 0.36111
v 1.08333 9.50000 0.36111
v 1.44444 9.50000 0.36111
v 1.80556 9.50000 0.36111
v 2.16667 9.50000 0.36111
v 2.52778 9.50000 0.36111
v 2.88889 9.50000 0.36111
v 3.25000 9.50000 0.36111
v 3.61111 9.50000 0.36111
v 3.97222 9.50000 0.36111
v 4.33333 9.50000 0.36111
v 4.69444 9.38442 0.36111
v 5.05556 9.08404 0.36111
v 5.41667 8.81984 0.36111
v 5.77778 8.58957 0.36111
v 6.13889 8.36982 0.36111
v 6.50000 8.18094 0.36111
v 6.86111 6.14155 0.36111
v 7.22222 3.75984 0.36111
v 7.58333 1.84860 0.36111
v 7.94444 0.66637 0.36111
v 8.30556 0.00012 0.36111
v 8.66667 0.00000 0.36111
v 9.02778 0.00000 0.36111
v 9.38889 0.00000 0.36111
v 9.75000 0.00000 0.36111
v 10.11111 0.00000 0.36111
v 10.47222 0.00000 0.36111
v 10.83333 0.00000 0.36111
v 11.19444 0.00000 0.36111
v 11.55556 0.00000 0.36111
v 11.91667 0.00000 0.36111
v 12.27778 0.00000 0.36111
v 12.63889 0.00000 0.36111
v 13.00000 0.00000 0.36111
v -13.00000 0.00000 0.72222
v -12.63889 0.00000 0.72222
v -12.27778 0.00000 0.72222
v -11.91667 0.00000 0.72222
v -11.55556 0.00000 0.72222
v -11.19444 0.00002 0.72222
v -10.83333 0.00028 0.72222
v -10.47222 0.00169 0.72222
v -10.11111 0.00415 0.72222
v -9.75000 0.00556 0.72222
v -9.38889 0.00582 0.72222
v -9.02778 1.20806 0.72222
v -8.66667 2.64132 0.72222
v -8.30556 4.24950 0.72222
v -7.94444 6.01121 0.72222
v -7.58333 7.62034 0.72222
v -7.22222 7.25096 0.72222
v -6.86111 6.94272 0.72222
v -6.50000 6.71264 0.72222
v -6.13889 6.78020 0.72222
v -5.77778 6.93331 0.72222
v -5.41667 7.16861 0.72222
v -5.05556 7.48186 0.72222
v -4.69444 7.86947 0.72222
v -4.33333 8.32887 0.72222
v -3.97222 8.85841 0.72222
v -3.61111 9.45628 0.72222
v -3.25000 9.50000 0.72222
v -2.88889 9.50000 0.72222
v -2.52778 9.50000 0.72222
v -2.16667 9.50000 0.72222
v -1.80556 9.50000 0.72222
v -1.44444 9.50000 0.72222
v -1.08333 9.50000 0.72222
v -0.72222 9.50000 0.72222
v -0.36111 9.50000 0.72222
v 0.00000 9.50000 0.72222
v 0.36111 9.50000 0.72222
v 0.72222 9.50000 0.72222
v 1.08333 9.50000 0.72222
v 1.44444 9.50000 0.72222
v 1.80556 9.50000 0.72222
v 2.16667 9.50000 0.72222
v 2.52778 9.50000 0.72222
v 2.88889 9.50000 0.72222
v 3.25000 9.50000 0.72222
v 3.61111 9.50000 0.72222
v 3.97222 9.50000 0.72222
v 4.33333 9.32230 0.72222
v 4.69444 9.04241 0.72222
v 5.05556 8.84409 0.72222
v 5.41667 8.58933 0.72222
v 5.77778 8.35033 0.72222
v 6.13889 8.17388 0.72222
v 6.50000 8.01586 0.72222
v 6.86111 6.15364 0.72222
v 7.22222 3.89002 0.72222
v 7.58333 1.95975 0.72222
v 7.94444 0.68589 0.72222
v 8.30556 0.00012 0.72222
v 8.66667 0.00000 0.72222
v 9.02778 0.00000 0.72222
v 9.38889 0.00000 0.72222
v 9.75000 0.00000 0.72222
v 10.11111 0.00000 0.72222
v 10.47222 0.00000 0.72222
v 10.83333 0.00000 0.72222
v 11.19444 0.00000 0.72222
v 11.55556 0.00000 0.72222
v 11.91667 0.00000 0.72222
v 12.27778 0.00000 0.72222
v 12.63889 0.00000 0.72222
v 13.00000 0.00000 0.72222
v -13.00000 0.00000 1.08333
v -12.63889 0.00000 1.08333
v -12.27778 0.00000 1.08333
v -11.91667 0.00000 1.08333
v -11.55556 0.00000 1.08333
v -11.19444 0.00000 1.08333
v -10.83333 0.00001 1.08333
v -10.47222 0.00003 1.08333
v -10.11111 0.00008 1.08333
v -9.75000 0.00011 1.08333
v -9.38889 0.00012 1.08333
v -9.02778 1.07674 1.08333
v -8.66667 2.40361 1.08333
v -8.30556 3.93471 1.08333
v -7.94444 5.65268 1.08333
v -7.58333 7.25883 1.08333
v -7.22222 6.95747 1.08333
v -6.86111 6.70742 1.08333
v -6.50000 6.52304 1.08333
v -6.13889 6.62471 1.08333
v -5.77778 6.79908 1.08333
v -5.41667 7.04397 1.08333
v -5.05556 7.35651 1.08333
v -4.69444 7.73441 1.08333
v -4.33333 8.17623 1.08333
v -3.97222 8.68089 1.08333
v -3.61111 9.24657 1.08333
v -3.25000 9.50000 1.08333
v -2.88889 9.50000 1.08333
v -2.52778 9.50000 1.08333
v -2.16667 9.50000 1.08333
v -1.80556 9.50000 1.08333
v -1.44444 9.50000 1.08333
v -1.08333 9.50000 1.08333
v -0.72222 9.50000 1.08333
v -0.36111 9.50000 1.08333
v 0.00000 9.50000 1.08333
v 0.36111 9.50000 1.08333
v 0.72222 9.50000 1.08333
v 1.08333 9.50000 1.08333
v 1.44444 9.50000 1.08333
v 1.80556 9.50000 1.08333
v 2.16667 9.50000 1.08333
v 2.52778 9.50000 1.08333
v 2.88889 9.50000 1.08333
v 3.25000 9.50000 1.08333
v 3.61111 9.50000 1.08333
v 3.97222 9.27858 1.08333
v 4.33333 8.87435 1.08333
v 4.69444 8.62121 1.08333
v 5.05556 8.43997 1.08333
v 5.41667 8.27634 1.08333
v 5.77778 8.13490 1.08333
v 6.13889 8.00795 1.08333
v 6.50000 7.87888 1.08333
v 6.86111 6.36749 1.08333
v 7.22222 4.25503 1.08333
v 7.58333 2.41028 1.08333
v 7.94444 1.17750 1.08333
v 8.30556 0.66850 1.08333
v 8.66667 0.00000 1.08333
v 9.02778 0.00000 1.08333
v 9.38889 0.00000 1.08333
v 9.75000 0.00000 1.08333
v 10.11111 0.00000 1.08333
v 10.47222 0.00000 1.08333
v 10.83333 0.00000 1.08333
v 11.19444 0.00000 1.08333
v 11.55556 0.00000 1.08333
v 11.91667 0.00000 1.08333
v 12.27778 0.00000 1.08333
v 12.63889 0.00000 1.08333
v 13.00000 0.00000 1.08333
v -13.00000 0.00000 1.44444
v -12.63889 0.00000 1.44444
v -12.27778 0.00000 1.44444
v -11.91667 0.00000 1.44444
v -11.55556 0.00000 1.44444
v -11.19444 0.00000 1.44444
v -10.83333 0.00000 1.44444
v -10.47222 0.00000 1.44444
v -10.11111 0.00000 1.44444
v -9.75000 0.00000 1.44444
v -9.38889 0.00000 1.44444
v -9.02778 0.95090 1.44444
v -8.66667 2.17105 1.44444
v -8.30556 3.62450 1.44444
v -7.94444 5.29789 1.44444
v -7.58333 6.90011 1.44444
v -7.22222 6.66647 1.44444
v -6.86111 6.47423 1.44444
v -6.50000 6.33506 1.44444
v -6.13889 6.47008 1.44444
v -5.77778 6.66477 1.44444
v -5.41667 6.91805 1.44444
v -5.05556 7.22836 1.44444
v -4.69444 7.59455 1.44444
v -4.33333 8.01612 1.44444
v -3.97222 8.49260 1.44444
v -3.61111 9.02277 1.44444
v -3.25000 9.50000 1.44444
v -2.88889 9.50000 1.44444
v -2.52778 9.50000 1.44444
v -2.16667 9.50000 1.44444
v -1.80556 9.50000 1.44444
v -1.44444 9.50000 1.44444
v -1.08333 9.50000 1.44444
v -0.72222 9.50000 1.44444
v -0.36111 9.50000 1.44444
v 0.00000 9.50000 1.44444
v 0.36111 9.50000 1.44444
v 0.72222 9.50000 1.44444
v 1.08333 9.50000 1.44444
v 1.44444 9.50000 1.44444
v 1.80556 9.50000 1.44444
v 2.16667 9.50000 1.44444
v 2.52778 9.50000 1.44444
v 2.88889 9.50000 1.44444
v 3.25000 9.50000 1.44444
v 3.61111 9.29778 1.44444
v 3.97222 8.85475 1.44444
v 4.33333 8.47615 1.44444
v 4.69444 8.20964 1.44444
v 5.05556 7.97162 1.44444
v 5.41667 7.92902 1.44444
v 5.77778 7.92144 1.44444
v 6.13889 7.86479 1.44444
v 6.50000 7.76429 1.44444
v 6.86111 6.90873 1.44444
v 7.22222 5.02830 1.44444
v 7.58333 3.36872 1.44444
v 7.94444 1.96707 1.44444
v 8.30556 0.71945 1.44444
v 8.66667 0.00000 1.44444
v 9.02778 0.00000 1.44444
v 9.38889 0.00000 1.44444
v 9.75000 0.00000 1.44444
v 10.11111 0.00000 1.44444
v 10.47222 0.00000 1.44444
v 10.83333 0.00000 1.44444
v 11.19444 0.00000 1.44444
v 11.55556 0.00000 1.44444
v 11.91667 0.00000 1.44444
v 12.27778 0.00000 1.44444
v 12.63889 0.00000 1.44444
v 13.00000 0.00000 1.44444
v -13.00000 0.00000 1.80556
v -12.63889 0.00000 1.80556
v -12.27778 0.00000 1.80556
v -11.91667 0.00000 1.80556
v -11.55556 0.00000 1.80556
v -11.19444 0.00000 1.80556
v -10.83333 0.00000 1.80556
v -10.47222 0.00000 1.80556
v -10.11111 0.00000 1.80556
v -9.75000 0.00000 1.80556
v -9.38889 0.00000 1.80556
v -9.02778 0.83434 1.80556
v -8.66667 1.95541 1.80556
v -8.30556 3.33645 1.80556
v -7.94444 4.96773 1.80556
v -7.58333 6.56519 1.80556
v -7.22222 6.39348 1.80556
v -6.86111 6.25397 1.80556
v -6.50000 6.15581 1.80556
v -6.13889 6.32089 1.80556
v -5.77778 6.53338 1.80556
v -5.41667 6.79315 1.80556
v -5.05556 7.09974 1.80556
v -4.69444 7.45301 1.80556
v -4.33333 7.85316 1.80556
v -3.97222 8.30033 1.80556
v -3.61111 8.79376 1.80556
v -3.25000 9.33096 1.80556
v -2.88889 9.49794 1.80556
v -2.52778 9.50000 1.80556
v -2.16667 9.50000 1.80556
v -1.80556 9.50000 1.80556
v -1.44444 9.50000 1.80556
v -1.08333 9.50000 1.80556
v -0.72222 9.50000 1.80556
v -0.36111 9.50000 1.80556
v 0.00000 9.50000 1.80556
v 0.36111 9.50000 1.80556
v 0.72222 9.50000 1.80556
v 1.08333 9.50000 1.80556
v 1.44444 9.50000 1.80556
v 1.80556 9.50000 1.80556
v 2.16667 9.50000 1.80556
v 2.52778 9.50000 1.80556
v 2.88889 9.50000 1.80556
v 3.25000 9.25328 1.80556
v 3.61111 8.83305 1.80556
v 3.97222 8.44838 1.80556
v 4.33333 8.11703 1.80556
v 4.69444 7.83205 1.80556
v 5.05556 7.63820 1.80556
v 5.41667 7.66967 1.80556
v 5.77778 7.75823 1.80556
v 6.13889 7.75551 1.80556
v 6.50000 7.66809 1.80556
v 6.86111 7.45562 1.80556
v 7.22222 5.68206 1.80556
v 7.58333 3.70416 1.80556
v 7.94444 2.05139 1.80556
v 8.30556 0.77718 1.80556
v 8.66667 0.00000 1.80556
v 9.02778 0.00000 1.80556
v 9.38889 0.00000 1.80556
v 9.75000 0.00000 1.80556
v 10.11111 0.00000 1.80556
v 10.47222 0.00000 1.80556
v 10.83333 0.00000 1.80556
v 11.19444 0.00000 1.80556
v 11.55556 0.00000 1.80556
v 11.91667 0.00000 1.80556
v 12.27778 0.00000 1.80556
v 12.63889 0.00000 1.80556
v 13.00000 0.00000 1.80556
v -13.00000 0.00000 2.16667
v -12.63889 0.00000 2.16667
v -12.27778 0.00000 2.16667
v -11.91667 0.00000 2.16667
v -11.55556 0.00000 2.16667
v -11.19444 0.00000 2.16667
v -10.83333 0.00000 2.16667
v -10.47222 0.00000 2.16667
v -10.11111 0.00000 2.16667
v -9.75000 0.00000 2.16667
v -9.38889 0.00000 2.16667
v -9.02778 0.73258 2.16667
v -8.66667 1.76691 2.16667
v -8.30556 3.08403 2.16667
v -7.94444 4.67728 2.16667
v -7.58333 6.26881 2.16667
v -7.22222 6.14988 2.16667
v -6.86111 6.05513 2.16667
v -6.50000 5.99153 2.16667
v -6.13889 6.18179 2.16667
v -5.77778 6.40863 2.16667
v -5.41667 6.67265 2.16667
v -5.05556 6.97422 2.16667
v -4.69444 7.31393 2.16667
v -4.33333 7.69254 2.16667
v -3.97222 8.11058 2.16667
v -3.61111 8.56771 2.16667
v -3.25000 9.06197 2.16667
v -2.88889 9.15743 2.16667
v -2.52778 9.27894 2.16667
v -2.16667 9.41709 2.16667
v -1.80556 9.50000 2.16667
v -1.44444 9.50000 2.16667
v -1.08333 9.50000 2.16667
v -0.72222 9.50000 2.16667
v -0.36111 9.50000 2.16667
v 0.00000 9.50000 2.16667
v 0.36111 9.50000 2.16667
v 0.72222 9.50000 2.16667
v 1.08333 9.50000 2.16667
v 1.44444 9.50000 2.16667
v 1.80556 9.50000 2.16667
v 2.16667 9.50000 2.16667
v 2.52778 9.27357 2.16667
v 2.88889 9.00702 2.16667
v 3.25000 8.74117 2.16667
v 3.61111 8.38426 2.16667
v 3.97222 8.06143 2.16667
v 4.33333 7.79289 2.16667
v 4.69444 7.59644 2.16667
v 5.05556 7.54656 2.16667
v 5.41667 7.64600 2.16667
v 5.77778 7.72150 2.16667
v 6.13889 7.69266 2.16667
v 6.50000 7.56377 2.16667
v 6.86111 7.32922 2.16667
v 7.22222 5.61973 2.16667
v 7.58333 3.71544 2.16667
v 7.94444 2.08853 2.16667
v 8.30556 0.80937 2.16667
v 8.66667 0.00000 2.16667
v 9.02778 0.00000 2.16667
v 9.38889 0.00000 2.16667
v 9.75000 0.00000 2.16667
v 10.11111 0.00000 2.16667
v 10.47222 0.00000 2.16667
v 10.83333 0.00000 2.16667
v 11.19444 0.00000 2.16667
v 11.55556 0.00000 2.16667
v 11.91667 0.00000 2.16667
v 12.27778 0.00000 2.16667
v 12.63889 0.00000 2.16667
v 13.00000 0.00000 2.16667
v -13.00000 0.00000 2.52778
v -12.63889 0.00000 2.52778
v -12.27778 0.00000 2.52778
v -11.91667 0.00000 2.52778
v -11.55556 0.00000 2.52778
v -11.19444 0.00000 2.52778
v -10.83333 0.00000 2.52778
v -10.47222 0.00000 2.52778
v -10.11111 0.00000 2.52778
v -9.75000 0.00000 2.52778
v -9.38889 0.00000 2.52778
v -9.02778 0.64800 2.52778
v -8.66667 1.60995 2.52778
v -8.30556 2.62697 2.52778
v -7.94444 3.75625 2.52778
v -7.58333 5.23227 2.52778
v -7.22222 5.94064 2.52778
v -6.86111 5.88153 2.52778
v -6.50000 5.84519 2.52778
v -6.13889 6.05521 2.52778
v -5.77778 6.29276 2.52778
v -5.41667 6.55888 2.52778
v -5.05556 6.85450 2.52778
v -4.69444 7.18068 2.52778
v -4.33333 7.53851 2.52778
v -3.97222 7.92879 2.52778
v -3.61111 8.35146 2.52778
v -3.25000 8.80502 2.52778
v -2.88889 8.83151 2.52778
v -2.52778 8.87977 2.52778
v -2.16667 8.94261 2.52778
v -1.80556 9.02313 2.52778
v -1.44444 9.16276 2.52778
v -1.08333 9.36042 2.52778
v -0.72222 9.48824 2.52778
v -0.36111 9.46764 2.52778
v 0.00000 9.26535 2.52778
v 0.36111 9.20584 2.52778
v 0.72222 9.17354 2.52778
v 1.08333 9.15887 2.52778
v 1.44444 9.09882 2.52778
v 1.80556 8.98525 2.52778
v 2.16667 8.82927 2.52778
v 2.52778 8.64584 2.52778
v 2.88889 8.45158 2.52778
v 3.25000 8.26316 2.52778
v 3.61111 7.97393 2.52778
v 3.97222 7.71796 2.52778
v 4.33333 7.52283 2.52778
v 4.69444 7.46878 2.52778
v 5.05556 7.59031 2.52778
v 5.41667 7.71494 2.52778
v 5.77778 7.71537 2.52778
v 6.13889 7.60024 2.52778
v 6.50000 7.36758 2.52778
v 6.86111 7.10610 2.52778
v 7.22222 5.65015 2.52778
v 7.58333 3.90309 2.52778
v 7.94444 2.39100 2.52778
v 8.30556 1.24613 2.52778
v 8.66667 0.78180 2.52778
v 9.02778 0.00000 2.52778
v 9.38889 0.00000 2.52778
v 9.75000 0.00000 2.52778
v 10.11111 0.00000 2.52778
v 10.47222 0.00000 2.52778
v 10.83333 0.00000 2.52778
v 11.19444 0.00000 2.52778
v 11.55556 0.00000 2.52778
v 11.91667 0.00000 2.52778
v 12.27778 0.00000 2.52778
v 12.63889 0.00000 2.52778
v 13.00000 0.00000 2.52778
v -13.00000 0.00000 2.88889
v -12.63889 0.00000 2.88889
v -12.27778 0.00000 2.88889
v -11.91667 0.00000 2.88889
v -11.55556 0.00000 2.88889
v -11.19444 0.00000 2.88889
v -10.83333 0.00000 2.88889
v -10.47222 0.00000 2.88889
v -10.11111 0.00000 2.88889
v -9.75000 0.00000 2.88889
v -9.38889 0.00000 2.88889
v -9.02778 0.58032 2.88889
v -8.66667 0.90975 2.88889
v -8.30556 1.72674 2.88889
v -7.94444 2.90111 2.88889
v -7.58333 4.40592 2.88889
v -7.22222 5.00071 2.88889
v -6.86111 5.73305 2.88889
v -6.50000 5.71695 2.88889
v -6.13889 5.94163 2.88889
v -5.77778 6.18659 2.88889
v -5.41667 6.45309 2.88889
v -5.05556 6.74235 2.88889
v -4.69444 7.05567 2.88889
v -4.33333 7.39429 2.88889
v -3.97222 7.75912 2.88889
v -3.61111 8.15027 2.88889
v -3.25000 8.56664 2.88889
v -2.88889 8.52813 2.88889
v -2.52778 8.50746 2.88889
v -2.16667 8.49942 2.88889
v -1.80556 8.51662 2.88889
v -1.44444 8.63085 2.88889
v -1.08333 8.82947 2.88889
v -0.72222 8.90876 2.88889
v -0.36111 8.79589 2.88889
v 0.00000 8.49279 2.88889
v 0.36111 8.40068 2.88889
v 0.72222 8.37333 2.88889
v 1.08333 8.38014 2.88889
v 1.44444 8.35347 2.88889
v 1.80556 8.28449 2.88889
v 2.16667 8.18367 2.88889
v 2.52778 8.06554 2.88889
v 2.88889 7.94631 2.88889
v 3.25000 7.84150 2.88889
v 3.61111 7.62934 2.88889
v 3.97222 7.45196 2.88889
v 4.33333 7.33972 2.88889
v 4.69444 7.39437 2.88889
v 5.05556 7.61738 2.88889
v 5.41667 7.73155 2.88889
v 5.77778 7.64124 2.88889
v 6.13889 7.38670 2.88889
v 6.50000 7.04938 2.88889
v 6.86111 6.86253 2.88889
v 7.22222 6.07554 2.88889
v 7.58333 4.51554 2.88889
v 7.94444 3.19126 2.88889
v 8.30556 1.93256 2.88889
v 8.66667 0.81240 2.88889
v 9.02778 0.00000 2.88889
v 9.38889 0.00000 2.88889
v 9.75000 0.00000 2.88889
v 10.11111 0.00000 2.88889
v 10.47222 0.00000 2.88889
v 10.83333 0.00000 2.88889
v 11.19444 0.00000 2.88889
v 11.55556 0.00000 2.88889
v 11.91667 0.00000 2.88889
v 12.27778 0.00000 2.88889
v 12.63889 0.00000 2.88889
v 13.00000 0.00000 2.88889
v -13.00000 0.00000 3.25000
v -12.63889 0.00000 3.25000
v -12.27778 0.00000 3.25000
v -11.91667 0.00000 3.25000
v -11.55556 0.00000 3.25000
v -11.19444 0.00000 3.25000
v -10.83333 0.00000 3.25000
v -10.47222 0.00000 3.25000
v -10.11111 0.00000 3.25000
v -9.75000 0.00000 3.25000
v -9.38889 0.00000 3.25000
v -9.02778 0.00000 3.25000
v -8.66667 0.52410 3.25000
v -8.30556 1.37520 3.25000
v -7.94444 2.32336 3.25000
v -7.58333 2.75791 3.25000
v -7.22222 3.39761 3.25000
v -6.86111 4.23369 3.25000
v -6.50000 4.85336 3.25000
v -6.13889 5.84011 3.25000
v -5.77778 6.08988 3.25000
v -5.41667 6.35565 3.25000
v -5.05556 6.63871 3.25000
v -4.69444 6.94040 3.25000
v -4.33333 7.26198 3.25000
v -3.97222 7.60433 3.25000
v -3.61111 7.96770 3.25000
v -3.25000 8.35125 3.25000
v -2.88889 8.25268 3.25000
v -2.52778 8.16845 3.25000
v -2.16667 8.09498 3.25000
v -1.80556 8.05102 3.25000
v -1.44444 8.12816 3.25000
v -1.08333 8.31452 3.25000
v -0.72222 8.35293 3.25000
v -0.36111 8.12947 3.25000
v 0.00000 7.69738 3.25000
v 0.36111 7.61414 3.25000
v 0.72222 7.63108 3.25000
v 1.08333 7.66634 3.25000
v 1.44444 7.67143 3.25000
v 1.80556 7.64477 3.25000
v 2.16667 7.59776 3.25000
v 2.52778 7.54600 3.25000
v 2.88889 7.50705 3.25000
v 3.25000 7.49655 3.25000
v 3.61111 7.37885 3.25000
v 3.97222 7.31034 3.25000
v 4.33333 7.32475 3.25000
v 4.69444 7.46981 3.25000
v 5.05556 7.68089 3.25000
v 5.41667 7.74056 3.25000
v 5.77778 7.53380 3.25000
v 6.13889 7.12312 3.25000
v 6.50000 6.73672 3.25000
v 6.86111 6.66427 3.25000
v 7.22222 6.67655 3.25000
v 7.58333 5.08364 3.25000
v 7.94444 3.37855 3.25000
v 8.30556 1.93485 3.25000
v 8.66667 0.84195 3.25000
v 9.02778 0.00000 3.25000
v 9.38889 0.00000 3.25000
v 9.75000 0.00000 3.25000
v 10.11111 0.00000 3.25000
v 10.47222 0.00000 3.25000
v 10.83333 0.00000 3.25000
v 11.19444 0.00000 3.25000
v 11.55556 0.00000 3.25000
v 11.91667 0.00000 3.25000
v 12.27778 0.00000 3.25000
v 12.63889 0.00000 3.25000
v 13.00000 0.00000 3.25000
v -13.00000 0.00000 3.61111
v -12.63889 0.00000 3.61111
v -12.27778 0.00000 3.61111
v -11.91667 0.00000 3.61111
v -11.55556 0.00000 3.61111
v -11.19444 0.00000 3.61111
v -10.83333 0.00000 3.61111
v -10.47222 0.00000 3.61111
v -10.11111 0.00000 3.61111
v -9.75000 0.00000 3.61111
v -9.38889 0.00000 3.61111
v -9.02778 0.00000 3.61111
v -8.66667 0.55957 3.61111
v -8.30556 0.88133 3.61111
v -7.94444 1.43067 3.61111
v -7.58333 1.67425 3.61111
v -7.22222 2.38418 3.61111
v -6.86111 2.82956 3.61111
v -6.50000 3.48537 3.61111
v -6.13889 4.53199 3.61111
v -5.77778 5.39088 3.61111
v -5.41667 6.43267 3.61111
v -5.05556 6.68833 3.61111
v -4.69444 6.95821 3.61111
v -4.33333 7.24346 3.61111
v -3.97222 7.54490 3.61111
v -3.61111 7.86281 3.61111
v -3.25000 8.19657 3.61111
v -2.88889 8.05317 3.61111
v -2.52778 7.92116 3.61111
v -2.16667 7.79940 3.61111
v -1.80556 7.71427 3.61111
v -1.44444 7.76552 3.61111
v -1.08333 7.93390 3.61111
v -0.72222 7.93852 3.61111
v -0.36111 7.63418 3.61111
v 0.00000 7.10755 3.61111
v 0.36111 7.02601 3.61111
v 0.72222 7.07306 3.61111
v 1.08333 7.12661 3.61111
v 1.44444 7.15399 3.61111
v 1.80556 7.16017 3.61111
v 2.16667 7.15866 3.61111
v 2.52778 7.16803 3.61111
v 2.88889 7.20924 3.61111
v 3.25000 7.30009 3.61111
v 3.61111 7.34066 3.61111
v 3.97222 7.47390 3.61111
v 4.33333 7.71196 3.61111
v 4.69444 7.96279 3.61111
v 5.05556 8.08321 3.61111
v 5.41667 8.02019 3.61111
v 5.77778 7.71070 3.61111
v 6.13889 7.20214 3.61111
v 6.50000 6.78429 3.61111
v 6.86111 6.72386 3.61111
v 7.22222 5.50483 3.61111
v 7.58333 4.34869 3.61111
v 7.94444 3.06824 3.61111
v 8.30556 2.28298 3.61111
v 8.66667 1.30540 3.61111
v 9.02778 0.89741 3.61111
v 9.38889 0.00000 3.61111
v 9.75000 0.00000 3.61111
v 10.11111 0.00000 3.61111
v 10.47222 0.00000 3.61111
v 10.83333 0.00000 3.61111
v 11.19444 0.00000 3.61111
v 11.55556 0.00000 3.61111
v 11.91667 0.00000 3.61111
v 12.27778 0.00000 3.61111
v 12.63889 0.00000 3.61111
v 13.00000 0.00000 3.61111
v -13.00000 0.00000 3.97222
v -12.63889 0.00000 3.97222
v -12.27778 0.00000 3.97222
v -11.91667 0.00000 3.97222
v -11.55556 0.00000 3.97222
v -11.19444 0.00000 3.97222
v -10.83333 0.00000 3.97222
v -10.47222 0.00000 3.97222
v -10.11111 0.00000 3.97222
v -9.75000 0.00000 3.97222
v -9.38889 0.00000 3.97222
v -9.02778 0.00000 3.97222
v -8.66667 0.00000 3.97222
v -8.30556 0.59476 3.97222
v -7.94444 0.58626 3.97222
v -7.58333 0.91602 3.97222
v -7.22222 1.47724 3.97222
v -6.86111 1.72493 3.97222
v -6.50000 2.44750 3.97222
v -6.13889 3.04664 3.97222
v -5.77778 3.89944 3.97222
v -5.41667 5.23539 3.97222
v -5.05556 6.74640 3.97222
v -4.69444 6.98638 3.97222
v -4.33333 7.23806 3.97222
v -3.97222 7.50216 3.97222
v -3.61111 7.77893 3.97222
v -3.25000 8.06797 3.97222
v -2.88889 7.88543 3.97222
v -2.52778 7.71218 3.97222
v -2.16667 7.55471 3.97222
v -1.80556 7.46392 3.97222
v -1.44444 7.52215 3.97222
v -1.08333 7.64718 3.97222
v -0.72222 7.59388 3.97222
v -0.36111 7.23259 3.97222
v 0.00000 6.64464 3.97222
v 0.36111 6.54421 3.97222
v 0.72222 6.59612 3.97222
v 1.08333 6.66105 3.97222
v 1.44444 6.70795 3.97222
v 1.80556 6.74432 3.97222
v 2.16667 6.78662 3.97222
v 2.52778 6.85809 3.97222
v 2.88889 6.98523 3.97222
v 3.25000 7.19124 3.97222
v 3.61111 7.41896 3.97222
v 3.97222 7.79152 3.97222
v 4.33333 8.23923 3.97222
v 4.69444 8.53751 3.97222
v 5.05556 8.58879 3.97222
v 5.41667 8.39933 3.97222
v 5.77778 7.96640 3.97222
v 6.13889 7.41946 3.97222
v 6.50000 6.96972 3.97222
v 6.86111 5.56527 3.97222
v 7.22222 4.32290 3.97222
v 7.58333 3.04801 3.97222
v 7.94444 2.24321 3.97222
v 8.30556 1.26910 3.97222
v 8.66667 0.86519 3.97222
v 9.02778 0.00000 3.97222
v 9.38889 0.00000 3.97222
v 9.75000 0.00000 3.97222
v 10.11111 0.00000 3.97222
v 10.47222 0.00000 3.97222
v 10.83333 0.00000 3.97222
v 11.19444 0.00000 3.97222
v 11.55556 0.00000 3.97222
v 11.91667 0.00000 3.97222
v 12.27778 0.00000 3.97222
v 12.63889 0.00000 3.97222
v 13.00000 0.00000 3.97222
v -13.00000 0.00000 4.33333
v -12.63889 0.00000 4.33333
v -12.27778 0.00000 4.33333
v -11.91667 0.00000 4.33333
v -11.55556 0.00000 4.33333
v -11.19444 0.00000 4.33333
v -10.83333 0.00000 4.33333
v -10.47222 0.00000 4.33333
v -10.11111 0.00000 4.33333
v -9.75000 0.00000 4.33333
v -9.38889 0.00000 4.33333
v -9.02778 0.00000 4.33333
v -8.66667 0.00000 4.33333
v -8.30556 0.00000 4.33333
v -7.94444 0.00000 4.33333
v -7.58333 0.61870 4.33333
v -7.22222 0.60800 4.33333
v -6.86111 0.94418 4.33333
v -6.50000 1.51384 4.33333
v -6.13889 1.86681 4.33333
v -5.77778 2.75465 4.33333
v -5.41667 4.12963 4.33333
v -5.05556 5.01505 4.33333
v -4.69444 5.18938 4.33333
v -4.33333 5.37093 4.33333
v -3.97222 5.56022 4.33333
v -3.61111 5.75745 4.33333
v -3.25000 5.96239 4.33333
v -2.88889 5.78489 4.33333
v -2.52778 5.61494 4.33333
v -2.16667 5.48191 4.33333
v -1.80556 5.75611 4.33333
v -1.44444 6.63043 4.33333
v -1.08333 7.45604 4.33333
v -0.72222 7.30597 4.33333
v -0.36111 6.88396 4.33333
v 0.00000 6.25471 4.33333
v 0.36111 6.14114 4.33333
v 0.72222 6.19323 4.33333
v 1.08333 6.26666 4.33333
v 1.44444 6.33032 4.33333
v 1.80556 6.39357 4.33333
v 2.16667 6.47678 4.33333
v 2.52778 6.60875 4.33333
v 2.88889 6.82328 4.33333
v 3.25000 7.15822 4.33333
v 3.61111 7.60106 4.33333
v 3.97222 8.19115 4.33333
v 4.33333 8.75744 4.33333
v 4.69444 9.07678 4.33333
v 5.05556 9.09316 4.33333
v 5.41667 8.81485 4.33333
v 5.77778 8.31100 4.33333
v 6.13889 7.74707 4.33333
v 6.50000 5.90334 4.33333
v 6.86111 4.49022 4.33333
v 7.22222 3.11076 4.33333
v 7.58333 2.24691 4.33333
v 7.94444 1.25228 4.33333
v 8.30556 0.84413 4.33333
v 8.66667 0.00000 4.33333
v 9.02778 0.00000 4.33333
v 9.38889 0.00000 4.33333
v 9.75000 0.00000 4.33333
v 10.11111 0.00000 4.33333
v 10.47222 0.00000 4.33333
v 10.83333 0.00000 4.33333
v 11.19444 0.00000 4.33333
v 11.55556 0.00000 4.33333
v 11.91667 0.00000 4.33333
v 12.27778 0.00000 4.33333
v 12.63889 0.00000 4.33333
v 13.00000 0.00000 4.33333
v -13.00000 0.00000 4.69444
v -12.63889 0.00000 4.69444
v -12.27778 0.00000 4.69444
v -11.91667 0.00000 4.69444
v -11.55556 0.00000 4.69444
v -11.19444 0.00000 4.69444
v -10.83333 0.00000 4.69444
v -10.47222 0.00000 4.69444
v -10.11111 0.00000 4.69444
v -9.75000 0.00000 4.69444
v -9.38889 0.00000 4.69444
v -9.02778 0.00000 4.69444
v -8.66667 0.00000 4.69444
v -8.30556 0.00000 4.69444
v -7.94444 0.00000 4.69444
v -7.58333 0.00000 4.69444
v -7.22222 0.00000 4.69444
v -6.86111 0.63391 4.69444
v -6.50000 0.62073 4.69444
v -6.13889 1.02514 4.69444
v -5.77778 2.00903 4.69444
v -5.41667 2.92539 4.69444
v -5.05556 3.30074 4.69444
v -4.69444 3.41554 4.69444
v -4.33333 3.53439 4.69444
v -3.97222 3.65766 4.69444
v -3.61111 3.78552 4.69444
v -3.25000 3.91789 4.69444
v -2.88889 3.76776 4.69444
v -2.52778 3.62460 4.69444
v -2.16667 3.54148 4.69444
v -1.80556 3.98313 4.69444
v -1.44444 5.07675 4.69444
v -1.08333 6.20543 4.69444
v -0.72222 7.02008 4.69444
v -0.36111 6.51029 4.69444
v 0.00000 5.87977 4.69444
v 0.36111 5.79655 4.69444
v 0.72222 5.85699 4.69444
v 1.08333 5.93758 4.69444
v 1.44444 6.01506 4.69444
v 1.80556 6.10292 4.69444
v 2.16667 6.23068 4.69444
v 2.52778 6.43013 4.69444
v 2.88889 6.73302 4.69444
v 3.25000 7.20733 4.69444
v 3.61111 7.86642 4.69444
v 3.97222 8.59846 4.69444
v 4.33333 9.19527 4.69444
v 4.69444 9.50000 4.69444
v 5.05556 9.50000 4.69444
v 5.41667 9.21629 4.69444
v 5.77778 8.69041 4.69444
v 6.13889 6.65207 4.69444
v 6.50000 4.89420 4.69444
v 6.86111 3.30641 4.69444
v 7.22222 2.32458 4.69444
v 7.58333 1.26695 4.69444
v 7.94444 0.83858 4.69444
v 8.30556 0.00000 4.69444
v 8.66667 0.00000 4.69444
v 9.02778 0.00000 4.69444
v 9.38889 0.00000 4.69444
v 9.75000 0.00000 4.69444
v 10.11111 0.00000 4.69444
v 10.47222 0.00000 4.69444
v 10.83333 0.00000 4.69444
v 11.19444 0.00000 4.69444
v 11.55556 0.00000 4.69444
v 11.91667 0.00000 4.69444
v 12.27778 0.00000 4.69444
v 12.63889 0.00000 4.69444
v 13.00000 0.00000 4.69444
v -13.00000 0.00000 5.05556
v -12.63889 0.00000 5.05556
v -12.27778 0.00000 5.05556
v -11.91667 0.00000 5.05556
v -11.55556 0.00000 5.05556
v -11.19444 0.00000 5.05556
v -10.83333 0.00000 5.05556
v -10.47222 0.00000 5.05556
v -10.11111 0.00000 5.05556
v -9.75000 0.00000 5.05556
v -9.38889 0.00000 5.05556
v -9.02778 0.00000 5.05556
v -8.66667 0.00000 5.05556
v -8.30556 0.00000 5.05556
v -7.94444 0.00000 5.05556
v -7.58333 0.00000 5.05556
v -7.22222 0.00000 5.05556
v -6.86111 0.00000 5.05556
v -6.50000 0.00000 5.05556
v -6.13889 0.68432 5.05556
v -5.77778 1.11038 5.05556
v -5.41667 1.83107 5.05556
v -5.05556 1.89596 5.05556
v -4.69444 1.96265 5.05556
v -4.33333 2.03143 5.05556
v -3.97222 2.10256 5.05556
v -3.61111 2.17625 5.05556
v -3.25000 2.25252 5.05556
v -2.88889 2.14394 5.05556
v -2.52778 2.04486 5.05556
v -2.16667 2.03033 5.05556
v -1.80556 2.63257 5.05556
v -1.44444 3.90723 5.05556
v -1.08333 5.09104 5.05556
v -0.72222 5.67950 5.05556
v -0.36111 6.10490 5.05556
v 0.00000 5.51199 5.05556
v 0.36111 5.50326 5.05556
v 0.72222 5.58099 5.05556
v 1.08333 5.66836 5.05556
v 1.44444 5.75890 5.05556
v 1.80556 5.88221 5.05556
v 2.16667 6.09737 5.05556
v 2.52778 6.41601 5.05556
v 2.88889 6.80755 5.05556
v 3.25000 7.36198 5.05556
v 3.61111 8.11182 5.05556
v 3.97222 8.85550 5.05556
v 4.33333 9.44504 5.05556
v 4.69444 9.50000 5.05556
v 5.05556 9.50000 5.05556
v 5.41667 9.50000 5.05556
v 5.77778 7.43455 5.05556
v 6.13889 5.50282 5.05556
v 6.50000 3.64622 5.05556
v 6.86111 2.49975 5.05556
v 7.22222 1.32770 5.05556
v 7.58333 0.85582 5.05556
v 7.94444 0.00000 5.05556
v 8.30556 0.00000 5.05556
v 8.66667 0.00000 5.05556
v 9.02778 0.00000 5.05556
v 9.38889 0.00000 5.05556
v 9.75000 0.00000 5.05556
v 10.11111 0.00000 5.05556
v 10.47222 0.00000 5.05556
v 10.83333 0.00000 5.05556
v 11.19444 0.00000 5.05556
v 11.55556 0.00000 5.05556
v 11.91667 0.00000 5.05556
v 12.27778 0.00000 5.05556
v 12.63889 0.00000 5.05556
v 13.00000 0.00000 5.05556
v -13.00000 0.00000 5.41667
v -12.63889 0.00000 5.41667
v -12.27778 0.00000 5.41667
v -11.91667 0.00000 5.41667
v -11.55556 0.00000 5.41667
v -11.19444 0.00000 5.41667
v -10.83333 0.00000 5.41667
v -10.47222 0.00000 5.41667
v -10.11111 0.00000 5.41667
v -9.75000 0.00000 5.41667
v -9.38889 0.00000 5.41667
v -9.02778 0.00000 5.41667
v -8.66667 0.00000 5.41667
v -8.30556 0.00000 5.41667
v -7.94444 0.00000 5.41667
v -7.58333 0.00000 5.41667
v -7.22222 0.00000 5.41667
v -6.86111 0.00000 5.41667
v -6.50000 0.00000 5.41667
v -6.13889 0.00000 5.41667
v -5.77778 0.74117 5.41667
v -5.41667 0.76869 5.41667
v -5.05556 0.79678 5.41667
v -4.69444 0.82559 5.41667
v -4.33333 0.85530 5.41667
v -3.97222 0.88611 5.41667
v -3.61111 0.91823 5.41667
v -3.25000 0.95175 5.41667
v -2.88889 0.89616 5.41667
v -2.52778 0.86810 5.41667
v -2.16667 1.00265 5.41667
v -1.80556 1.86577 5.41667
v -1.44444 3.24540 5.41667
v -1.08333 4.00832 5.41667
v -0.72222 4.53671 5.41667
v -0.36111 5.11776 5.41667
v 0.00000 5.24079 5.41667
v 0.36111 5.27547 5.41667
v 0.72222 5.37291 5.41667
v 1.08333 5.48269 5.41667
v 1.44444 5.59938 5.41667
v 1.80556 5.79084 5.41667
v 2.16667 6.14403 5.41667
v 2.52778 6.58887 5.41667
v 2.88889 7.01590 5.41667
v 3.25000 7.51944 5.41667
v 3.61111 8.18846 5.41667
v 3.97222 8.85806 5.41667
v 4.33333 9.41470 5.41667
v 4.69444 9.50000 5.41667
v 5.05556 9.50000 5.41667
v 5.41667 8.00034 5.41667
v 5.77778 6.03719 5.41667
v 6.13889 4.04674 5.41667
v 6.50000 2.75336 5.41667
v 6.86111 1.43752 5.41667
v 7.22222 0.90139 5.41667
v 7.58333 0.00000 5.41667
v 7.94444 0.00000 5.41667
v 8.30556 0.00000 5.41667
v 8.66667 0.00000 5.41667
v 9.02778 0.00000 5.41667
v 9.38889 0.00000 5.41667
v 9.75000 0.00000 5.41667
v 10.11111 0.00000 5.41667
v 10.47222 0.00000 5.41667
v 10.83333 0.00000 5.41667
v 11.19444 0.00000 5.41667
v 11.55556 0.00000 5.41667
v 11.91667 0.00000 5.41667
v 12.27778 0.00000 5.41667
v 12.63889 0.00000 5.41667
v 13.00000 0.00000 5.41667
v -13.00000 0.00000 5.77778
v -12.63889 0.00000 5.77778
v -12.27778 0.00000 5.77778
v -11.91667 0.00000 5.77778
v -11.55556 0.00000 5.77778
v -11.19444 0.00000 5.77778
v -10.83333 0.00000 5.77778
v -10.47222 0.00000 5.77778
v -10.11111 0.00000 5.77778
v -9.75000 0.00000 5.77778
v -9.38889 0.00000 5.77778
v -9.02778 0.00000 5.77778
v -8.66667 0.00000 5.77778
v -8.30556 0.00000 5.77778
v -7.94444 0.00000 5.77778
v -7.58333 0.00000 5.77778
v -7.22222 0.00000 5.77778
v -6.86111 0.00000 5.77778
v -6.50000 0.00000 5.77778
v -6.13889 0.00000 5.77778
v -5.77778 0.00000 5.77778
v -5.41667 0.00000 5.77778
v -5.05556 0.00000 5.77778
v -4.69444 0.00000 5.77778
v -4.33333 0.00000 5.77778
v -3.97222 0.00000 5.77778
v -3.61111 0.00000 5.77778
v -3.25000 0.00008 5.77778
v -2.88889 0.00419 5.77778
v -2.52778 0.07073 5.77778
v -2.16667 0.43903 5.77778
v -1.80556 1.82117 5.77778
v -1.44444 2.62315 5.77778
v -1.08333 3.34945 5.77778
v -0.72222 3.85086 5.77778
v -0.36111 4.39872 5.77778
v 0.00000 5.07887 5.77778
v 0.36111 5.13223 5.77778
v 0.72222 5.29648 5.77778
v 1.08333 5.50526 5.77778
v 1.44444 5.68227 5.77778
v 1.80556 5.92054 5.77778
v 2.16667 6.30614 5.77778
v 2.52778 6.70562 5.77778
v 2.88889 7.05386 5.77778
v 3.25000 7.45067 5.77778
v 3.61111 8.01297 5.77778
v 3.97222 8.58832 5.77778
v 4.33333 9.06740 5.77778
v 4.69444 8.43020 5.77778
v 5.05556 7.64769 5.77778
v 5.41667 6.24786 5.77778
v 5.77778 4.30375 5.77778
v 6.13889 2.97588 5.77778
v 6.50000 1.57228 5.77778
v 6.86111 0.97046 5.77778
v 7.22222 0.00000 5.77778
v 7.58333 0.00000 5.77778
v 7.94444 0.00000 5.77778
v 8.30556 0.00000 5.77778
v 8.66667 0.00000 5.77778
v 9.02778 0.00000 5.77778
v 9.38889 0.00000 5.77778
v 9.75000 0.00000 5.77778
v 10.11111 0.00000 5.77778
v 10.47222 0.00000 5.77778
v 10.83333 0.00000 5.77778
v 11.19444 0.00000 5.77778
v 11.55556 0.00000 5.77778
v 11.91667 0.00000 5.77778
v 12.27778 0.00000 5.77778
v 12.63889 0.00000 5.77778
v 13.00000 0.00000 5.77778
v -13.00000 0.00000 6.13889
v -12.63889 0.00000 6.13889
v -12.27778 0.00000 6.13889
v -11.91667 0.00000 6.13889
v -11.55556 0.00000 6.13889
v -11.19444 0.00000 6.13889
v -10.83333 0.00000 6.13889
v -10.47222 0.00000 6.13889
v -10.11111 0.00000 6.13889
v -9.75000 0.00000 6.13889
v -9.38889 0.00000 6.13889
v -9.02778 0.00000 6.13889
v -8.66667 0.00000 6.13889
v -8.30556 0.00000 6.13889
v -7.94444 0.00000 6.13889
v -7.58333 0.00000 6.13889
v -7.22222 0.00000 6.13889
v -6.86111 0.00000 6.13889
v -6.50000 0.00000 6.13889
v -6.13889 0.00000 6.13889
v -5.77778 0.00000 6.13889
v -5.41667 0.00000 6.13889
v -5.05556 0.00000 6.13889
v -4.69444 0.00000 6.13889
v -4.33333 0.00000 6.13889
v -3.97222 0.00000 6.13889
v -3.61111 0.00000 6.13889
v -3.25000 0.00013 6.13889
v -2.88889 0.00583 6.13889
v -2.52778 0.09415 6.13889
v -2.16667 0.55758 6.13889
v -1.80556 1.37523 6.13889
v -1.44444 2.40635 6.13889
v -1.08333 3.05473 6.13889
v -0.72222 3.30261 6.13889
v -0.36111 3.53924 6.13889
v 0.00000 3.97084 6.13889
v 0.36111 5.13805 6.13889
v 0.72222 5.43133 6.13889
v 1.08333 5.76876 6.13889
v 1.44444 5.98609 6.13889
v 1.80556 6.16808 6.13889
v 2.16667 6.41008 6.13889
v 2.52778 6.63982 6.13889
v 2.88889 6.83156 6.13889
v 3.25000 7.07337 6.13889
v 3.61111 7.54249 6.13889
v 3.97222 8.04309 6.13889
v 4.33333 7.04744 6.13889
v 4.69444 5.84575 6.13889
v 5.05556 4.97905 6.13889
v 5.41667 4.26112 6.13889
v 5.77778 3.04608 6.13889
v 6.13889 1.64875 6.13889
v 6.50000 1.04353 6.13889
v 6.86111 0.00000 6.13889
v 7.22222 0.00000 6.13889
v 7.58333 0.00000 6.13889
v 7.94444 0.00000 6.13889
v 8.30556 0.00000 6.13889
v 8.66667 0.00000 6.13889
v 9.02778 0.00000 6.13889
v 9.38889 0.00000 6.13889
v 9.75000 0.00000 6.13889
v 10.11111 0.00000 6.13889
v 10.47222 0.00000 6.13889
v 10.83333 0.00000 6.13889
v 11.19444 0.00000 6.13889
v 11.55556 0.00000 6.13889
v 11.91667 0.00000 6.13889
v 12.27778 0.00000 6.13889
v 12.63889 0.00000 6.13889
v 13.00000 0.00000 6.13889
v -13.00000 0.00000 6.50000
v -12.63889 0.00000 6.50000
v -12.27778 0.00000 6.50000
v -11.91667 0.00000 6.50000
v -11.55556 0.00000 6.50000
v -11.19444 0.00000 6.50000
v -10.83333 0.00000 6.50000
v -10.47222 0.00000 6.50000
v -10.11111 0.00000 6.50000
v -9.75000 0.00000 6.50000
v -9.38889 0.00000 6.50000
v -9.02778 0.00000 6.50000
v -8.66667 0.00000 6.50000
v -8.30556 0.00000 6.50000
v -7.94444 0.00000 6.50000
v -7.58333 0.00000 6.50000
v -7.22222 0.00000 6.50000
v -6.86111 0.00000 6.50000
v -6.50000 0.00000 6.50000
v -6.13889 0.00000 6.50000
v -5.77778 0.00000 6.50000
v -5.41667 0.00000 6.50000
v -5.05556 0.00000 6.50000
v -4.69444 0.00000 6.50000
v -4.33333 0.00000 6.50000
v -3.97222 0.00000 6.50000
v -3.61111 0.00001 6.50000
v -3.25000 0.00040 6.50000
v -2.88889 0.01028 6.50000
v -2.52778 0.12038 6.50000
v -2.16667 0.61794 6.50000
v -1.80556 1.43352 6.50000
v -1.44444 2.42834 6.50000
v -1.08333 2.44674 6.50000
v -0.72222 2.54398 6.50000
v -0.36111 2.67347 6.50000
v 0.00000 3.32574 6.50000
v 0.36111 4.39463 6.50000
v 0.72222 5.70135 6.50000
v 1.08333 5.98674 6.50000
v 1.44444 6.13278 6.50000
v 1.80556 6.22140 6.50000
v 2.16667 6.32772 6.50000
v 2.52778 6.40405 6.50000
v 2.88889 6.40657 6.50000
v 3.25000 6.46684 6.50000
v 3.61111 6.85901 6.50000
v 3.97222 6.02867 6.50000
v 4.33333 5.07390 6.50000
v 4.69444 3.80399 6.50000
v 5.05556 2.88270 6.50000
v 5.41667 2.52745 6.50000
v 5.77778 1.63070 6.50000
v 6.13889 1.05913 6.50000
v 6.50000 0.00000 6.50000
v 6.86111 0.00000 6.50000
v 7.22222 0.00000 6.50000
v 7.58333 0.00000 6.50000
v 7.94444 0.00000 6.50000
v 8.30556 0.00000 6.50000
v 8.66667 0.00000 6.50000
v 9.02778 0.00000 6.50000
v 9.38889 0.00000 6.50000
v 9.75000 0.00000 6.50000
v 10.11111 0.00000 6.50000
v 10.47222 0.00000 6.50000
v 10.83333 0.00000 6.50000
v 11.19444 0.00000 6.50000
v 11.55556 0.00000 6.50000
v 11.91667 0.00000 6.50000
v 12.27778 0.00000 6.50000
v 12.63889 0.00000 6.50000
v 13.00000 0.00000 6.50000
v -13.00000 0.00000 6.86111
v -12.63889 0.00000 6.86111
v -12.27778 0.00000 6.86111
v -11.91667 0.00000 6.86111
v -11.55556 0.00000 6.86111
v -11.19444 0.00000 6.86111
v -10.83333 0.00000 6.86111
v -10.47222 0.00000 6.86111
v -10.11111 0.00000 6.86111
v -9.75000 0.00000 6.86111
v -9.38889 0.00000 6.86111
v -9.02778 0.00000 6.86111
v -8.66667 0.00000 6.86111
v -8.30556 0.00000 6.86111
v -7.94444 0.00000 6.86111
v -7.58333 0.00000 6.86111
v -7.22222 0.00000 6.86111
v -6.86111 0.00000 6.86111
v -6.50000 0.00000 6.86111
v -6.13889 0.00000 6.86111
v -5.77778 0.00000 6.86111
v -5.41667 0.00000 6.86111
v -5.05556 0.00000 6.86111
v -4.69444 0.00000 6.86111
v -4.33333 0.00000 6.86111
v -3.97222 0.00000 6.86111
v -3.61111 0.00003 6.86111
v -3.25000 0.00178 6.86111
v -2.88889 0.03234 6.86111
v -2.52778 0.23681 6.86111
v -2.16667 0.82148 6.86111
v -1.80556 1.55215 6.86111
v -1.44444 1.86218 6.86111
v -1.08333 2.24643 6.86111
v -0.72222 2.10754 6.86111
v -0.36111 2.65922 6.86111
v 0.00000 3.14438 6.86111
v 0.36111 4.10891 6.86111
v 0.72222 5.08596 6.86111
v 1.08333 6.08238 6.86111
v 1.44444 6.05319 6.86111
v 1.80556 5.98137 6.86111
v 2.16667 5.96720 6.86111
v 2.52778 5.93595 6.86111
v 2.88889 5.83131 6.86111
v 3.25000 5.82611 6.86111
v 3.61111 4.96747 6.86111
v 3.97222 4.17230 6.86111
v 4.33333 3.15095 6.86111
v 4.69444 2.42841 6.86111
v 5.05556 1.41434 6.86111
v 5.41667 0.95972 6.86111
v 5.77778 0.97070 6.86111
v 6.13889 0.00000 6.86111
v 6.50000 0.00000 6.86111
v 6.86111 0.00000 6.86111
v 7.22222 0.00000 6.86111
v 7.58333 0.00000 6.86111
v 7.94444 0.00000 6.86111
v 8.30556 0.00000 6.86111
v 8.66667 0.00000 6.86111
v 9.02778 0.00000 6.86111
v 9.38889 0.00000 6.86111
v 9.75000 0.00000 6.86111
v 10.11111 0.00000 6.86111
v 10.47222 0.00000 6.86111
v 10.83333 0.00000 6.86111
v 11.19444 0.00000 6.86111
v 11.55556 0.00000 6.86111
v 11.91667 0.00000 6.86111
v 12.27778 0.00000 6.86111
v 12.63889 0.00000 6.86111
v 13.00000 0.00000 6.86111
v -13.00000 0.00000 7.22222
v -12.63889 0.00000 7.22222
v -12.27778 0.00000 7.22222
v -11.91667 0.00000 7.22222
v -11.55556 0.00000 7.22222
v -11.19444 0.00000 7.22222
v -10.83333 0.00000 7.22222
v -10.47222 0.00000 7.22222
v -10.11111 0.00000 7.22222
v -9.75000 0.00000 7.22222
v -9.38889 0.00000 7.22222
v -9.02778 0.00000 7.22222
v -8.66667 0.00000 7.22222
v -8.30556 0.00000 7.22222
v -7.94444 0.00000 7.22222
v -7.58333 0.00000 7.22222
v -7.22222 0.00000 7.22222
v -6.86111 0.00000 7.22222
v -6.50000 0.00000 7.22222
v -6.13889 0.00000 7.22222
v -5.77778 0.00000 7.22222
v -5.41667 0.00000 7.22222
v -5.05556 0.00000 7.22222
v -4.69444 0.00000 7.22222
v -4.33333 0.00000 7.22222
v -3.97222 0.00000 7.22222
v -3.61111 0.00008 7.22222
v -3.25000 0.00418 7.22222
v -2.88889 0.07070 7.22222
v -2.52778 0.43898 7.22222
v -2.16667 1.17337 7.22222
v -1.80556 1.75653 7.22222
v -1.44444 1.93612 7.22222
v -1.08333 1.85016 7.22222
v -0.72222 2.31274 7.22222
v -0.36111 2.52941 7.22222
v 0.00000 3.06470 7.22222
v 0.36111 3.55257 7.22222
v 0.72222 4.35677 7.22222
v 1.08333 4.73385 7.22222
v 1.44444 4.45250 7.22222
v 1.80556 4.14139 7.22222
v 2.16667 4.00214 7.22222
v 2.52778 3.94142 7.22222
v 2.88889 4.05527 7.22222
v 3.25000 4.25810 7.22222
v 3.61111 3.48856 7.22222
v 3.97222 2.59117 7.22222
v 4.33333 1.99830 7.22222
v 4.69444 1.16477 7.22222
v 5.05556 0.80869 7.22222
v 5.41667 0.00000 7.22222
v 5.77778 0.00000 7.22222
v 6.13889 0.00000 7.22222
v 6.50000 0.00000 7.22222
v 6.86111 0.00000 7.22222
v 7.22222 0.00000 7.22222
v 7.58333 0.00000 7.22222
v 7.94444 0.00000 7.22222
v 8.30556 0.00000 7.22222
v 8.66667 0.00000 7.22222
v 9.02778 0.00000 7.22222
v 9.38889 0.00000 7.22222
v 9.75000 0.00000 7.22222
v 10.11111 0.00000 7.22222
v 10.47222 0.00000 7.22222
v 10.83333 0.00000 7.22222
v 11.19444 0.00000 7.22222
v 11.55556 0.00000 7.22222
v 11.91667 0.00000 7.22222
v 12.27778 0.00000 7.22222
v 12.63889 0.00000 7.22222
v 13.00000 0.00000 7.22222
v -13.00000 0.00000 7.58333
v -12.63889 0.00000 7.58333
v -12.27778 0.00000 7.58333
v -11.91667 0.00000 7.58333
v -11.55556 0.00000 7.58333
v -11.19444 0.00000 7.58333
v -10.83333 0.00000 7.58333
v -10.47222 0.00000 7.58333
v -10.11111 0.00000 7.58333
v -9.75000 0.00000 7.58333
v -9.38889 0.00000 7.58333
v -9.02778 0.00000 7.58333
v -8.66667 0.00000 7.58333
v -8.30556 0.00000 7.58333
v -7.94444 0.00000 7.58333
v -7.58333 0.00000 7.58333
v -7.22222 0.00000 7.58333
v -6.86111 0.00000 7.58333
v -6.50000 0.00000 7.58333
v -6.13889 0.00000 7.58333
v -5.77778 0.00000 7.58333
v -5.41667 0.00000 7.58333
v -5.05556 0.00000 7.58333
v -4.69444 0.00000 7.58333
v -4.33333 0.00000 7.58333
v -3.97222 0.00000 7.58333
v -3.61111 0.00011 7.58333
v -3.25000 0.00556 7.58333
v -2.88889 0.09274 7.58333
v -2.52778 0.55512 7.58333
v -2.16667 1.37547 7.58333
v -1.80556 1.87369 7.58333
v -1.44444 1.97846 7.58333
v -1.08333 1.96642 7.58333
v -0.72222 1.94111 7.58333
v -0.36111 2.44560 7.58333
v 0.00000 2.44044 7.58333
v 0.36111 2.80386 7.58333
v 0.72222 3.16904 7.58333
v 1.08333 3.10217 7.58333
v 1.44444 2.69237 7.58333
v 1.80556 2.35103 7.58333
v 2.16667 2.22219 7.58333
v 2.52778 2.19454 7.58333
v 2.88889 2.38421 7.58333
v 3.25000 3.00280 7.58333
v 3.61111 2.17505 7.58333
v 3.97222 1.65223 7.58333
v 4.33333 0.94597 7.58333
v 4.69444 0.66273 7.58333
v 5.05556 0.00000 7.58333
v 5.41667 0.00000 7.58333
v 5.77778 0.00000 7.58333
v 6.13889 0.00000 7.58333
v 6.50000 0.00000 7.58333
v 6.86111 0.00000 7.58333
v 7.22222 0.00000 7.58333
v 7.58333 0.00000 7.58333
v 7.94444 0.00000 7.58333
v 8.30556 0.00000 7.58333
v 8.66667 0.00000 7.58333
v 9.02778 0.00000 7.58333
v 9.38889 0.00000 7.58333
v 9.75000 0.00000 7.58333
v 10.11111 0.00000 7.58333
v 10.47222 0.00000 7.58333
v 10.83333 0.00000 7.58333
v 11.19444 0.00000 7.58333
v 11.55556 0.00000 7.58333
v 11.91667 0.00000 7.58333
v 12.27778 0.00000 7.58333
v 12.63889 0.00000 7.58333
v 13.00000 0.00000 7.58333
v -13.00000 0.00000 7.94444
v -12.63889 0.00000 7.94444
v -12.27778 0.00000 7.94444
v -11.91667 0.00000 7.94444
v -11.55556 0.00000 7.94444
v -11.19444 0.00000 7.94444
v -10.83333 0.00000 7.94444
v -10.47222 0.00000 7.94444
v -10.11111 0.00000 7.94444
v -9.75000 0.00000 7.94444
v -9.38889 0.00000 7.94444
v -9.02778 0.00000 7.94444
v -8.66667 0.00000 7.94444
v -8.30556 0.00000 7.94444
v -7.94444 0.00000 7.94444
v -7.58333 0.00000 7.94444
v -7.22222 0.00000 7.94444
v -6.86111 0.00000 7.94444
v -6.50000 0.00000 7.94444
v -6.13889 0.00000 7.94444
v -5.77778 0.00000 7.94444
v -5.41667 0.00000 7.94444
v -5.05556 0.00000 7.94444
v -4.69444 0.00000 7.94444
v -4.33333 0.00000 7.94444
v -3.97222 0.00000 7.94444
v -3.61111 0.00012 7.94444
v -3.25000 0.00581 7.94444
v -2.88889 0.09664 7.94444
v -2.52778 0.57550 7.94444
v -2.16667 1.40952 7.94444
v -1.80556 1.88637 7.94444
v -1.44444 1.95628 7.94444
v -1.08333 1.92129 7.94444
v -0.72222 1.87386 7.94444
v -0.36111 1.71614 7.94444
v 0.00000 1.79016 7.94444
v 0.36111 1.54361 7.94444
v 0.72222 1.71144 7.94444
v 1.08333 1.51142 7.94444
v 1.44444 1.27135 7.94444
v 1.80556 1.10917 7.94444
v 2.16667 1.05469 7.94444
v 2.52778 1.03907 7.94444
v 2.88889 1.24169 7.94444
v 3.25000 1.84909 7.94444
v 3.61111 1.38064 7.94444
v 3.97222 0.76843 7.94444
v 4.33333 0.53731 7.94444
v 4.69444 0.00000 7.94444
v 5.05556 0.00000 7.94444
v 5.41667 0.00000 7.94444
v 5.77778 0.00000 7.94444
v 6.13889 0.00000 7.94444
v 6.50000 0.00000 7.94444
v 6.86111 0.00000 7.94444
v 7.22222 0.00000 7.94444
v 7.58333 0.00000 7.94444
v 7.94444 0.00000 7.94444
v 8.30556 0.00000 7.94444
v 8.66667 0.00000 7.94444
v 9.02778 0.00000 7.94444
v 9.38889 0.00000 7.94444
v 9.75000 0.00000 7.94444
v 10.11111 0.00000 7.94444
v 10.47222 0.00000 7.94444
v 10.83333 0.00000 7.94444
v 11.19444 0.00000 7.94444
v 11.55556 0.00000 7.94444
v 11.91667 0.00000 7.94444
v 12.27778 0.00000 7.94444
v 12.63889 0.00000 7.94444
v 13.00000 0.00000 7.94444
v -13.00000 0.00000 8.30556
v -12.63889 0.00000 8.30556
v -12.27778 0.00000 8.30556
v -11.91667 0.00000 8.30556
v -11.55556 0.00000 8.30556
v -11.19444 0.00000 8.30556
v -10.83333 0.00000 8.30556
v -10.47222 0.00000 8.30556
v -10.11111 0.00000 8.30556
v -9.75000 0.00000 8.30556
v -9.38889 0.00000 8.30556
v -9.02778 0.00000 8.30556
v -8.66667 0.00000 8.30556
v -8.30556 0.00000 8.30556
v -7.94444 0.00000 8.30556
v -7.58333 0.00000 8.30556
v -7.22222 0.00000 8.30556
v -6.86111 0.00000 8.30556
v -6.50000 0.00000 8.30556
v -6.13889 0.00000 8.30556
v -5.77778 0.00000 8.30556
v -5.41667 0.00000 8.30556
v -5.05556 0.00000 8.30556
v -4.69444 0.00000 8.30556
v -4.33333 0.00000 8.30556
v -3.97222 0.00000 8.30556
v -3.61111 0.00011 8.30556
v -3.25000 0.00556 8.30556
v -2.88889 0.09245 8.30556
v -2.52778 0.55036 8.30556
v -2.16667 1.34593 8.30556
v -1.80556 1.78187 8.30556
v -1.44444 1.75256 8.30556
v -1.08333 1.55339 8.30556
v -0.72222 1.39757 8.30556
v -0.36111 1.15134 8.30556
v 0.00000 0.68198 8.30556
v 0.36111 0.75010 8.30556
v 0.72222 0.54486 8.30556
v 1.08333 0.46335 8.30556
v 1.44444 0.39881 8.30556
v 1.80556 0.35742 8.30556
v 2.16667 0.33813 8.30556
v 2.52778 0.32571 8.30556
v 2.88889 0.54413 8.30556
v 3.25000 0.94749 8.30556
v 3.61111 0.61838 8.30556
v 3.97222 0.43006 8.30556
v 4.33333 0.00000 8.30556
v 4.69444 0.00000 8.30556
v 5.05556 0.00000 8.30556
v 5.41667 0.00000 8.30556
v 5.77778 0.00000 8.30556
v 6.13889 0.00000 8.30556
v 6.50000 0.00000 8.30556
v 6.86111 0.00000 8.30556
v 7.22222 0.00000 8.30556
v 7.58333 0.00000 8.30556
v 7.94444 0.00000 8.30556
v 8.30556 0.00000 8.30556
v 8.66667 0.00000 8.30556
v 9.02778 0.00000 8.30556
v 9.38889 0.00000 8.30556
v 9.75000 0.00000 8.30556
v 10.11111 0.00000 8.30556
v 10.47222 0.00000 8.30556
v 10.83333 0.00000 8.30556
v 11.19444 0.00000 8.30556
v 11.55556 0.00000 8.30556
v 11.91667 0.00000 8.30556
v 12.27778 0.00000 8.30556
v 12.63889 0.00000 8.30556
v 13.00000 0.00000 8.30556
v -13.00000 0.00000 8.66667
v -12.63889 0.00000 8.66667
v -12.27778 0.00000 8.66667
v -11.91667 0.00000 8.66667
v -11.55556 0.00000 8.66667
v -11.19444 0.00000 8.66667
v -10.83333 0.00000 8.66667
v -10.47222 0.00000 8.66667
v -10.11111 0.00000 8.66667
v -9.75000 0.00000 8.66667
v -9.38889 0.00000 8.66667
v -9.02778 0.00000 8.66667
v -8.66667 0.00000 8.66667
v -8.30556 0.00000 8.66667
v -7.94444 0.00000 8.66667
v -7.58333 0.00000 8.66667
v -7.22222 0.00000 8.66667
v -6.86111 0.00000 8.66667
v -6.50000 0.00000 8.66667
v -6.13889 0.00000 8.66667
v -5.77778 0.00000 8.66667
v -5.41667 0.00000 8.66667
v -5.05556 0.00000 8.66667
v -4.69444 0.00000 8.66667
v -4.33333 0.00000 8.66667
v -3.97222 0.00000 8.66667
v -3.61111 0.00008 8.66667
v -3.25000 0.00415 8.66667
v -2.88889 0.06900 8.66667
v -2.52778 0.41075 8.66667
v -2.16667 1.00314 8.66667
v -1.80556 1.30657 8.66667
v -1.44444 1.16923 8.66667
v -1.08333 0.82009 8.66667
v -0.72222 0.59570 8.66667
v -0.36111 0.43699 8.66667
v 0.00000 0.21037 8.66667
v 0.36111 0.05577 8.66667
v 0.72222 0.01142 8.66667
v 1.08333 0.00447 8.66667
v 1.44444 0.00175 8.66667
v 1.80556 0.00031 8.66667
v 2.16667 0.00002 8.66667
v 2.52778 0.00000 8.66667
v 2.88889 0.28606 8.66667
v 3.25000 0.26889 8.66667
v 3.61111 0.33168 8.66667
v 3.97222 0.00000 8.66667
v 4.33333 0.00000 8.66667
v 4.69444 0.00000 8.66667
v 5.05556 0.00000 8.66667
v 5.41667 0.00000 8.66667
v 5.77778 0.00000 8.66667
v 6.13889 0.00000 8.66667
v 6.50000 0.00000 8.66667
v 6.86111 0.00000 8.66667
v 7.22222 0.00000 8.66667
v 7.58333 0.00000 8.66667
v 7.94444 0.00000 8.66667
v 8.30556 0.00000 8.66667
v 8.66667 0.00000 8.66667
v 9.02778 0.00000 8.66667
v 9.38889 0.00000 8.66667
v 9.75000 0.00000 8.66667
v 10.11111 0.00000 8.66667
v 10.47222 0.00000 8.66667
v 10.83333 0.00000 8.66667
v 11.19444 0.00000 8.66667
v 11.55556 0.00000 8.66667
v 11.91667 0.00000 8.66667
v 12.27778 0.00000 8.66667
v 12.63889 0.00000 8.66667
v 13.00000 0.00000 8.66667
v -13.00000 0.00000 9.02778
v -12.63889 0.00000 9.02778
v -12.27778 0.00000 9.02778
v -11.91667 0.00000 9.02778
v -11.55556 0.00000 9.02778
v -11.19444 0.00000 9.02778
v -10.83333 0.00000 9.02778
v -10.47222 0.00000 9.02778
v -10.11111 0.00000 9.02778
v -9.75000 0.00000 9.02778
v -9.38889 0.00000 9.02778
v -9.02778 0.00000 9.02778
v -8.66667 0.00000 9.02778
v -8.30556 0.00000 9.02778
v -7.94444 0.00000 9.02778
v -7.58333 0.00000 9.02778
v -7.22222 0.00000 9.02778
v -6.86111 0.00000 9.02778
v -6.50000 0.00000 9.02778
v -6.13889 0.00000 9.02778
v -5.77778 0.00000 9.02778
v -5.41667 0.00000 9.02778
v -5.05556 0.00000 9.02778
v -4.69444 0.00000 9.02778
v -4.33333 0.00000 9.02778
v -3.97222 0.00000 9.02778
v -3.61111 0.00003 9.02778
v -3.25000 0.00169 9.02778
v -2.88889 0.02819 9.02778
v -2.52778 0.16779 9.02778
v -2.16667 0.40939 9.02778
v -1.80556 0.52697 9.02778
v -1.44444 0.43728 9.02778
v -1.08333 0.23652 9.02778
v -0.72222 0.11618 9.02778
v -0.36111 0.07183 9.02778
v 0.00000 0.03070 9.02778
v 0.36111 0.00623 9.02778
v 0.72222 0.00066 9.02778
v 1.08333 0.00011 9.02778
v 1.44444 0.00003 9.02778
v 1.80556 0.00001 9.02778
v 2.16667 0.00000 9.02778
v 2.52778 0.00000 9.02778
v 2.88889 0.00000 9.02778
v 3.25000 0.00000 9.02778
v 3.61111 0.00000 9.02778
v 3.97222 0.00000 9.02778
v 4.33333 0.00000 9.02778
v 4.69444 0.00000 9.02778
v 5.05556 0.00000 9.02778
v 5.41667 0.00000 9.02778
v 5.77778 0.00000 9.02778
v 6.13889 0.00000 9.02778
v 6.50000 0.00000 9.02778
v 6.86111 0.00000 9.02778
v 7.22222 0.00000 9.02778
v 7.58333 0.00000 9.02778
v 7.94444 0.00000 9.02778
v 8.30556 0.00000 9.02778
v 8.66667 0.00000 9.02778
v 9.02778 0.00000 9.02778
v 9.38889 0.00000 9.02778
v 9.75000 0.00000 9.02778
v 10.11111 0.00000 9.02778
v 10.47222 0.00000 9.02778
v 10.83333 0.00000 9.02778
v 11.19444 0.00000 9.02778
v 11.55556 0.00000 9.02778
v 11.91667 0.00000 9.02778
v 12.27778 0.00000 9.02778
v 12.63889 0.00000 9.02778
v 13.00000 0.00000 9.02778
v -13.00000 0.00000 9.38889
v -12.63889 0.00000 9.38889
v -12.27778 0.00000 9.38889
v -11.91667 0.00000 9.38889
v -11.55556 0.00000 9.38889
v -11.19444 0.00000 9.38889
v -10.83333 0.00000 9.38889
v -10.47222 0.00000 9.38889
v -10.11111 0.00000 9.38889
v -9.75000 0.00000 9.38889
v -9.38889 0.00000 9.38889
v -9.02778 0.00000 9.38889
v -8.66667 0.00000 9.38889
v -8.30556 0.00000 9.38889
v -7.94444 0.00000 9.38889
v -7.58333 0.00000 9.38889
v -7.22222 0.00000 9.38889
v -6.86111 0.00000 9.38889
v -6.50000 0.00000 9.38889
v -6.13889 0.00000 9.38889
v -5.77778 0.00000 9.38889
v -5.41667 0.00000 9.38889
v -5.05556 0.00000 9.38889
v -4.69444 0.00000 9.38889
v -4.33333 0.00000 9.38889
v -3.97222 0.00000 9.38889
v -3.61111 0.00001 9.38889
v -3.25000 0.00028 9.38889
v -2.88889 0.00473 9.38889
v -2.52778 0.02818 9.38889
v -2.16667 0.06874 9.38889
v -1.80556 0.08801 9.38889
v -1.44444 0.07041 9.38889
v -1.08333 0.03231 9.38889
v -0.72222 0.01001 9.38889
v -0.36111 0.00444 9.38889
v 0.00000 0.00175 9.38889
v 0.36111 0.00031 9.38889
v 0.72222 0.00002 9.38889
v 1.08333 0.00000 9.38889
v 1.44444 0.00000 9.38889
v 1.80556 0.00000 9.38889
v 2.16667 0.00000 9.38889
v 2.52778 0.00000 9.38889
v 2.88889 0.00000 9.38889
v 3.25000 0.00000 9.38889
v 3.61111 0.00000 9.38889
v 3.97222 0.00000 9.38889
v 4.33333 0.00000 9.38889
v 4.69444 0.00000 9.38889
v 5.05556 0.00000 9.38889
v 5.41667 0.00000 9.38889
v 5.77778 0.00000 9.38889
v 6.13889 0.00000 9.38889
v 6.50000 0.00000 9.38889
v 6.86111 0.00000 9.38889
v 7.22222 0.00000 9.38889
v 7.58333 0.00000 9.38889
v 7.94444 0.00000 9.38889
v 8.30556 0.00000 9.38889
v 8.66667 0.00000 9.38889
v 9.02778 0.00000 9.38889
v 9.38889 0.00000 9.38889
v 9.75000 0.00000 9.38889
v 10.11111 0.00000 9.38889
v 10.47222 0.00000 9.38889
v 10.83333 0.00000 9.38889
v 11.19444 0.00000 9.38889
v 11.55556 0.00000 9.38889
v 11.91667 0.00000 9.38889
v 12.27778 0.00000 9.38889
v 12.63889 0.00000 9.38889
v 13.00000 0.00000 9.38889
v -13.00000 0.00000 9.75000
v -12.63889 0.00000 9.75000
v -12.27778 0.00000 9.75000
v -11.91667 0.00000 9.75000
v -11.55556 0.00000 9.75000
v -11.19444 0.00000 9.75000
v -10.83333 0.00000 9.75000
v -10.47222 0.00000 9.75000
v -10.11111 0.00000 9.75000
v -9.75000 0.00000 9.75000
v -9.38889 0.00000 9.75000
v -9.02778 0.00000 9.75000
v -8.66667 0.00000 9.75000
v -8.30556 0.00000 9.75000
v -7.94444 0.00000 9.75000
v -7.58333 0.00000 9.75000
v -7.22222 0.00000 9.75000
v -6.86111 0.00000 9.75000
v -6.50000 0.00000 9.75000
v -6.13889 0.00000 9.75000
v -5.77778 0.00000 9.75000
v -5.41667 0.00000 9.75000
v -5.05556 0.00000 9.75000
v -4.69444 0.00000 9.75000
v -4.33333 0.00000 9.75000
v -3.97222 0.00000 9.75000
v -3.61111 0.00000 9.75000
v -3.25000 0.00002 9.75000
v -2.88889 0.00028 9.75000
v -2.52778 0.00169 9.75000
v -2.16667 0.00413 9.75000
v -1.80556 0.00528 9.75000
v -1.44444 0.00416 9.75000
v -1.08333 0.00178 9.75000
v -0.72222 0.00039 9.75000
v -0.36111 0.00010 9.75000
v 0.00000 0.00003 9.75000
v 0.36111 0.00001 9.75000
v 0.72222 0.00000 9.75000
v 1.08333 0.00000 9.75000
v 1.44444 0.00000 9.75000
v 1.80556 0.00000 9.75000
v 2.16667 0.00000 9.75000
v 2.52778 0.00000 9.75000
v 2.88889 0.00000 9.75000
v 3.25000 0.00000 9.75000
v 3.61111 0.00000 9.75000
v 3.97222 0.00000 9.75000
v 4.33333 0.00000 9.75000
v 4.69444 0.00000 9.75000
v 5.05556 0.00000 9.75000
v 5.41667 0.00000 9.75000
v 5.77778 0.00000 9.75000
v 6.13889 0.00000 9.75000
v 6.50000 0.00000 9.75000
v 6.86111 0.00000 9.75000
v 7.22222 0.00000 9.75000
v 7.58333 0.00000 9.75000
v 7.94444 0.00000 9.75000
v 8.30556 0.00000 9.75000
v 8.66667 0.00000 9.75000
v 9.02778 0.00000 9.75000
v 9.38889 0.00000 9.75000
v 9.75000 0.00000 9.75000
v 10.11111 0.00000 9.75000
v 10.47222 0.00000 9.75000
v 10.83333 0.00000 9.75000
v 11.19444 0.00000 9.75000
v 11.55556 0.00000 9.75000
v 11.91667 0.00000 9.75000
v 12.27778 0.00000 9.75000
v 12.63889 0.00000 9.75000
v 13.00000 0.00000 9.75000
v -13.00000 0.00000 10.11111
v -12.63889 0.00000 10.11111
v -12.27778 0.00000 10.11111
v -11.91667 0.00000 10.11111
v -11.55556 0.00000 10.11111
v -11.19444 0.00000 10.11111
v -10.83333 0.00000 10.11111
v -10.47222 0.00000 10.11111
v -10.11111 0.00000 10.11111
v -9.75000 0.00000 10.11111
v -9.38889 0.00000 10.11111
v -9.02778 0.00000 10.11111
v -8.66667 0.00000 10.11111
v -8.30556 0.00000 10.11111
v -7.94444 0.00000 10.11111
v -7.58333 0.00000 10.11111
v -7.22222 0.00000 10.11111
v -6.86111 0.00000 10.11111
v -6.50000 0.00000 10.11111
v -6.13889 0.00000 10.11111
v -5.77778 0.00000 10.11111
v -5.41667 0.00000 10.11111
v -5.05556 0.00000 10.11111
v -4.69444 0.00000 10.11111
v -4.33333 0.00000 10.11111
v -3.97222 0.00000 10.11111
v -3.61111 0.00000 10.11111
v -3.25000 0.00000 10.11111
v -2.88889 0.00001 10.11111
v -2.52778 0.00003 10.11111
v -2.16667 0.00008 10.11111
v -1.80556 0.00011 10.11111
v -1.44444 0.00008 10.11111
v -1.08333 0.00003 10.11111
v -0.72222 0.00001 10.11111
v -0.36111 0.00000 10.11111
v 0.00000 0.00000 10.11111
v 0.36111 0.00000 10.11111
v 0.72222 0.00000 10.11111
v 1.08333 0.00000 10.11111
v 1.44444 0.00000 10.11111
v 1.80556 0.00000 10.11111
v 2.16667 0.00000 10.11111
v 2.52778 0.00000 10.11111
v 2.88889 0.00000 10.11111
v 3.25000 0.00000 10.11111
v 3.61111 0.00000 10.11111
v 3.97222 0.00000 10.11111
v 4.33333 0.00000 10.11111
v 4.69444 0.00000 10.11111
v 5.05556 0.00000 10.11111
v 5.41667 0.00000 10.11111
v 5.77778 0.00000 10.11111
v 6.13889 0.00000 10.11111
v 6.50000 0.00000 10.11111
v 6.86111 0.00000 10.11111
v 7.22222 0.00000 10.11111
v 7.58333 0.00000 10.11111
v 7.94444 0.00000 10.11111
v 8.30556 0.00000 10.11111
v 8.66667 0.00000 10.11111
v 9.02778 0.00000 10.11111
v 9.38889 0.00000 10.11111
v 9.75000 0.00000 10.11111
v 10.11111 0.00000 10.11111
v 10.47222 0.00000 10.11111
v 10.83333 0.00000 10.11111
v 11.19444 0.00000 10.11111
v 11.55556 0.00000 10.11111
v 11.91667 0.00000 10.11111
v 12.27778 0.00000 10.11111
v 12.63889 0.00000 10.11111
v 13.00000 0.00000 10.11111
v -13.00000 0.00000 10.47222
v -12.63889 0.00000 10.47222
v -12.27778 0.00000 10.47222
v -11.91667 0.00000 10.47222
v -11.55556 0.00000 10.47222
v -11.19444 0.00000 10.47222
v -10.83333 0.00000 10.47222
v -10.47222 0.00000 10.47222
v -10.11111 0.00000 10.47222
v -9.75000 0.00000 10.47222
v -9.38889 0.00000 10.47222
v -9.02778 0.00000 10.47222
v -8.66667 0.00000 10.47222
v -8.30556 0.00000 10.47222
v -7.94444 0.00000 10.47222
v -7.58333 0.00000 10.47222
v -7.22222 0.00000 10.47222
v -6.86111 0.00000 10.47222
v -6.50000 0.00000 10.47222
v -6.13889 0.00000 10.47222
v -5.77778 0.00000 10.47222
v -5.41667 0.00000 10.47222
v -5.05556 0.00000 10.47222
v -4.69444 0.00000 10.47222
v -4.33333 0.00000 10.47222
v -3.97222 0.00000 10.47222
v -3.61111 0.00000 10.47222
v -3.25000 0.00000 10.47222
v -2.88889 0.00000 10.47222
v -2.52778 0.00000 10.47222
v -2.16667 0.00000 10.47222
v -1.80556 0.00000 10.47222
v -1.44444 0.00000 10.47222
v -1.08333 0.00000 10.47222
v -0.72222 0.00000 10.47222
v -0.36111 0.00000 10.47222
v 0.00000 0.00000 10.47222
v 0.36111 0.00000 10.47222
v 0.72222 0.00000 10.47222
v 1.08333 0.00000 10.47222
v 1.44444 0.00000 10.47222
v 1.80556 0.00000 10.47222
v 2.16667 0.00000 10.47222
v 2.52778 0.00000 10.47222
v 2.88889 0.00000 10.47222
v 3.25000 0.00000 10.47222
v 3.61111 0.00000 10.47222
v 3.97222 0.00000 10.47222
v 4.33333 0.00000 10.47222
v 4.69444 0.00000 10.47222
v 5.05556 0.00000 10.47222
v 5.41667 0.00000 10.47222
v 5.77778 0.00000 10.47222
v 6.13889 0.00000 10.47222
v 6.50000 0.00000 10.47222
v 6.86111 0.00000 10.47222
v 7.22222 0.00000 10.47222
v 7.58333 0.00000 10.47222
v 7.94444 0.00000 10.47222
v 8.30556 0.00000 10.47222
v 8.66667 0.00000 10.47222
v 9.02778 0.00000 10.47222
v 9.38889 0.00000 10.47222
v 9.75000 0.00000 10.47222
v 10.11111 0.00000 10.47222
v 10.47222 0.00000 10.47222
v 10.83333 0.00000 10.47222
v 11.19444 0.00000 10.47222
v 11.55556 0.00000 10.47222
v 11.91667 0.00000 10.47222
v 12.27778 0.00000 10.47222
v 12.63889 0.00000 10.47222
v 13.00000 0.00000 10.47222
v -13.00000 0.00000 10.83333
v -12.63889 0.00000 10.83333
v -12.27778 0.00000 10.83333
v -11.91667 0.00000 10.83333
v -11.55556 0.00000 10.83333
v -11.19444 0.00000 10.83333
v -10.83333 0.00000 10.83333
v -10.47222 0.00000 10.83333
v -10.11111 0.00000 10.83333
v -9.75000 0.00000 10.83333
v -9.38889 0.00000 10.83333
v -9.02778 0.00000 10.83333
v -8.66667 0.00000 10.83333
v -8.30556 0.00000 10.83333
v -7.94444 0.00000 10.83333
v -7.58333 0.00000 10.83333
v -7.22222 0.00000 10.83333
v -6.86111 0.00000 10.83333
v -6.50000 0.00000 10.83333
v -6.13889 0.00000 10.83333
v -5.77778 0.00000 10.83333
v -5.41667 0.00000 10.83333
v -5.05556 0.00000 10.83333
v -4.69444 0.00000 10.83333
v -4.33333 0.00000 10.83333
v -3.97222 0.00000 10.83333
v -3.61111 0.00000 10.83333
v -3.25000 0.00000 10.83333
v -2.88889 0.00000 10.83333
v -2.52778 0.00000 10.83333
v -2.16667 0.00000 10.83333
v -1.80556 0.00000 10.83333
v -1.44444 0.00000 10.83333
v -1.08333 0.00000 10.83333
v -0.72222 0.00000 10.83333
v -0.36111 0.00000 10.83333
v 0.00000 0.00000 10.83333
v 0.36111 0.00000 10.83333
v 0.72222 0.00000 10.83333
v 1.08333 0.00000 10.83333
v 1.44444 0.00000 10.83333
v 1.80556 0.00000 10.83333
v 2.16667 0.00000 10.83333
v 2.52778 0.00000 10.83333
v 2.88889 0.00000 10.83333
v 3.25000 0.00000 10.83333
v 3.61111 0.00000 10.83333
v 3.97222 0.00000 10.83333
v 4.33333 0.00000 10.83333
v 4.69444 0.00000 10.83333
v 5.05556 0.00000 10.83333
v 5.41667 0.00000 10.83333
v 5.77778 0.00000 10.83333
v 6.13889 0.00000 10.83333
v 6.50000 0.00000 10.83333
v 6.86111 0.00000 10.83333
v 7.22222 0.00000 10.83333
v 7.58333 0.00000 10.83333
v 7.94444 0.00000 10.83333
v 8.30556 0.00000 10.83333
v 8.66667 0.00000 10.83333
v 9.02778 0.00000 10.83333
v 9.38889 0.00000 10.83333
v 9.75000 0.00000 10.83333
v 10.11111 0.00000 10.83333
v 10.47222 0.00000 10.83333
v 10.83333 0.00000 10.83333
v 11.19444 0.00000 10.83333
v 11.55556 0.00000 10.83333
v 11.91667 0.00000 10.83333
v 12.27778 0.00000 10.83333
v 12.63889 0.00000 10.83333
v 13.00000 0.00000 10.83333
v -13.00000 0.00000 11.19444
v -12.63889 0.00000 11.19444
v -12.27778 0.00000 11.19444
v -11.91667 0.00000 11.19444
v -11.55556 0.00000 11.19444
v -11.19444 0.00000 11.19444
v -10.83333 0.00000 11.19444
v -10.47222 0.00000 11.19444
v -10.11111 0.00000 11.19444
v -9.75000 0.00000 11.19444
v -9.38889 0.00000 11.19444
v -9.02778 0.00000 11.19444
v -8.66667 0.00000 11.19444
v -8.30556 0.00000 11.19444
v -7.94444 0.00000 11.19444
v -7.58333 0.00000 11.19444
v -7.22222 0.00000 11.19444
v -6.86111 0.00000 11.19444
v -6.50000 0.00000 11.19444
v -6.13889 0.00000 11.19444
v -5.77778 0.00000 11.19444
v -5.41667 0.00000 11.19444
v -5.05556 0.00000 11.19444
v -4.69444 0.00000 11.19444
v -4.33333 0.00000 11.19444
v -3.97222 0.00000 11.19444
v -3.61111 0.00000 11.19444
v -3.25000 0.00000 11.19444
v -2.88889 0.00000 11.19444
v -2.52778 0.00000 11.19444
v -2.16667 0.00000 11.19444
v -1.80556 0.00000 11.19444
v -1.44444 0.00000 11.19444
v -1.08333 0.00000 11.19444
v -0.72222 0.00000 11.19444
v -0.36111 0.00000 11.19444
v 0.00000 0.00000 11.19444
v 0.36111 0.00000 11.19444
v 0.72222 0.00000 11.19444
v 1.08333 0.00000 11.19444
v 1.44444 0.00000 11.19444
v 1.80556 0.00000 11.19444
v 2.16667 0.00000 11.19444
v 2.52778 0.00000 11.19444
v 2.88889 0.00000 11.19444
v 3.25000 0.00000 11.19444
v 3.61111 0.00000 11.19444
v 3.97222 0.00000 11.19444
v 4.33333 0.00000 11.19444
v 4.69444 0.00000 11.19444
v 5.05556 0.00000 11.19444
v 5.41667 0.00000 11.19444
v 5.77778 0.00000 11.19444
v 6.13889 0.00000 11.19444
v 6.50000 0.00000 11.19444
v 6.86111 0.00000 11.19444
v 7.22222 0.00000 11.19444
v 7.58333 0.00000 11.19444
v 7.94444 0.00000 11.19444
v 8.30556 0.00000 11.19444
v 8.66667 0.00000 11.19444
v 9.02778 0.00000 11.19444
v 9.38889 0.00000 11.19444
v 9.75000 0.00000 11.19444
v 10.11111 0.00000 11.19444
v 10.47222 0.00000 11.19444
v 10.83333 0.00000 11.19444
v 11.19444 0.00000 11.19444
v 11.55556 0.00000 11.19444
v 11.91667 0.00000 11.19444
v 12.27778 0.00000 11.19444
v 12.63889 0.00000 11.19444
v 13.00000 0.00000 11.19444
v -13.00000 0.00000 11.55556
v -12.63889 0.00000 11.55556
v -12.27778 0.00000 11.55556
v -11.91667 0.00000 11.55556
v -11.55556 0.00000 11.55556
v -11.19444 0.00000 11.55556
v -10.83333 0.00000 11.55556
v -10.47222 0.00000 11.55556
v -10.11111 0.00000 11.55556
v -9.75000 0.00000 11.55556
v -9.38889 0.00000 11.55556
v -9.02778 0.00000 11.55556
v -8.66667 0.00000 11.55556
v -8.30556 0.00000 11.55556
v -7.94444 0.00000 11.55556
v -7.58333 0.00000 11.55556
v -7.22222 0.00000 11.55556
v -6.86111 0.00000 11.55556
v -6.50000 0.00000 11.55556
v -6.13889 0.00000 11.55556
v -5.77778 0.00000 11.55556
v -5.41667 0.00000 11.55556
v -5.05556 0.00000 11.55556
v -4.69444 0.00000 11.55556
v -4.33333 0.00000 11.55556
v -3.97222 0.00000 11.55556
v -3.61111 0.00000 11.55556
v -3.25000 0.00000 11.55556
v -2.88889 0.00000 11.55556
v -2.52778 0.00000 11.55556
v -2.16667 0.00000 11.55556
v -1.80556 0.00000 11.55556
v -1.44444 0.00000 11.55556
v -1.08333 0.00000 11.55556
v -0.72222 0.00000 11.55556
v -0.36111 0.00000 11.55556
v 0.00000 0.00000 11.55556
v 0.36111 0.00000 11.55556
v 0.72222 0.00000 11.55556
v 1.08333 0.00000 11.55556
v 1.44444 0.00000 11.55556
v 1.80556 0.00000 11.55556
v 2.16667 0.00000 11.55556
v 2.52778 0.00000 11.55556
v 2.88889 0.00000 11.55556
v 3.25000 0.00000 11.55556
v 3.61111 0.00000 11.55556
v 3.97222 0.00000 11.55556
v 4.33333 0.00000 11.55556
v 4.69444 0.00000 11.55556
v 5.05556 0.00000 11.55556
v 5.41667 0.00000 11.55556
v 5.77778 0.00000 11.55556
v 6.13889 0.00000 11.55556
v 6.50000 0.00000 11.55556
v 6.86111 0.00000 11.55556
v 7.22222 0.00000 11.55556
v 7.58333 0.00000 11.55556
v 7.94444 0.00000 11.55556
v 8.30556 0.00000 11.55556
v 8.66667 0.00000 11.55556
v 9.02778 0.00000 11.55556
v 9.38889 0.00000 11.55556
v 9.75000 0.00000 11.55556
v 10.11111 0.00000 11.55556
v 10.47222 0.00000 11.55556
v 10.83333 0.00000 11.55556
v 11.19444 0.00000 11.55556
v 11.55556 0.00000 11.55556
v 11.91667 0.00000 11.55556
v 12.27778 0.00000 11.55556
v 12.63889 0.00000 11.55556
v 13.00000 0.00000 11.55556
v -13.00000 0.00000 11.91667
v -12.63889 0.00000 11.91667
v -12.27778 0.00000 11.91667
v -11.91667 0.00000 11.91667
v -11.55556 0.00000 11.91667
v -11.19444 0.00000 11.91667
v -10.83333 0.00000 11.91667
v -10.47222 0.00000 11.91667
v -10.11111 0.00000 11.91667
v -9.75000 0.00000 11.91667
v -9.38889 0.00000 11.91667
v -9.02778 0.00000 11.91667
v -8.66667 0.00000 11.91667
v -8.30556 0.00000 11.91667
v -7.94444 0.00000 11.91667
v -7.58333 0.00000 11.91667
v -7.22222 0.00000 11.91667
v -6.86111 0.00000 11.91667
v -6.50000 0.00000 11.91667
v -6.13889 0.00000 11.91667
v -5.77778 0.00000 11.91667
v -5.41667 0.00000 11.91667
v -5.05556 0.00000 11.91667
v -4.69444 0.00000 11.91667
v -4.33333 0.00000 11.91667
v -3.97222 0.00000 11.91667
v -3.61111 0.00000 11.91667
v -3.25000 0.00000 11.91667
v -2.88889 0.00000 11.91667
v -2.52778 0.00000 11.91667
v -2.16667 0.00000 11.91667
v -1.80556 0.00000 11.91667
v -1.44444 0.00000 11.91667
v -1.08333 0.00000 11.91667
v -0.72222 0.00000 11.91667
v -0.36111 0.00000 11.91667
v 0.00000 0.00000 11.91667
v 0.36111 0.00000 11.91667
v 0.72222 0.00000 11.91667
v 1.08333 0.00000 11.91667
v 1.44444 0.00000 11.91667
v 1.80556 0.00000 11.91667
v 2.16667 0.00000 11.91667
v 2.52778 0.00000 11.91667
v 2.88889 0.00000 11.91667
v 3.25000 0.00000 11.91667
v 3.61111 0.00000 11.91667
v 3.97222 0.00000 11.91667
v 4.33333 0.00000 11.91667
v 4.69444 0.00000 11.91667
v 5.05556 0.00000 11.91667
v 5.41667 0.00000 11.91667
v 5.77778 0.00000 11.91667
v 6.13889 0.00000 11.91667
v 6.50000 0.00000 11.91667
v 6.86111 0.00000 11.91667
v 7.22222 0.00000 11.91667
v 7.58333 0.00000 11.91667
v 7.94444 0.00000 11.91667
v 8.30556 0.00000 11.91667
v 8.66667 0.00000 11.91667
v 9.02778 0.00000 11.91667
v 9.38889 0.00000 11.91667
v 9.75000 0.00000 11.91667
v 10.11111 0.00000 11.91667
v 10.47222 0.00000 11.91667
v 10.83333 0.00000 11.91667
v 11.19444 0.00000 11.91667
v 11.55556 0.00000 11.91667
v 11.91667 0.00000 11.91667
v 12.27778 0.00000 11.91667
v 12.63889 0.00000 11.91667
v 13.00000 0.00000 11.91667
v -13.00000 0.00000 12.27778
v -12.63889 0.00000 12.27778
v -12.27778 0.00000 12.27778
v -11.91667 0.00000 12.27778
v -11.55556 0.00000 12.27778
v -11.19444 0.00000 12.27778
v -10.83333 0.00000 12.27778
v -10.47222 0.00000 12.27778
v -10.11111 0.00000 12.27778
v -9.75000 0.00000 12.27778
v -9.38889 0.00000 12.27778
v -9.02778 0.00000 12.27778
v -8.66667 0.00000 12.27778
v -8.30556 0.00000 12.27778
v -7.94444 0.00000 12.27778
v -7.58333 0.00000 12.27778
v -7.22222 0.00000 12.27778
v -6.86111 0.00000 12.27778
v -6.50000 0.00000 12.27778
v -6.13889 0.00000 12.27778
v -5.77778 0.00000 12.27778
v -5.41667 0.00000 12.27778
v -5.05556 0.00000 12.27778
v -4.69444 0.00000 12.27778
v -4.33333 0.00000 12.27778
v -3.97222 0.00000 12.27778
v -3.61111 0.00000 12.27778
v -3.25000 0.00000 12.27778
v -2.88889 0.00000 12.27778
v -2.52778 0.00000 12.27778
v -2.16667 0.00000 12.27778
v -1.80556 0.00000 12.27778
v -1.44444 0.00000 12.27778
v -1.08333 0.00000 12.27778
v -0.72222 0.00000 12.27778
v -0.36111 0.00000 12.27778
v 0.00000 0.00000 12.27778
v 0.36111 0.00000 12.27778
v 0.72222 0.00000 12.27778
v 1.08333 0.00000 12.27778
v 1.44444 0.00000 12.27778
v 1.80556 0.00000 12.27778
v 2.16667 0.00000 12.27778
v 2.52778 0.00000 12.27778
v 2.88889 0.00000 12.27778
v 3.25000 0.00000 12.27778
v 3.61111 0.00000 12.27778
v 3.97222 0.00000 12.27778
v 4.33333 0.00000 12.27778
v 4.69444 0.00000 12.27778
v 5.05556 0.00000 12.27778
v 5.41667 0.00000 12.27778
v 5.77778 0.00000 12.27778
v 6.13889 0.00000 12.27778
v 6.50000 0.00000 12.27778
v 6.86111 0.00000 12.27778
v 7.22222 0.00000 12.27778
v 7.58333 0.00000 12.27778
v 7.94444 0.00000 12.27778
v 8.30556 0.00000 12.27778
v 8.66667 0.00000 12.27778
v 9.02778 0.00000 12.27778
v 9.38889 0.00000 12.27778
v 9.75000 0.00000 12.27778
v 10.11111 0.00000 12.27778
v 10.47222 0.00000 12.27778
v 10.83333 0.00000 12.27778
v 11.19444 0.00000 12.27778
v 11.55556 0.00000 12.27778
v 11.91667 0.00000 12.27778
v 12.27778 0.00000 12.27778
v 12.63889 0.00000 12.27778
v 13.00000 0.00000 12.27778
v -13.00000 0.00000 12.63889
v -12.63889 0.00000 12.63889
v -12.27778 0.00000 12.63889
v -11.91667 0.00000 12.63889
v -11.55556 0.00000 12.63889
v -11.19444 0.00000 12.63889
v -10.83333 0.00000 12.63889
v -10.47222 0.00000 12.63889
v -10.11111 0.00000 12.63889
v -9.75000 0.00000 12.63889
v -9.38889 0.00000 12.63889
v -9.02778 0.00000 12.63889
v -8.66667 0.00000 12.63889
v -8.30556 0.00000 12.63889
v -7.94444 0.00000 12.63889
v -7.58333 0.00000 12.63889
v -7.22222 0.00000 12.63889
v -6.86111 0.00000 12.63889
v -6.50000 0.00000 12.63889
v -6.13889 0.00000 12.63889
v -5.77778 0.00000 12.63889
v -5.41667 0.00000 12.63889
v -5.05556 0.00000 12.63889
v -4.69444 0.00000 12.63889
v -4.33333 0.00000 12.63889
v -3.97222 0.00000 12.63889
v -3.61111 0.00000 12.63889
v -3.25000 0.00000 12.63889
v -2.88889 0.00000 12.63889
v -2.52778 0.00000 12.63889
v -2.16667 0.00000 12.63889
v -1.80556 0.00000 12.63889
v -1.44444 0.00000 12.63889
v -1.08333 0.00000 12.63889
v -0.72222 0.00000 12.63889
v -0.36111 0.00000 12.63889
v 0.00000 0.00000 12.63889
v 0.36111 0.00000 12.63889
v 0.72222 0.00000 12.63889
v 1.08333 0.00000 12.63889
v 1.44444 0.00000 12.63889
v 1.80556 0.00000 12.63889
v 2.16667 0.00000 12.63889
v 2.52778 0.00000 12.63889
v 2.88889 0.00000 12.63889
v 3.25000 0.00000 12.63889
v 3.61111 0.00000 12.63889
v 3.97222 0.00000 12.63889
v 4.33333 0.00000 12.63889
v 4.69444 0.00000 12.63889
v 5.05556 0.00000 12.63889
v 5.41667 0.00000 12.63889
v 5.77778 0.00000 12.63889
v 6.13889 0.00000 12.63889
v 6.50000 0.00000 12.63889
v 6.86111 0.00000 12.63889
v 7.22222 0.00000 12.63889
v 7.58333 0.00000 12.63889
v 7.94444 0.00000 12.63889
v 8.30556 0.00000 12.63889
v 8.66667 0.00000 12.63889
v 9.02778 0.00000 12.63889
v 9.38889 0.00000 12.63889
v 9.75000 0.00000 12.63889
v 10.11111 0.00000 12.63889
v 10.47222 0.00000 12.63889
v 10.83333 0.00000 12.63889
v 11.19444 0.00000 12.63889
v 11.55556 0.00000 12.63889
v 11.91667 0.00000 12.63889
v 12.27778 0.00000 12.63889
v 12.63889 0.00000 12.63889
v 13.00000 0.00000 12.63889
v -13.00000 0.00000 13.00000
v -12.63889 0.00000 13.00000
v -12.27778 0.00000 13.00000
v -11.91667 0.00000 13.00000
v -11.55556 0.00000 13.00000
v -11.19444 0.00000 13.00000
v -10.83333 0.00000 13.00000
v -10.47222 0.00000 13.00000
v -10.11111 0.00000 13.00000
v -9.75000 0.00000 13.00000
v -9.38889 0.00000 13.00000
v -9.02778 0.00000 13.00000
v -8.66667 0.00000 13.00000
v -8.30556 0.00000 13.00000
v -7.94444 0.00000 13.00000
v -7.58333 0.00000 13.00000
v -7.22222 0.00000 13.00000
v -6.86111 0.00000 13.00000
v -6.50000 0.00000 13.00000
v -6.13889 0.00000 13.00000
v -5.77778 0.00000 13.00000
v -5.41667 0.00000 13.00000
v -5.05556 0.00000 13.00000
v -4.69444 0.00000 13.00000
v -4.33333 0.00000 13.00000
v -3.97222 0.00000 13.00000
v -3.61111 0.00000 13.00000
v -3.25000 0.00000 13.00000
v -2.88889 0.00000 13.00000
v -2.52778 0.00000 13.00000
v -2.16667 0.00000 13.00000
v -1.80556 0.00000 13.00000
v -1.44444 0.00000 13.00000
v -1.08333 0.00000 13.00000
v -0.72222 0.00000 13.00000
v -0.36111 0.00000 13.00000
v 0.00000 0.00000 13.00000
v 0.36111 0.00000 13.00000
v 0.72222 0.00000 13.00000
v 1.08333 0.00000 13.00000
v 1.44444 0.00000 13.00000
v 1.80556 0.00000 13.00000
v 2.16667 0.00000 13.00000
v 2.52778 0.00000 13.00000
v 2.88889 0.00000 13.00000
v 3.25000 0.00000 13.00000
v 3.61111 0.00000 13.00000
v 3.97222 0.00000 13.00000
v 4.33333 0.00000 13.00000
v 4.69444 0.00000 13.00000
v 5.05556 0.00000 13.00000
v 5.41667 0.00000 13.00000
v 5.77778 0.00000 13.00000
v 6.13889 0.00000 13.00000
v 6.50000 0.00000 13.00000
v 6.86111 0.00000 13.00000
v 7.22222 0.00000 13.00000
v 7.58333 0.00000 13.00000
v 7.94444 0.00000 13.00000
v 8.30556 0.00000 13.00000
v 8.66667 0.00000 13.00000
v 9.02778 0.00000 13.00000
v 9.38889 0.00000 13.00000
v 9.75000 0.00000 13.00000
v 10.11111 0.00000 13.00000
v 10.47222 0.00000 13.00000
v 10.83333 0.00000 13.00000
v 11.19444 0.00000 13.00000
v 11.55556 0.00000 13.00000
v 11.91667 0.00000 13.00000
v 12.27778 0.00000 13.00000
v 12.63889 0.00000 13.00000
v 13.00000 0.00000 13.00000
f 1 2 4
f 1 4 3
f 2 5 6
f 2 6 4
f 5 7 8
f 5 8 6
f 7 9 10
f 7 10 8
f 9 11 12
f 9 12 10
f 11 13 14
f 11 14 12
f 13 15 16
f 13 16 14
f 15 17 18
f 15 18 16
f 17 19 20
f 17 20 18
f 19 21 22
f 19 22 20
f 21 23 24
f 21 24 22
f 23 25 26
f 23 26 24
f 25 27 28
f 25 28 26
f 27 29 30
f 27 30 28
f 29 31 32
f 29 32 30
f 31 33 34
f 31 34 32
f 33 35 36
f 33 36 34
f 35 37 38
f 35 38 36
f 37 39 40
f 37 40 38
f 39 41 42
f 39 42 40
f 41 43 44
f 41 44 42
f 43 45 46
f 43 46 44
f 45 47 48
f 45 48 46
f 47 49 50
f 47 50 48
f 49 51 52
f 49 52 50
f 51 53 54
f 51 54 52
f 53 55 56
f 53 56 54
f 55 57 58
f 55 58 56
f 57 59 60
f 57 60 58
f 59 61 62
f 59 62 60
f 61 63 64
f 61 64 62
f 63 65 66
f 63 66 64
f 65 67 68
f 65 68 66
f 67 69 70
f 67 70 68
f 69 71 72
f 69 72 70
f 71 73 74
f 71 74 72
f 73 75 76
f 73 76 74
f 75 77 78
f 75 78 76
f 77 79 80
f 77 80 78
f 79 81 82
f 79 82 80
f 81 83 84
f 81 84 82
f 83 85 86
f 83 86 84
f 85 87 88
f 85 88 86
f 87 89 90
f 87 90 88
f 89 91 92
f 89 92 90
f 91 93 94
f 91 94 92
f 93 95 96
f 93 96 94
f 95 97 98
f 95 98 96
f 97 99 100
f 97 100 98
f 99 101 102
f 99 102 100
f 101 103 104
f 101 104 102
f 103 105 106
f 103 106 104
f 105 107 108
f 105 108 106
f 107 109 110
f 107 110 108
f 109 111 112
f 109 112 110
f 111 113 114
f 111 114 112
f 113 115 116
f 113 116 114
f 115 117 118
f 115 118 116
f 117 119 120
f 117 120 118
f 119 121 122
f 119 122 120
f 121 123 124
f 121 124 122
f 123 125 126
f 123 126 124
f 125 127 128
f 125 128 126
f 127 129 130
f 127 130 128
f 129 131 132
f 129 132 130
f 131 133 134
f 131 134 132
f 133 135 136
f 133 136 134
f 135 137 138
f 135 138 136
f 137 139 140
f 137 140 138
f 139 141 142
f 139 142 140
f 141 143 144
f 141 144 142
f 143 145 146
f 143 146 144
f 3 4 148
f 3 148 147
f 4 6 149
f 4 149 148
f 6 8 150
f 6 150 149
f 8 10 151
f 8 151 150
f 10 12 152
f 10 152 151
f 12 14 153
f 12 153 152
f 14 16 154
f 14 154 153
f 16 18 155
f 16 155 154
f 18 20 156
f 18 156 155
f 20 22 157
f 20 157 156
f 22 24 158
f 22 158 157
f 24 26 159
f 24 159 158
f 26 28 160
f 26 160 159
f 28 30 161
f 28 161 160
f 30 32 162
f 30 162 161
f 32 34 163
f 32 163 162
f 34 36 164
f 34 164 163
f 36 38 165
f 36 165 164
f 38 40 166
f 38 166 165
f 40 42 167
f 40 167 166
f 42 44 168
f 42 168 167
f 44 46 169
f 44 169 168
f 46 48 170
f 46 170 169
f 48 50 171
f 48 171 170
f 50 52 172
f 50 172 171
f 52 54 173
f 52 173 172
f 54 56 174
f 54 174 173
f 56 58 175
f 56 175 174
f 58 60 176
f 58 176 175
f 60 62 177
f 60 177 176
f 62 64 178
f 62 178 177
f 64 66 179
f 64 179 178
f 66 68 180
f 66 180 179
f 68 70 181
f 68 181 180
f 70 72 182
f 70 182 181
f 72 74 183
f 72 183 182
f 74 76 184
f 74 184 183
f 76 78 185
f 76 185 184
f 78 80 186
f 78 186 185
f 80 82 187
f 80 187 186
f 82 84 188
f 82 188 187
f 84 86 189
f 84 189 188
f 86 88 190
f 86 190 189
f 88 90 191
f 88 191 190
f 90 92 192
f 90 192 191
f 92 94 193
f 92 193 192
f 94 96 194
f 94 194 193
f 96 98 195
f 96 195 194
f 98 100 196
f 98 196 195
f 100 102 197
f 100 197 196
f 102 104 198
f 102 198 197
f 104 106 199
f 104 199 198
f 106 108 200
f 106 200 199
f 108 110 201
f 108 201 200
f 110 112 202
f 110 202 201
f 112 114 203
f 112 203 202
f 114 116 204
f 114 204 203
f 116 118 205
f 116 205 204
f 118 120 206
f 118 206 205
f 120 122 207
f 120 207 206
f 122 124 208
f 122 208 207
f 124 126 209
f 124 209 208
f 126 128 210
f 126 210 209
f 128 130 211
f 128 211 210
f 130 132 212
f 130 212 211
f 132 134 213
f 132 213 212
f 134 136 214
f 134 214 213
f 136 138 215
f 136 215 214
f 138 140 216
f 138 216 215
f 140 142 217
f 140 217 216
f 142 144 218
f 142 218 217
f 144 146 219
f 144 219 218
f 147 148 221
f 147 221 220
f 148 149 222
f 148 222 221
f 149 150 223
f 149 223 222
f 150 151 224
f 150 224 223
f 151 152 225
f 151 225 224
f 152 153 226
f 152 226 225
f 153 154 227
f 153 227 226
f 154 155 228
f 154 228 227
f 155 156 229
f 155 229 228
f 156 157 230
f 156 230 229
f 157 158 231
f 157 231 230
f 158 159 232
f 158 232 231
f 159 160 233
f 159 233 232
f 160 161 234
f 160 234 233
f 161 162 235
f 161 235 234
f 162 163 236
f 162 236 235
f 163 164 237
f 163 237 236
f 164 165 238
f 164 238 237
f 165 166 239
f 165 239 238
f 166 167 240
f 166 240 239
f 167 168 241
f 167 241 240
f 168 169 242
f 168 242 241
f 169 170 243
f 169 243 242
f 170 171 244
f 170 244 243
f 171 172 245
f 171 245 244
f 172 173 246
f 172 246 245
f 173 174 247
f 173 247 246
f 174 175 248
f 174 248 247
f 175 176 249
f 175 249 248
f 176 177 250
f 176 250 249
f 177 178 251
f 177 251 250
f 178 179 252
f 178 252 251
f 179 180 253
f 179 253 252
f 180 181 254
f 180 254 253
f 181 182 255
f 181 255 254
f 182 183 256
f 182 256 255
f 183 184 257
f 183 257 256
f 184 185 258
f 184 258 257
f 185 186 259
f 185 259 258
f 186 187 260
f 186 260 259
f 187 188 261
f 187 261 260
f 188 189 262
f 188 262 261
f 189 190 263
f 189 263 262
f 190 191 264
f 190 264 263
f 191 192 265
f 191 265 264
f 192 193 266
f 192 266 265
f 193 194 267
f 193 267 266
f 194 195 268
f 194 268 267
f 195 196 269
f 195 269 268
f 196 197 270
f 196 270 269
f 197 198 271
f 197 271 270
f 198 199 272
f 198 272 271
f 199 200 273
f 199 273 272
f 200 201 274
f 200 274 273
f 201 202 275
f 201 275 274
f 202 203 276
f 202 276 275
f 203 204 277
f 203 277 276
f 204 205 278
f 204 278 277
f 205 206 279
f 205 279 278
f 206 207 280
f 206 280 279
f 207 208 281
f 207 281 280
f 208 209 282
f 208 282 281
f 209 210 283
f 209 283 282
f 210 211 284
f 210 284 283
f 211 212 285
f 211 285 284
f 212 213 286
f 212 286 285
f 213 214 287
f 213 287 286
f 214 215 288
f 214 288 287
f 215 216 289
f 215 289 288
f 216 217 290
f 216 290 289
f 217 218 291
f 217 291 290
f 218 219 292
f 218 292 291
f 220 221 294
f 220 294 293
f 221 222 295
f 221 295 294
f 222 223 296
f 222 296 295
f 223 224 297
f 223 297 296
f 224 225 298
f 224 298 297
f 225 226 299
f 225 299 298
f 226 227 300
f 226 300 299
f 227 228 301
f 227 301 300
f 228 229 302
f 228 302 301
f 229 230 303
f 229 303 302
f 230 231 304
f 230 304 303
f 231 232 305
f 231 305 304
f 232 233 306
f 232 306 305
f 233 234 307
f 233 307 306
f 234 235 308
f 234 308 307
f 235 236 309
f 235 309 308
f 236 237 310
f 236 310 309
f 237 238 311
f 237 311 310
f 238 239 312
f 238 312 311
f 239 240 313
f 239 313 312
f 240 241 314
f 240 314 313
f 241 242 315
f 241 315 314
f 242 243 316
f 242 316 315
f 243 244 317
f 243 317 316
f 244 245 318
f 244 318 317
f 245 246 319
f 245 319 318
f 246 247 320
f 246 320 319
f 247 248 321
f 247 321 320
f 248 249 322
f 248 322 321
f 249 250 323
f 249 323 322
f 250 251 324
f 250 324 323
f 251 252 325
f 251 325 324
f 252 253 326
f 252 326 325
f 253 254 327
f 253 327 326
f 254 255 328
f 254 328 327
f 255 256 329
f 255 329 328
f 256 257 330
f 256 330 329
f 257 258 331
f 257 331 330
f 258 259 332
f 258 332 331
f 259 260 333
f 259 333 332
f 260 261 334
f 260 334 333
f 261 262 335
f 261 335 334
f 262 263 336
f 262 336 335
f 263 264 337
f 263 337 336
f 264 265 338
f 264 338 337
f 265 266 339
f 265 339 338
f 266 267 340
f 266 340 339
f 267 268 341
f 267 341 340
f 268 269 342
f 268 342 341
f 269 270 343
f 269 343 342
f 270 271 344
f 270 344 343
f 271 272 345
f 271 345 344
f 272 273 346
f 272 346 345
f 273 274 347
f 273 347 346
f 274 275 348
f 274 348 347
f 275 276 349
f 275 349 348
f 276 277 350
f 276 350 349
f 277 278 351
f 277 351 350
f 278 279 352
f 278 352 351
f 279 280 353
f 279 353 352
f 280 281 354
f 280 354 353
f 281 282 355
f 281 355 354
f 282 283 356
f 282 356 355
f 283 284 357
f 283 357 356
f 284 285 358
f 284 358 357
f 285 286 359
f 285 359 358
f 286 287 360
f 286 360 359
f 287 288 361
f 287 361 360
f 288 289 362
f 288 362 361
f 289 290 363
f 289 363 362
f 290 291 364
f 290 364 363
f 291 292 365
f 291 365 364
f 293 294 367
f 293 367 366
f 294 295 368
f 294 368 367
f 295 296 369
f 295 369 368
f 296 297 370
f 296 370 369
f 297 298 371
f 297 371 370
f 298 299 372
f 298 372 371
f 299 300 373
f 299 373 372
f 300 301 374
f 300 374 373
f 301 302 375
f 301 375 374
f 302 303 376
f 302 376 375
f 303 304 377
f 303 377 376
f 304 305 378
f 304 378 377
f 305 306 379
f 305 379 378
f 306 307 380
f 306 380 379
f 307 308 381
f 307 381 380
f 308 309 382
f 308 382 381
f 309 310 383
f 309 383 382
f 310 311 384
f 310 384 383
f 311 312 385
f 311 385 384
f 312 313 386
f 312 386 385
f 313 314 387
f 313 387 386
f 314 315 388
f 314 388 387
f 315 316 389
f 315 389 388
f 316 317 390
f 316 390 389
f 317 318 391
f 317 391 390
f 318 319 392
f 318 392 391
f 319 320 393
f 319 393 392
f 320 321 394
f 320 394 393
f 321 322 395
f 321 395 394
f 322 323 396
f 322 396 395
f 323 324 397
f 323 397 396
f 324 325 398
f 324 398 397
f 325 326 399
f 325 399 398
f 326 327 400
f 326 400 399
f 327 328 401
f 327 401 400
f 328 329 402
f 328 402 401
f 329 330 403
f 329 403 402
f 330 331 404
f 330 404 403
f 331 332 405
f 331 405 404
f 332 333 406
f 332 406 405
f 333 334 407
f 333 407 406
f 334 335 408
f 334 408 407
f 335 336 409
f 335 409 408
f 336 337 410
f 336 410 409
f 337 338 411
f 337 411 410
f 338 339 412
f 338 412 411
f 339 340 413
f 339 413 412
f 340 341 414
f 340 414 413
f 341 342 415
f 341 415 414
f 342 343 416
f 342 416 415
f 343 344 417
f 343 417 416
f 344 345 418
f 344 418 417
f 345 346 419
f 345 419 418
f 346 347 420
f 346 420 419
f 347 348 421
f 347 421 420
f 348 349 422
f 348 422 421
f 349 350 423
f 349 423 422
f 350 351 424
f 350 424 423
f 351 352 425
f 351 425 424
f 352 353 426
f 352 426 425
f 353 354 427
f 353 427 426
f 354 355 428
f 354 428 427
f 355 356 429
f 355 429 428
f 356 357 430
f 356 430 429
f 357 358 431
f 357 431 430
f 358 359 432
f 358 432 431
f 359 360 433
f 359 433 432
f 360 361 434
f 360 434 433
f 361 362 435
f 361 435 434
f 362 363 436
f 362 436 435
f 363 364 437
f 363 437 436
f 364 365 438
f 364 438 437
f 366 367 440
f 366 440 439
f 367 368 441
f 367 441 440
f 368 369 442
f 368 442 441
f 369 370 443
f 369 443 442
f 370 371 444
f 370 444 443
f 371 372 445
f 371 445 444
f 372 373 446
f 372 446 445
f 373 374 447
f 373 447 446
f 374 375 448
f 374 448 447
f 375 376 449
f 375 449 448
f 376 377 450
f 376 450 449
f 377 378 451
f 377 451 450
f 378 379 452
f 378 452 451
f 379 380 453
f 379 453 452
f 380 381 454
f 380 454 453
f 381 382 455
f 381 455 454
f 382 383 456
f 382 456 455
f 383 384 457
f 383 457 456
f 384 385 458
f 384 458 457
f 385 386 459
f 385 459 458
f 386 387 460
f 386 460 459
f 387 388 461
f 387 461 460
f 388 389 462
f 388 462 461
f 389 390 463
f 389 463 462
f 390 391 464
f 390 464 463
f 391 392 465
f 391 465 464
f 392 393 466
f 392 466 465
f 393 394 467
f 393 467 466
f 394 395 468
f 394 468 467
f 395 396 469
f 395 469 468
f 396 397 470
f 396 470 469
f 397 398 471
f 397 471 470
f 398 399 472
f 398 472 471
f 399 400 473
f 399 473 472
f 400 401 474
f 400 474 473
f 401 402 475
f 401 475 474
f 402 403 476
f 402 476 475
f 403 404 477
f 403 477 476
f 404 405 478
f 404 478 477
f 405 406 479
f 405 479 478
f 406 407 480
f 406 480 479
f 407 408 481
f 407 481 480
f 408 409 482
f 408 482 481
f 409 410 483
f 409 483 482
f 410 411 484
f 410 484 483
f 411 412 485
f 411 485 484
f 412 413 486
f 412 486 485
f 413 414 487
f 413 487 486
f 414 415 488
f 414 488 487
f 415 416 489
f 415 489 488
f 416 417 490
f 416 490 489
f 417 418 491
f 417 491 490
f 418 419 492
f 418 492 491
f 419 420 493
f 419 493 492
f 420 421 494
f 420 494 493
f 421 422 495
f 421 495 494
f 422 423 496
f 422 496 495
f 423 424 497
f 423 497 496
f 424 425 498
f 424 498 497
f 425 426 499
f 425 499 498
f 426 427 500
f 426 500 499
f 427 428 501
f 427 501 500
f 428 429 502
f 428 502 501
f 429 430 503
f 429 503 502
f 430 431 504
f 430 504 503
f 431 432 505
f 431 505 504
f 432 433 506
f 432 506 505
f 433 434 507
f 433 507 506
f 434 435 508
f 434 508 507
f 435 436 509
f 435 509 508
f 436 437 510
f 436 510 509
f 437 438 511
f 437 511 510
f 439 440 513
f 439 513 512
f 440 441 514
f 440 514 513
f 441 442 515
f 441 515 514
f 442 443 516
f 442 516 515
f 443 444 517
f 443 517 516
f 444 445 518
f 444 518 517
f 445 446 519
f 445 519 518
f 446 447 520
f 446 520 519
f 447 448 521
f 447 521 520
f 448 449 522
f 448 522 521
f 449 450 523
f 449 523 522
f 450 451 524
f 450 524 523
f 451 452 525
f 451 525 524
f 452 453 526
f 452 526 525
f 453 454 527
f 453 527 526
f 454 455 528
f 454 528 527
f 455 456 529
f 455 529 528
f 456 457 530
f 456 530 529
f 457 458 531
f 457 531 530
f 458 459 532
f 458 532 531
f 459 460 533
f 459 533 532
f 460 461 534
f 460 534 533
f 461 462 535
f 461 535 534
f 462 463 536
f 462 536 535
f 463 464 537
f 463 537 536
f 464 465 538
f 464 538 537
f 465 466 539
f 465 539 538
f 466 467 540
f 466 540 539
f 467 468 541
f 467 541 540
f 468 469 542
f 468 542 541
f 469 470 543
f 469 543 542
f 470 471 544
f 470 544 543
f 471 472 545
f 471 545 544
f 472 473 546
f 472 546 545
f 473 474 547
f 473 547 546
f 474 475 548
f 474 548 547
f 475 476 549
f 475 549 548
f 476 477 550
f 476 550 549
f 477 478 551
f 477 551 550
f 478 479 552
f 478 552 551
f 479 480 553
f 479 553 552
f 480 481 554
f 480 554 553
f 481 482 555
f 481 555 554
f 482 483 556
f 482 556 555
f 483 484 557
f 483 557 556
f 484 485 558
f 484 558 557
f 485 486 559
f 485 559 558
f 486 487 560
f 486 560 559
f 487 488 561
f 487 561 560
f 488 489 562
f 488 562 561
f 489 490 563
f 489 563 562
f 490 491 564
f 490 564 563
f 491 492 565
f 491 565 564
f 492 493 566
f 492 566 565
f 493 494 567
f 493 567 566
f 494 495 568
f 494 568 567
f 495 496 569
f 495 569 568
f 496 497 570
f 496 570 569
f 497 498 571
f 497 571 570
f 498 499 572
f 498 572 571
f 499 500 573
f 499 573 572
f 500 501 574
f 500 574 573
f 501 502 575
f 501 575 574
f 502 503 576
f 502 576 575
f 503 504 577
f 503 577 576
f 504 505 578
f 504 578 577
f 505 506 579
f 505 579 578
f 506 507 580
f 506 580 579
f 507 508 581
f 507 581 580
f 508 509 582
f 508 582 581
f 509 510 583
f 509 583 582
f 510 511 584
f 510 584 583
f 512 513 586
f 512 586 585
f 513 514 587
f 513 587 586
f 514 515 588
f 514 588 587
f 515 516 589
f 515 589 588
f 516 517 590
f 516 590 589
f 517 518 591
f 517 591 590
f 518 519 592
f 518 592 591
f 519 520 593
f 519 593 592
f 520 521 594
f 520 594 593
f 521 522 595
f 521 595 594
f 522 523 596
f 522 596 595
f 523 524 597
f 523 597 596
f 524 525 598
f 524 598 597
f 525 526 599
f 525 599 598
f 526 527 600
f 526 600 599
f 527 528 601
f 527 601 600
f 528 529 602
f 528 602 601
f 529 530 603
f 529 603 602
f 530 531 604
f 530 604 603
f 531 532 605
f 531 605 604
f 532 533 606
f 532 606 605
f 533 534 607
f 533 607 606
f 534 535 608
f 534 608 607
f 535 536 609
f 535 609 608
f 536 537 610
f 536 610 609
f 537 538 611
f 537 611 610
f 538 539 612
f 538 612 611
f 539 540 613
f 539 613 612
f 540 541 614
f 540 614 613
f 541 542 615
f 541 615 614
f 542 543 616
f 542 616 615
f 543 544 617
f 543 617 616
f 544 545 618
f 544 618 617
f 545 546 619
f 545 619 618
f 546 547 620
f 546 620 619
f 547 548 621
f 547 621 620
f 548 549 622
f 548 622 621
f 549 550 623
f 549 623 622
f 550 551 624
f 550 624 623
f 551 552 625
f 551 625 624
f 552 553 626
f 552 626 625
f 553 554 627
f 553 627 626
f 554 555 628
f 554 628 627
f 555 556 629
f 555 629 628
f 556 557 630
f 556 630 629
f 557 558 631
f 557 631 630
f 558 559 632
f 558 632 631
f 559 560 633
f 559 633 632
f 560 561 634
f 560 634 633
f 561 562 635
f 561 635 634
f 562 563 636
f 562 636 635
f 563 564 637
f 563 637 636
f 564 565 638
f 564 638 637
f 565 566 639
f 565 639 638
f 566 567 640
f 566 640 639
f 567 568 641
f 567 641 640
f 568 569 642
f 568 642 641
f 569 570 643
f 569 643 642
f 570 571 644
f 570 644 643
f 571 572 645
f 571 645 644
f 572 573 646
f 572 646 645
f 573 574 647
f 573 647 646
f 574 575 648
f 574 648 647
f 575 576 649
f 575 649 648
f 576 577 650
f 576 650 649
f 577 578 651
f 577 651 650
f 578 579 652
f 578 652 651
f 579 580 653
f 579 653 652
f 580 581 654
f 580 654 653
f 581 582 655
f 581 655 654
f 582 583 656
f 582 656 655
f 583 584 657
f 583 657 656
f 585 586 659
f 585 659 658
f 586 587 660
f 586 660 659
f 587 588 661
f 587 661 660
f 588 589 662
f 588 662 661
f 589 590 663
f 589 663 662
f 590 591 664
f 590 664 663
f 591 592 665
f 591 665 664
f 592 593 666
f 592 666 665
f 593 594 667
f 593 667 666
f 594 595 668
f 594 668 667
f 595 596 669
f 595 669 668
f 596 597 670
f 596 670 669
f 597 598 671
f 597 671 670
f 598 599 672
f 598 672 671
f 599 600 673
f 599 673 672
f 600 601 674
f 600 674 673
f 601 602 675
f 601 675 674
f 602 603 676
f 602 676 675
f 603 604 677
f 603 677 676
f 604 605 678
f 604 678 677
f 605 606 679
f 605 679 678
f 606 607 680
f 606 680 679
f 607 608 681
f 607 681 680
f 608 609 682
f 608 682 681
f 609 610 683
f 609 683 682
f 610 611 684
f 610 684 683
f 611 612 685
f 611 685 684
f 612 613 686
f 612 686 685
f 613 614 687
f 613 687 686
f 614 615 688
f 614 688 687
f 615 616 689
f 615 689 688
f 616 617 690
f 616 690 689
f 617 618 691
f 617 691 690
f 618 619 692
f 618 692 691
f 619 620 693
f 619 693 692
f 620 621 694
f 620 694 693
f 621 622 695
f 621 695 694
f 622 623 696
f 622 696 695
f 623 624 697
f 623 697 696
f 624 625 698
f 624 698 697
f 625 626 699
f 625 699 698
f 626 627 700
f 626 700 699
f 627 628 701
f 627 701 700
f 628 629 702
f 628 702 701
f 629 630 703
f 629 703 702
f 630 631 704
f 630 704 703
f 631 632 705
f 631 705 704
f 632 633 706
f 632 706 705
f 633 634 707
f 633 707 706
f 634 635 708
f 634 708 707
f 635 636 709
f 635 709 708
f 636 637 710
f 636 710 709
f 637 638 711
f 637 711 710
f 638 639 712
f 638 712 711
f 639 640 713
f 639 713 712
f 640 641 714
f 640 714 713
f 641 642 715
f 641 715 714
f 642 643 716
f 642 716 715
f 643 644 717
f 643 717 716
f 644 645 718
f 644 718 717
f 645 646 719
f 645 719 718
f 646 647 720
f 646 720 719
f 647 648 721
f 647 721 720
f 648 649 722
f 648 722 721
f 649 650 723
f 649 723 722
f 650 651 724
f 650 724 723
f 651 652 725
f 651 725 724
f 652 653 726
f 652 726 725
f 653 654 727
f 653 727 726
f 654 655 728
f 654 728 727
f 655 656 729
f 655 729 728
f 656 657 730
f 656 730 729
f 658 659 732
f 658 732 731
f 659 660 733
f 659 733 732
f 660 661 734
f 660 734 733
f 661 662 735
f 661 735 734
f 662 663 736
f 662 736 735
f 663 664 737
f 663 737 736
f 664 665 738
f 664 738 737
f 665 666 739
f 665 739 738
f 666 667 740
f 666 740 739
f 667 668 741
f 667 741 740
f 668 669 742
f 668 742 741
f 669 670 743
f 669 743 742
f 670 671 744
f 670 744 743
f 671 672 745
f 671 745 744
f 672 673 746
f 672 746 745
f 673 674 747
f 673 747 746
f 674 675 748
f 674 748 747
f 675 676 749
f 675 749 748
f 676 677 750
f 676 750 749
f 677 678 751
f 677 751 750
f 678 679 752
f 678 752 751
f 679 680 753
f 679 753 752
f 680 681 754
f 680 754 753
f 681 682 755
f 681 755 754
f 682 683 756
f 682 756 755
f 683 684 757
f 683 757 756
f 684 685 758
f 684 758 757
f 685 686 759
f 685 759 758
f 686 687 760
f 686 760 759
f 687 688 761
f 687 761 760
f 688 689 762
f 688 762 761
f 689 690 763
f 689 763 762
f 690 691 764
f 690 764 763
f 691 692 765
f 691 765 764
f 692 693 766
f 692 766 765
f 693 694 767
f 693 767 766
f 694 695 768
f 694 768 767
f 695 696 769
f 695 769 768
f 696 697 770
f 696 770 769
f 697 698 771
f 697 771 770
f 698 699 772
f 698 772 771
f 699 700 773
f 699 773 772
f 700 701 774
f 700 774 773
f 701 702 775
f 701 775 774
f 702 703 776
f 702 776 775
f 703 704 777
f 703 777 776
f 704 705 778
f 704 778 777
f 705 706 779
f 705 779 778
f 706 707 780
f 706 780 779
f 707 708 781
f 707 781 780
f 708 709 782
f 708 782 781
f 709 710 783
f 709 783 782
f 710 711 784
f 710 784 783
f 711 712 785
f 711 785 784
f 712 713 786
f 712 786 785
f 713 714 787
f 713 787 786
f 714 715 788
f 714 788 787
f 715 716 789
f 715 789 788
f 716 717 790
f 716 790 789
f 717 718 791
f 717 791 790
f 718 719 792
f 718 792 791
f 719 720 793
f 719 793 792
f 720 721 794
f 720 794 793
f 721 722 795
f 721 795 794
f 722 723 796
f 722 796 795
f 723 724 797
f 723 797 796
f 724 725 798
f 724 798 797
f 725 726 799
f 725 799 798
f 726 727 800
f 726 800 799
f 727 728 801
f 727 801 800
f 728 729 802
f 728 802 801
f 729 730 803
f 729 803 802
f 731 732 805
f 731 805 804
f 732 733 806
f 732 806 805
f 733 734 807
f 733 807 806
f 734 735 808
f 734 808 807
f 735 736 809
f 735 809 808
f 736 737 810
f 736 810 809
f 737 738 811
f 737 811 810
f 738 739 812
f 738 812 811
f 739 740 813
f 739 813 812
f 740 741 814
f 740 814 813
f 741 742 815
f 741 815 814
f 742 743 816
f 742 816 815
f 743 744 817
f 743 817 816
f 744 745 818
f 744 818 817
f 745 746 819
f 745 819 818
f 746 747 820
f 746 820 819
f 747 748 821
f 747 821 820
f 748 749 822
f 748 822 821
f 749 750 823
f 749 823 822
f 750 751 824
f 750 824 823
f 751 752 825
f 751 825 824
f 752 753 826
f 752 826 825
f 753 754 827
f 753 827 826
f 754 755 828
f 754 828 827
f 755 756 829
f 755 829 828
f 756 757 830
f 756 830 829
f 757 758 831
f 757 831 830
f 758 759 832
f 758 832 831
f 759 760 833
f 759 833 832
f 760 761 834
f 760 834 833
f 761 762 835
f 761 835 834
f 762 763 836
f 762 836 835
f 763 764 837
f 763 837 836
f 764 765 838
f 764 838 837
f 765 766 839
f 765 839 838
f 766 767 840
f 766 840 839
f 767 768 841
f 767 841 840
f 768 769 842
f 768 842 841
f 769 770 843
f 769 843 842
f 770 771 844
f 770 844 843
f 771 772 845
f 771 845 844
f 772 773 846
f 772 846 845
f 773 774 847
f 773 847 846
f 774 775 848
f 774 848 847
f 775 776 849
f 775 849 848
f 776 777 850
f 776 850 849
f 777 778 851
f 777 851 850
f 778 779 852
f 778 852 851
f 779 780 853
f 779 853 852
f 780 781 854
f 780 854 853
f 781 782 855
f 781 855 854
f 782 783 856
f 782 856 855
f 783 784 857
f 783 857 856
f 784 785 858
f 784 858 857
f 785 786 859
f 785 859 858
f 786 787 860
f 786 860 859
f 787 788 861
f 787 861 860
f 788 789 862
f 788 862 861
f 789 790 863
f 789 863 862
f 790 791 864
f 790 864 863
f 791 792 865
f 791 865 864
f 792 793 866
f 792 866 865
f 793 794 867
f 793 867 866
f 794 795 868
f 794 868 867
f 795 796 869
f 795 869 868
f 796 797 870
f 796 870 869
f 797 798 871
f 797 871 870
f 798 799 872
f 798 872 871
f 799 800 873
f 799 873 872
f 800 801 874
f 800 874 873
f 801 802 875
f 801 875 874
f 802 803 876
f 802 876 875
f 804 805 878
f 804 878 877
f 805 806 879
f 805 879 878
f 806 807 880
f 806 880 879
f 807 808 881
f 807 881 880
f 808 809 882
f 808 882 881
f 809 810 883
f 809 883 882
f 810 811 884
f 810 884 883
f 811 812 885
f 811 885 884
f 812 813 886
f 812 886 885
f 813 814 887
f 813 887 886
f 814 815 888
f 814 888 887
f 815 816 889
f 815 889 888
f 816 817 890
f 816 890 889
f 817 818 891
f 817 891 890
f 818 819 892
f 818 892 891
f 819 820 893
f 819 893 892
f 820 821 894
f 820 894 893
f 821 822 895
f 821 895 894
f 822 823 896
f 822 896 895
f 823 824 897
f 823 897 896
f 824 825 898
f 824 898 897
f 825 826 899
f 825 899 898
f 826 827 900
f 826 900 899
f 827 828 901
f 827 901 900
f 828 829 902
f 828 902 901
f 829 830 903
f 829 903 902
f 830 831 904
f 830 904 903
f 831 832 905
f 831 905 904
f 832 833 906
f 832 906 905
f 833 834 907
f 833 907 906
f 834 835 908
f 834 908 907
f 835 836 909
f 835 909 908
f 836 837 910
f 836 910 909
f 837 838 911
f 837 911 910
f 838 839 912
f 838 912 911
f 839 840 913
f 839 913 912
f 840 841 914
f 840 914 913
f 841 842 915
f 841 915 914
f 842 843 916
f 842 916 915
f 843 844 917
f 843 917 916
f 844 845 918
f 844 918 917
f 845 846 919
f 845 919 918
f 846 847 920
f 846 920 919
f 847 848 921
f 847 921 920
f 848 849 922
f 848 922 921
f 849 850 923
f 849 923 922
f 850 851 924
f 850 924 923
f 851 852 925
f 851 925 924
f 852 853 926
f 852 926 925
f 853 854 927
f 853 927 926
f 854 855 928
f 854 928 927
f 855 856 929
f 855 929 928
f 856 857 930
f 856 930 929
f 857 858 931
f 857 931 930
f 858 859 932
f 858 932 931
f 859 860 933
f 859 933 932
f 860 861 934
f 860 934 933
f 861 862 935
f 861 935 934
f 862 863 936
f 862 936 935
f 863 864 937
f 863 937 936
f 864 865 938
f 864 938 937
f 865 866 939
f 865 939 938
f 866 867 940
f 866 940 939
f 867 868 941
f 867 941 940
f 868 869 942
f 868 942 941
f 869 870 943
f 869 943 942
f 870 871 944
f 870 944 943
f 871 872 945
f 871 945 944
f 872 873 946
f 872 946 945
f 873 874 947
f 873 947 946
f 874 875 948
f 874 948 947
f 875 876 949
f 875 949 948
f 877 878 951
f 877 951 950
f 878 879 952
f 878 952 951
f 879 880 953
f 879 953 952
f 880 881 954
f 880 954 953
f 881 882 955
f 881 955 954
f 882 883 956
f 882 956 955
f 883 884 957
f 883 957 956
f 884 885 958
f 884 958 957
f 885 886 959
f 885 959 958
f 886 887 960
f 886 960 959
f 887 888 961
f 887 961 960
f 888 889 962
f 888 962 961
f 889 890 963
f 889 963 962
f 890 891 964
f 890 964 963
f 891 892 965
f 891 965 964
f 892 893 966
f 892 966 965
f 893 894 967
f 893 967 966
f 894 895 968
f 894 968 967
f 895 896 969
f 895 969 968
f 896 897 970
f 896 970 969
f 897 898 971
f 897 971 970
f 898 899 972
f 898 972 971
f 899 900 973
f 899 973 972
f 900 901 974
f 900 974 973
f 901 902 975
f 901 975 974
f 902 903 976
f 902 976 975
f 903 904 977
f 903 977 976
f 904 905 978
f 904 978 977
f 905 906 979
f 905 979 978
f 906 907 980
f 906 980 979
f 907 908 981
f 907 981 980
f 908 909 982
f 908 982 981
f 909 910 983
f 909 983 982
f 910 911 984
f 910 984 983
f 911 912 985
f 911 985 984
f 912 913 986
f 912 986 985
f 913 914 987
f 913 987 986
f 914 915 988
f 914 988 987
f 915 916 989
f 915 989 988
f 916 917 990
f 916 990 989
f 917 918 991
f 917 991 990
f 918 919 992
f 918 992 991
f 919 920 993
f 919 993 992
f 920 921 994
f 920 994 993
f 921 922 995
f 921 995 994
f 922 923 996
f 922 996 995
f 923 924 997
f 923 997 996
f 924 925 998
f 924 998 997
f 925 926 999
f 925 999 998
f 926 927 1000
f 926 1000 999
f 927 928 1001
f 927 1001 1000
f 928 929 1002
f 928 1002 1001
f 929 930 1003
f 929 1003 1002
f 930 931 1004
f 930 1004 1003
f 931 932 1005
f 931 1005 1004
f 932 933 1006
f 932 1006 1005
f 933 934 1007
f 933 1007 1006
f 934 935 1008
f 934 1008 1007
f 935 936 1009
f 935 1009 1008
f 936 937 1010
f 936 1010 1009
f 937 938 1011
f 937 1011 1010
f 938 939 1012
f 938 1012 1011
f 939 940 1013
f 939 1013 1012
f 940 941 1014
f 940 1014 1013
f 941 942 1015
f 941 1015 1014
f 942 943 1016
f 942 1016 1015
f 943 944 1017
f 943 1017 1016
f 944 945 1018
f 944 1018 1017
f 945 946 1019
f 945 1019 1018
f 946 947 1020
f 946 1020 1019
f 947 948 1021
f 947 1021 1020
f 948 949 1022
f 948 1022 1021
f 950 951 1024
f 950 1024 1023
f 951 952 1025
f 951 1025 1024
f 952 953 1026
f 952 1026 1025
f 953 954 1027
f 953 1027 1026
f 954 955 1028
f 954 1028 1027
f 955 956 1029
f 955 1029 1028
f 956 957 1030
f 956 1030 1029
f 957 958 1031
f 957 1031 1030
f 958 959 1032
f 958 1032 1031
f 959 960 1033
f 959 1033 1032
f 960 961 1034
f 960 1034 1033
f 961 962 1035
f 961 1035 1034
f 962 963 1036
f 962 1036 1035
f 963 964 1037
f 963 1037 1036
f 964 965 1038
f 964 1038 1037
f 965 966 1039
f 965 1039 1038
f 966 967 1040
f 966 1040 1039
f 967 968 1041
f 967 1041 1040
f 968 969 1042
f 968 1042 1041
f 969 970 1043
f 969 1043 1042
f 970 971 1044
f 970 1044 1043
f 971 972 1045
f 971 1045 1044
f 972 973 1046
f 972 1046 1045
f 973 974 1047
f 973 1047 1046
f 974 975 1048
f 974 1048 1047
f 975 976 1049
f 975 1049 1048
f 976 977 1050
f 976 1050 1049
f 977 978 1051
f 977 1051 1050
f 978 979 1052
f 978 1052 1051
f 979 980 1053
f 979 1053 1052
f 980 981 1054
f 980 1054 1053
f 981 982 1055
f 981 1055 1054
f 982 983 1056
f 982 1056 1055
f 983 984 1057
f 983 1057 1056
f 984 985 1058
f 984 1058 1057
f 985 986 1059
f 985 1059 1058
f 986 987 1060
f 986 1060 1059
f 987 988 1061
f 987 1061 1060
f 988 989 1062
f 988 1062 1061
f 989 990 1063
f 989 1063 1062
f 990 991 1064
f 990 1064 1063
f 991 992 1065
f 991 1065 1064
f 992 993 1066
f 992 1066 1065
f 993 994 1067
f 993 1067 1066
f 994 995 1068
f 994 1068 1067
f 995 996 1069
f 995 1069 1068
f 996 997 1070
f 996 1070 1069
f 997 998 1071
f 997 1071 1070
f 998 999 1072
f 998 1072 1071
f 999 1000 1073
f 999 1073 1072
f 1000 1001 1074
f 1000 1074 1073
f 1001 1002 1075
f 1001 1075 1074
f 1002 1003 1076
f 1002 1076 1075
f 1003 1004 1077
f 1003 1077 1076
f 1004 1005 1078
f 1004 1078 1077
f 1005 1006 1079
f 1005 1079 1078
f 1006 1007 1080
f 1006 1080 1079
f 1007 1008 1081
f 1007 1081 1080
f 1008 1009 1082
f 1008 1082 1081
f 1009 1010 1083
f 1009 1083 1082
f 1010 1011 1084
f 1010 1084 1083
f 1011 1012 1085
f 1011 1085 1084
f 1012 1013 1086
f 1012 1086 1085
f 1013 1014 1087
f 1013 1087 1086
f 1014 1015 1088
f 1014 1088 1087
f 1015 1016 1089
f 1015 1089 1088
f 1016 1017 1090
f 1016 1090 1089
f 1017 1018 1091
f 1017 1091 1090
f 1018 1019 1092
f 1018 1092 1091
f 1019 1020 1093
f 1019 1093 1092
f 1020 1021 1094
f 1020 1094 1093
f 1021 1022 1095
f 1021 1095 1094
f 1023 1024 1097
f 1023 1097 1096
f 1024 1025 1098
f 1024 1098 1097
f 1025 1026 1099
f 1025 1099 1098
f 1026 1027 1100
f 1026 1100 1099
f 1027 1028 1101
f 1027 1101 1100
f 1028 1029 1102
f 1028 1102 1101
f 1029 1030 1103
f 1029 1103 1102
f 1030 1031 1104
f 1030 1104 1103
f 1031 1032 1105
f 1031 1105 1104
f 1032 1033 1106
f 1032 1106 1105
f 1033 1034 1107
f 1033 1107 1106
f 1034 1035 1108
f 1034 1108 1107
f 1035 1036 1109
f 1035 1109 1108
f 1036 1037 1110
f 1036 1110 1109
f 1037 1038 1111
f 1037 1111 1110
f 1038 1039 1112
f 1038 1112 1111
f 1039 1040 1113
f 1039 1113 1112
f 1040 1041 1114
f 1040 1114 1113
f 1041 1042 1115
f 1041 1115 1114
f 1042 1043 1116
f 1042 1116 1115
f 1043 1044 1117
f 1043 1117 1116
f 1044 1045 1118
f 1044 1118 1117
f 1045 1046 1119
f 1045 1119 1118
f 1046 1047 1120
f 1046 1120 1119
f 1047 1048 1121
f 1047 1121 1120
f 1048 1049 1122
f 1048 1122 1121
f 1049 1050 1123
f 1049 1123 1122
f 1050 1051 1124
f 1050 1124 1123
f 1051 1052 1125
f 1051 1125 1124
f 1052 1053 1126
f 1052 1126 1125
f 1053 1054 1127
f 1053 1127 1126
f 1054 1055 1128
f 1054 1128 1127
f 1055 1056 1129
f 1055 1129 1128
f 1056 1057 1130
f 1056 1130 1129
f 1057 1058 1131
f 1057 1131 1130
f 1058 1059 1132
f 1058 1132 1131
f 1059 1060 1133
f 1059 1133 1132
f 1060 1061 1134
f 1060 1134 1133
f 1061 1062 1135
f 1061 1135 1134
f 1062 1063 1136
f 1062 1136 1135
f 1063 1064 1137
f 1063 1137 1136
f 1064 1065 1138
f 1064 1138 1137
f 1065 1066 1139
f 1065 1139 1138
f 1066 1067 1140
f 1066 1140 1139
f 1067 1068 1141
f 1067 1141 1140
f 1068 1069 1142
f 1068 1142 1141
f 1069 1070 1143
f 1069 1143 1142
f 1070 1071 1144
f 1070 1144 1143
f 1071 1072 1145
f 1071 1145 1144
f 1072 1073 1146
f 1072 1146 1145
f 1073 1074 1147
f 1073 1147 1146
f 1074 1075 1148
f 1074 1148 1147
f 1075 1076 1149
f 1075 1149 1148
f 1076 1077 1150
f 1076 1150 1149
f 1077 1078 1151
f 1077 1151 1150
f 1078 1079 1152
f 1078 1152 1151
f 1079 1080 1153
f 1079 1153 1152
f 1080 1081 1154
f 1080 1154 1153
f 1081 1082 1155
f 1081 1155 1154
f 1082 1083 1156
f 1082 1156 1155
f 1083 1084 1157
f 1083 1157 1156
f 1084 1085 1158
f 1084 1158 1157
f 1085 1086 1159
f 1085 1159 1158
f 1086 1087 1160
f 1086 1160 1159
f 1087 1088 1161
f 1087 1161 1160
f 1088 1089 1162
f 1088 1162 1161
f 1089 1090 1163
f 1089 1163 1162
f 1090 1091 1164
f 1090 1164 1163
f 1091 1092 1165
f 1091 1165 1164
f 1092 1093 1166
f 1092 1166 1165
f 1093 1094 1167
f 1093 1167 1166
f 1094 1095 1168
f 1094 1168 1167
f 1096 1097 1170
f 1096 1170 1169
f 1097 1098 1171
f 1097 1171 1170
f 1098 1099 1172
f 1098 1172 1171
f 1099 1100 1173
f 1099 1173 1172
f 1100 1101 1174
f 1100 1174 1173
f 1101 1102 1175
f 1101 1175 1174
f 1102 1103 1176
f 1102 1176 1175
f 1103 1104 1177
f 1103 1177 1176
f 1104 1105 1178
f 1104 1178 1177
f 1105 1106 1179
f 1105 1179 1178
f 1106 1107 1180
f 1106 1180 1179
f 1107 1108 1181
f 1107 1181 1180
f 1108 1109 1182
f 1108 1182 1181
f 1109 1110 1183
f 1109 1183 1182
f 1110 1111 1184
f 1110 1184 1183
f 1111 1112 1185
f 1111 1185 1184
f 1112 1113 1186
f 1112 1186 1185
f 1113 1114 1187
f 1113 1187 1186
f 1114 1115 1188
f 1114 1188 1187
f 1115 1116 1189
f 1115 1189 1188
f 1116 1117 1190
f 1116 1190 1189
f 1117 1118 1191
f 1117 1191 1190
f 1118 1119 1192
f 1118 1192 1191
f 1119 1120 1193
f 1119 1193 1192
f 1120 1121 1194
f 1120 1194 1193
f 1121 1122 1195
f 1121 1195 1194
f 1122 1123 1196
f 1122 1196 1195
f 1123 1124 1197
f 1123 1197 1196
f 1124 1125 1198
f 1124 1198 1197
f 1125 1126 1199
f 1125 1199 1198
f 1126 1127 1200
f 1126 1200 1199
f 1127 1128 1201
f 1127 1201 1200
f 1128 1129 1202
f 1128 1202 1201
f 1129 1130 1203
f 1129 1203 1202
f 1130 1131 1204
f 1130 1204 1203
f 1131 1132 1205
f 1131 1205 1204
f 1132 1133 1206
f 1132 1206 1205
f 1133 1134 1207
f 1133 1207 1206
f 1134 1135 1208
f 1134 1208 1207
f 1135 1136 1209
f 1135 1209 1208
f 1136 1137 1210
f 1136 1210 1209
f 1137 1138 1211
f 1137 1211 1210
f 1138 1139 1212
f 1138 1212 1211
f 1139 1140 1213
f 1139 1213 1212
f 1140 1141 1214
f 1140 1214 1213
f 1141 1142 1215
f 1141 1215 1214
f 1142 1143 1216
f 1142 1216 1215
f 1143 1144 1217
f 1143 1217 1216
f 1144 1145 1218
f 1144 1218 1217
f 1145 1146 1219
f 1145 1219 1218
f 1146 1147 1220
f 1146 1220 1219
f 1147 1148 1221
f 1147 1221 1220
f 1148 1149 1222
f 1148 1222 1221
f 1149 1150 1223
f 1149 1223 1222
f 1150 1151 1224
f 1150 1224 1223
f 1151 1152 1225
f 1151 1225 1224
f 1152 1153 1226
f 1152 1226 1225
f 1153 1154 1227
f 1153 1227 1226
f 1154 1155 1228
f 1154 1228 1227
f 1155 1156 1229
f 1155 1229 1228
f 1156 1157 1230
f 1156 1230 1229
f 1157 1158 1231
f 1157 1231 1230
f 1158 1159 1232
f 1158 1232 1231
f 1159 1160 1233
f 1159 1233 1232
f 1160 1161 1234
f 1160 1234 1233
f 1161 1162 1235
f 1161 1235 1234
f 1162 1163 1236
f 1162 1236 1235
f 1163 1164 1237
f 1163 1237 1236
f 1164 1165 1238
f 1164 1238 1237
f 1165 1166 1239
f 1165 1239 1238
f 1166 1167 1240
f 1166 1240 1239
f 1167 1168 1241
f 1167 1241 1240
f 1169 1170 1243
f 1169 1243 1242
f 1170 1171 1244
f 1170 1244 1243
f 1171 1172 1245
f 1171 1245 1244
f 1172 1173 1246
f 1172 1246 1245
f 1173 1174 1247
f 1173 1247 1246
f 1174 1175 1248
f 1174 1248 1247
f 1175 1176 1249
f 1175 1249 1248
f 1176 1177 1250
f 1176 1250 1249
f 1177 1178 1251
f 1177 1251 1250
f 1178 1179 1252
f 1178 1252 1251
f 1179 1180 1253
f 1179 1253 1252
f 1180 1181 1254
f 1180 1254 1253
f 1181 1182 1255
f 1181 1255 1254
f 1182 1183 1256
f 1182 1256 1255
f 1183 1184 1257
f 1183 1257 1256
f 1184 1185 1258
f 1184 1258 1257
f 1185 1186 1259
f 1185 1259 1258
f 1186 1187 1260
f 1186 1260 1259
f 1187 1188 1261
f 1187 1261 1260
f 1188 1189 1262
f 1188 1262 1261
f 1189 1190 1263
f 1189 1263 1262
f 1190 1191 1264
f 1190 1264 1263
f 1191 1192 1265
f 1191 1265 1264
f 1192 1193 1266
f 1192 1266 1265
f 1193 1194 1267
f 1193 1267 1266
f 1194 1195 1268
f 1194 1268 1267
f 1195 1196 1269
f 1195 1269 1268
f 1196 1197 1270
f 1196 1270 1269
f 1197 1198 1271
f 1197 1271 1270
f 1198 1199 1272
f 1198 1272 1271
f 1199 1200 1273
f 1199 1273 1272
f 1200 1201 1274
f 1200 1274 1273
f 1201 1202 1275
f 1201 1275 1274
f 1202 1203 1276
f 1202 1276 1275
f 1203 1204 1277
f 1203 1277 1276
f 1204 1205 1278
f 1204 1278 1277
f 1205 1206 1279
f 1205 1279 1278
f 1206 1207 1280
f 1206 1280 1279
f 1207 1208 1281
f 1207 1281 1280
f 1208 1209 1282
f 1208 1282 1281
f 1209 1210 1283
f 1209 1283 1282
f 1210 1211 1284
f 1210 1284 1283
f 1211 1212 1285
f 1211 1285 1284
f 1212 1213 1286
f 1212 1286 1285
f 1213 1214 1287
f 1213 1287 1286
f 1214 1215 1288
f 1214 1288 1287
f 1215 1216 1289
f 1215 1289 1288
f 1216 1217 1290
f 1216 1290 1289
f 1217 1218 1291
f 1217 1291 1290
f 1218 1219 1292
f 1218 1292 1291
f 1219 1220 1293
f 1219 1293 1292
f 1220 1221 1294
f 1220 1294 1293
f 1221 1222 1295
f 1221 1295 1294
f 1222 1223 1296
f 1222 1296 1295
f 1223 1224 1297
f 1223 1297 1296
f 1224 1225 1298
f 1224 1298 1297
f 1225 1226 1299
f 1225 1299 1298
f 1226 1227 1300
f 1226 1300 1299
f 1227 1228 1301
f 1227 1301 1300
f 1228 1229 1302
f 1228 1302 1301
f 1229 1230 1303
f 1229 1303 1302
f 1230 1231 1304
f 1230 1304 1303
f 1231 1232 1305
f 1231 1305 1304
f 1232 1233 1306
f 1232 1306 1305
f 1233 1234 1307
f 1233 1307 1306
f 1234 1235 1308
f 1234 1308 1307
f 1235 1236 1309
f 1235 1309 1308
f 1236 1237 1310
f 1236 1310 1309
f 1237 1238 1311
f 1237 1311 1310
f 1238 1239 1312
f 1238 1312 1311
f 1239 1240 1313
f 1239 1313 1312
f 1240 1241 1314
f 1240 1314 1313
f 1242 1243 1316
f 1242 1316 1315
f 1243 1244 1317
f 1243 1317 1316
f 1244 1245 1318
f 1244 1318 1317
f 1245 1246 1319
f 1245 1319 1318
f 1246 1247 1320
f 1246 1320 1319
f 1247 1248 1321
f 1247 1321 1320
f 1248 1249 1322
f 1248 1322 1321
f 1249 1250 1323
f 1249 1323 1322
f 1250 1251 1324
f 1250 1324 1323
f 1251 1252 1325
f 1251 1325 1324
f 1252 1253 1326
f 1252 1326 1325
f 1253 1254 1327
f 1253 1327 1326
f 1254 1255 1328
f 1254 1328 1327
f 1255 1256 1329
f 1255 1329 1328
f 1256 1257 1330
f 1256 1330 1329
f 1257 1258 1331
f 1257 1331 1330
f 1258 1259 1332
f 1258 1332 1331
f 1259 1260 1333
f 1259 1333 1332
f 1260 1261 1334
f 1260 1334 1333
f 1261 1262 1335
f 1261 1335 1334
f 1262 1263 1336
f 1262 1336 1335
f 1263 1264 1337
f 1263 1337 1336
f 1264 1265 1338
f 1264 1338 1337
f 1265 1266 1339
f 1265 1339 1338
f 1266 1267 1340
f 1266 1340 1339
f 1267 1268 1341
f 1267 1341 1340
f 1268 1269 1342
f 1268 1342 1341
f 1269 1270 1343
f 1269 1343 1342
f 1270 1271 1344
f 1270 1344 1343
f 1271 1272 1345
f 1271 1345 1344
f 1272 1273 1346
f 1272 1346 1345
f 1273 1274 1347
f 1273 1347 1346
f 1274 1275 1348
f 1274 1348 1347
f 1275 1276 1349
f 1275 1349 1348
f 1276 1277 1350
f 1276 1350 1349
f 1277 1278 1351
f 1277 1351 1350
f 1278 1279 1352
f 1278 1352 1351
f 1279 1280 1353
f 1279 1353 1352
f 1280 1281 1354
f 1280 1354 1353
f 1281 1282 1355
f 1281 1355 1354
f 1282 1283 1356
f 1282 1356 1355
f 1283 1284 1357
f 1283 1357 1356
f 1284 1285 1358
f 1284 1358 1357
f 1285 1286 1359
f 1285 1359 1358
f 1286 1287 1360
f 1286 1360 1359
f 1287 1288 1361
f 1287 1361 1360
f 1288 1289 1362
f 1288 1362 1361
f 1289 1290 1363
f 1289 1363 1362
f 1290 1291 1364
f 1290 1364 1363
f 1291 1292 1365
f 1291 1365 1364
f 1292 1293 1366
f 1292 1366 1365
f 1293 1294 1367
f 1293 1367 1366
f 1294 1295 1368
f 1294 1368 1367
f 1295 1296 1369
f 1295 1369 1368
f 1296 1297 1370
f 1296 1370 1369
f 1297 1298 1371
f 1297 1371 1370
f 1298 1299 1372
f 1298 1372 1371
f 1299 1300 1373
f 1299 1373 1372
f 1300 1301 1374
f 1300 1374 1373
f 1301 1302 1375
f 1301 1375 1374
f 1302 1303 1376
f 1302 1376 1375
f 1303 1304 1377
f 1303 1377 1376
f 1304 1305 1378
f 1304 1378 1377
f 1305 1306 1379
f 1305 1379 1378
f 1306 1307 1380
f 1306 1380 1379
f 1307 1308 1381
f 1307 1381 1380
f 1308 1309 1382
f 1308 1382 1381
f 1309 1310 1383
f 1309 1383 1382
f 1310 1311 1384
f 1310 1384 1383
f 1311 1312 1385
f 1311 1385 1384
f 1312 1313 1386
f 1312 1386 1385
f 1313 1314 1387
f 1313 1387 1386
f 1315 1316 1389
f 1315 1389 1388
f 1316 1317 1390
f 1316 1390 1389
f 1317 1318 1391
f 1317 1391 1390
f 1318 1319 1392
f 1318 1392 1391
f 1319 1320 1393
f 1319 1393 1392
f 1320 1321 1394
f 1320 1394 1393
f 1321 1322 1395
f 1321 1395 1394
f 1322 1323 1396
f 1322 1396 1395
f 1323 1324 1397
f 1323 1397 1396
f 1324 1325 1398
f 1324 1398 1397
f 1325 1326 1399
f 1325 1399 1398
f 1326 1327 1400
f 1326 1400 1399
f 1327 1328 1401
f 1327 1401 1400
f 1328 1329 1402
f 1328 1402 1401
f 1329 1330 1403
f 1329 1403 1402
f 1330 1331 1404
f 1330 1404 1403
f 1331 1332 1405
f 1331 1405 1404
f 1332 1333 1406
f 1332 1406 1405
f 1333 1334 1407
f 1333 1407 1406
f 1334 1335 1408
f 1334 1408 1407
f 1335 1336 1409
f 1335 1409 1408
f 1336 1337 1410
f 1336 1410 1409
f 1337 1338 1411
f 1337 1411 1410
f 1338 1339 1412
f 1338 1412 1411
f 1339 1340 1413
f 1339 1413 1412
f 1340 1341 1414
f 1340 1414 1413
f 1341 1342 1415
f 1341 1415 1414
f 1342 1343 1416
f 1342 1416 1415
f 1343 1344 1417
f 1343 1417 1416
f 1344 1345 1418
f 1344 1418 1417
f 1345 1346 1419
f 1345 1419 1418
f 1346 1347 1420
f 1346 1420 1419
f 1347 1348 1421
f 1347 1421 1420
f 1348 1349 1422
f 1348 1422 1421
f 1349 1350 1423
f 1349 1423 1422
f 1350 1351 1424
f 1350 1424 1423
f 1351 1352 1425
f 1351 1425 1424
f 1352 1353 1426
f 1352 1426 1425
f 1353 1354 1427
f 1353 1427 1426
f 1354 1355 1428
f 1354 1428 1427
f 1355 1356 1429
f 1355 1429 1428
f 1356 1357 1430
f 1356 1430 1429
f 1357 1358 1431
f 1357 1431 1430
f 1358 1359 1432
f 1358 1432 1431
f 1359 1360 1433
f 1359 1433 1432
f 1360 1361 1434
f 1360 1434 1433
f 1361 1362 1435
f 1361 1435 1434
f 1362 1363 1436
f 1362 1436 1435
f 1363 1364 1437
f 1363 1437 1436
f 1364 1365 1438
f 1364 1438 1437
f 1365 1366 1439
f 1365 1439 1438
f 1366 1367 1440
f 1366 1440 1439
f 1367 1368 1441
f 1367 1441 1440
f 1368 1369 1442
f 1368 1442 1441
f 1369 1370 1443
f 1369 1443 1442
f 1370 1371 1444
f 1370 1444 1443
f 1371 1372 1445
f 1371 1445 1444
f 1372 1373 1446
f 1372 1446 1445
f 1373 1374 1447
f 1373 1447 1446
f 1374 1375 1448
f 1374 1448 1447
f 1375 1376 1449
f 1375 1449 1448
f 1376 1377 1450
f 1376 1450 1449
f 1377 1378 1451
f 1377 1451 1450
f 1378 1379 1452
f 1378 1452 1451
f 1379 1380 1453
f 1379 1453 1452
f 1380 1381 1454
f 1380 1454 1453
f 1381 1382 1455
f 1381 1455 1454
f 1382 1383 1456
f 1382 1456 1455
f 1383 1384 1457
f 1383 1457 1456
f 1384 1385 1458
f 1384 1458 1457
f 1385 1386 1459
f 1385 1459 1458
f 1386 1387 1460
f 1386 1460 1459
f 1388 1389 1462
f 1388 1462 1461
f 1389 1390 1463
f 1389 1463 1462
f 1390 1391 1464
f 1390 1464 1463
f 1391 1392 1465
f 1391 1465 1464
f 1392 1393 1466
f 1392 1466 1465
f 1393 1394 1467
f 1393 1467 1466
f 1394 1395 1468
f 1394 1468 1467
f 1395 1396 1469
f 1395 1469 1468
f 1396 1397 1470
f 1396 1470 1469
f 1397 1398 1471
f 1397 1471 1470
f 1398 1399 1472
f 1398 1472 1471
f 1399 1400 1473
f 1399 1473 1472
f 1400 1401 1474
f 1400 1474 1473
f 1401 1402 1475
f 1401 1475 1474
f 1402 1403 1476
f 1402 1476 1475
f 1403 1404 1477
f 1403 1477 1476
f 1404 1405 1478
f 1404 1478 1477
f 1405 1406 1479
f 1405 1479 1478
f 1406 1407 1480
f 1406 1480 1479
f 1407 1408 1481
f 1407 1481 1480
f 1408 1409 1482
f 1408 1482 1481
f 1409 1410 1483
f 1409 1483 1482
f 1410 1411 1484
f 1410 1484 1483
f 1411 1412 1485
f 1411 1485 1484
f 1412 1413 1486
f 1412 1486 1485
f 1413 1414 1487
f 1413 1487 1486
f 1414 1415 1488
f 1414 1488 1487
f 1415 1416 1489
f 1415 1489 1488
f 1416 1417 1490
f 1416 1490 1489
f 1417 1418 1491
f 1417 1491 1490
f 1418 1419 1492
f 1418 1492 1491
f 1419 1420 1493
f 1419 1493 1492
f 1420 1421 1494
f 1420 1494 1493
f 1421 1422 1495
f 1421 1495 1494
f 1422 1423 1496
f 1422 1496 1495
f 1423 1424 1497
f 1423 1497 1496
f 1424 1425 1498
f 1424 1498 1497
f 1425 1426 1499
f 1425 1499 1498
f 1426 1427 1500
f 1426 1500 1499
f 1427 1428 1501
f 1427 1501 1500
f 1428 1429 1502
f 1428 1502 1501
f 1429 1430 1503
f 1429 1503 1502
f 1430 1431 1504
f 1430 1504 1503
f 1431 1432 1505
f 1431 1505 1504
f 1432 1433 1506
f 1432 1506 1505
f 1433 1434 1507
f 1433 1507 1506
f 1434 1435 1508
f 1434 1508 1507
f 1435 1436 1509
f 1435 1509 1508
f 1436 1437 1510
f 1436 1510 1509
f 1437 1438 1511
f 1437 1511 1510
f 1438 1439 1512
f 1438 1512 1511
f 1439 1440 1513
f 1439 1513 1512
f 1440 1441 1514
f 1440 1514 1513
f 1441 1442 1515
f 1441 1515 1514
f 1442 1443 1516
f 1442 1516 1515
f 1443 1444 1517
f 1443 1517 1516
f 1444 1445 1518
f 1444 1518 1517
f 1445 1446 1519
f 1445 1519 1518
f 1446 1447 1520
f 1446 1520 1519
f 1447 1448 1521
f 1447 1521 1520
f 1448 1449 1522
f 1448 1522 1521
f 1449 1450 1523
f 1449 1523 1522
f 1450 1451 1524
f 1450 1524 1523
f 1451 1452 1525
f 1451 1525 1524
f 1452 1453 1526
f 1452 1526 1525
f 1453 1454 1527
f 1453 1527 1526
f 1454 1455 1528
f 1454 1528 1527
f 1455 1456 1529
f 1455 1529 1528
f 1456 1457 1530
f 1456 1530 1529
f 1457 1458 1531
f 1457 1531 1530
f 1458 1459 1532
f 1458 1532 1531
f 1459 1460 1533
f 1459 1533 1532
f 1461 1462 1535
f 1461 1535 1534
f 1462 1463 1536
f 1462 1536 1535
f 1463 1464 1537
f 1463 1537 1536
f 1464 1465 1538
f 1464 1538 1537
f 1465 1466 1539
f 1465 1539 1538
f 1466 1467 1540
f 1466 1540 1539
f 1467 1468 1541
f 1467 1541 1540
f 1468 1469 1542
f 1468 1542 1541
f 1469 1470 1543
f 1469 1543 1542
f 1470 1471 1544
f 1470 1544 1543
f 1471 1472 1545
f 1471 1545 1544
f 1472 1473 1546
f 1472 1546 1545
f 1473 1474 1547
f 1473 1547 1546
f 1474 1475 1548
f 1474 1548 1547
f 1475 1476 1549
f 1475 1549 1548
f 1476 1477 1550
f 1476 1550 1549
f 1477 1478 1551
f 1477 1551 1550
f 1478 1479 1552
f 1478 1552 1551
f 1479 1480 1553
f 1479 1553 1552
f 1480 1481 1554
f 1480 1554 1553
f 1481 1482 1555
f 1481 1555 1554
f 1482 1483 1556
f 1482 1556 1555
f 1483 1484 1557
f 1483 1557 1556
f 1484 1485 1558
f 1484 1558 1557
f 1485 1486 1559
f 1485 1559 1558
f 1486 1487 1560
f 1486 1560 1559
f 1487 1488 1561
f 1487 1561 1560
f 1488 1489 1562
f 1488 1562 1561
f 1489 1490 1563
f 1489 1563 1562
f 1490 1491 1564
f 1490 1564 1563
f 1491 1492 1565
f 1491 1565 1564
f 1492 1493 1566
f 1492 1566 1565
f 1493 1494 1567
f 1493 1567 1566
f 1494 1495 1568
f 1494 1568 1567
f 1495 1496 1569
f 1495 1569 1568
f 1496 1497 1570
f 1496 1570 1569
f 1497 1498 1571
f 1497 1571 1570
f 1498 1499 1572
f 1498 1572 1571
f 1499 1500 1573
f 1499 1573 1572
f 1500 1501 1574
f 1500 1574 1573
f 1501 1502 1575
f 1501 1575 1574
f 1502 1503 1576
f 1502 1576 1575
f 1503 1504 1577
f 1503 1577 1576
f 1504 1505 1578
f 1504 1578 1577
f 1505 1506 1579
f 1505 1579 1578
f 1506 1507 1580
f 1506 1580 1579
f 1507 1508 1581
f 1507 1581 1580
f 1508 1509 1582
f 1508 1582 1581
f 1509 1510 1583
f 1509 1583 1582
f 1510 1511 1584
f 1510 1584 1583
f 1511 1512 1585
f 1511 1585 1584
f 1512 1513 1586
f 1512 1586 1585
f 1513 1514 1587
f 1513 1587 1586
f 1514 1515 1588
f 1514 1588 1587
f 1515 1516 1589
f 1515 1589 1588
f 1516 1517 1590
f 1516 1590 1589
f 1517 1518 1591
f 1517 1591 1590
f 1518 1519 1592
f 1518 1592 1591
f 1519 1520 1593
f 1519 1593 1592
f 1520 1521 1594
f 1520 1594 1593
f 1521 1522 1595
f 1521 1595 1594
f 1522 1523 1596
f 1522 1596 1595
f 1523 1524 1597
f 1523 1597 1596
f 1524 1525 1598
f 1524 1598 1597
f 1525 1526 1599
f 1525 1599 1598
f 1526 1527 1600
f 1526 1600 1599
f 1527 1528 1601
f 1527 1601 1600
f 1528 1529 1602
f 1528 1602 1601
f 1529 1530 1603
f 1529 1603 1602
f 1530 1531 1604
f 1530 1604 1603
f 1531 1532 1605
f 1531 1605 1604
f 1532 1533 1606
f 1532 1606 1605
f 1534 1535 1608
f 1534 1608 1607
f 1535 1536 1609
f 1535 1609 1608
f 1536 1537 1610
f 1536 1610 1609
f 1537 1538 1611
f 1537 1611 1610
f 1538 1539 1612
f 1538 1612 1611
f 1539 1540 1613
f 1539 1613 1612
f 1540 1541 1614
f 1540 1614 1613
f 1541 1542 1615
f 1541 1615 1614
f 1542 1543 1616
f 1542 1616 1615
f 1543 1544 1617
f 1543 1617 1616
f 1544 1545 1618
f 1544 1618 1617
f 1545 1546 1619
f 1545 1619 1618
f 1546 1547 1620
f 1546 1620 1619
f 1547 1548 1621
f 1547 1621 1620
f 1548 1549 1622
f 1548 1622 1621
f 1549 1550 1623
f 1549 1623 1622
f 1550 1551 1624
f 1550 1624 1623
f 1551 1552 1625
f 1551 1625 1624
f 1552 1553 1626
f 1552 1626 1625
f 1553 1554 1627
f 1553 1627 1626
f 1554 1555 1628
f 1554 1628 1627
f 1555 1556 1629
f 1555 1629 1628
f 1556 1557 1630
f 1556 1630 1629
f 1557 1558 1631
f 1557 1631 1630
f 1558 1559 1632
f 1558 1632 1631
f 1559 1560 1633
f 1559 1633 1632
f 1560 1561 1634
f 1560 1634 1633
f 1561 1562 1635
f 1561 1635 1634
f 1562 1563 1636
f 1562 1636 1635
f 1563 1564 1637
f 1563 1637 1636
f 1564 1565 1638
f 1564 1638 1637
f 1565 1566 1639
f 1565 1639 1638
f 1566 1567 1640
f 1566 1640 1639
f 1567 1568 1641
f 1567 1641 1640
f 1568 1569 1642
f 1568 1642 1641
f 1569 1570 1643
f 1569 1643 1642
f 1570 1571 1644
f 1570 1644 1643
f 1571 1572 1645
f 1571 1645 1644
f 1572 1573 1646
f 1572 1646 1645
f 1573 1574 1647
f 1573 1647 1646
f 1574 1575 1648
f 1574 1648 1647
f 1575 1576 1649
f 1575 1649 1648
f 1576 1577 1650
f 1576 1650 1649
f 1577 1578 1651
f 1577 1651 1650
f 1578 1579 1652
f 1578 1652 1651
f 1579 1580 1653
f 1579 1653 1652
f 1580 1581 1654
f 1580 1654 1653
f 1581 1582 1655
f 1581 1655 1654
f 1582 1583 1656
f 1582 1656 1655
f 1583 1584 1657
f 1583 1657 1656
f 1584 1585 1658
f 1584 1658 1657
f 1585 1586 1659
f 1585 1659 1658
f 1586 1587 1660
f 1586 1660 1659
f 1587 1588 1661
f 1587 1661 1660
f 1588 1589 1662
f 1588 1662 1661
f 1589 1590 1663
f 1589 1663 1662
f 1590 1591 1664
f 1590 1664 1663
f 1591 1592 1665
f 1591 1665 1664
f 1592 1593 1666
f 1592 1666 1665
f 1593 1594 1667
f 1593 1667 1666
f 1594 1595 1668
f 1594 1668 1667
f 1595 1596 1669
f 1595 1669 1668
f 1596 1597 1670
f 1596 1670 1669
f 1597 1598 1671
f 1597 1671 1670
f 1598 1599 1672
f 1598 1672 1671
f 1599 1600 1673
f 1599 1673 1672
f 1600 1601 1674
f 1600 1674 1673
f 1601 1602 1675
f 1601 1675 1674
f 1602 1603 1676
f 1602 1676 1675
f 1603 1604 1677
f 1603 1677 1676
f 1604 1605 1678
f 1604 1678 1677
f 1605 1606 1679
f 1605 1679 1678
f 1607 1608 1681
f 1607 1681 1680
f 1608 1609 1682
f 1608 1682 1681
f 1609 1610 1683
f 1609 1683 1682
f 1610 1611 1684
f 1610 1684 1683
f 1611 1612 1685
f 1611 1685 1684
f 1612 1613 1686
f 1612 1686 1685
f 1613 1614 1687
f 1613 1687 1686
f 1614 1615 1688
f 1614 1688 1687
f 1615 1616 1689
f 1615 1689 1688
f 1616 1617 1690
f 1616 1690 1689
f 1617 1618 1691
f 1617 1691 1690
f 1618 1619 1692
f 1618 1692 1691
f 1619 1620 1693
f 1619 1693 1692
f 1620 1621 1694
f 1620 1694 1693
f 1621 1622 1695
f 1621 1695 1694
f 1622 1623 1696
f 1622 1696 1695
f 1623 1624 1697
f 1623 1697 1696
f 1624 1625 1698
f 1624 1698 1697
f 1625 1626 1699
f 1625 1699 1698
f 1626 1627 1700
f 1626 1700 1699
f 1627 1628 1701
f 1627 1701 1700
f 1628 1629 1702
f 1628 1702 1701
f 1629 1630 1703
f 1629 1703 1702
f 1630 1631 1704
f 1630 1704 1703
f 1631 1632 1705
f 1631 1705 1704
f 1632 1633 1706
f 1632 1706 1705
f 1633 1634 1707
f 1633 1707 1706
f 1634 1635 1708
f 1634 1708 1707
f 1635 1636 1709
f 1635 1709 1708
f 1636 1637 1710
f 1636 1710 1709
f 1637 1638 1711
f 1637 1711 1710
f 1638 1639 1712
f 1638 1712 1711
f 1639 1640 1713
f 1639 1713 1712
f 1640 1641 1714
f 1640 1714 1713
f 1641 1642 1715
f 1641 1715 1714
f 1642 1643 1716
f 1642 1716 1715
f 1643 1644 1717
f 1643 1717 1716
f 1644 1645 1718
f 1644 1718 1717
f 1645 1646 1719
f 1645 1719 1718
f 1646 1647 1720
f 1646 1720 1719
f 1647 1648 1721
f 1647 1721 1720
f 1648 1649 1722
f 1648 1722 1721
f 1649 1650 1723
f 1649 1723 1722
f 1650 1651 1724
f 1650 1724 1723
f 1651 1652 1725
f 1651 1725 1724
f 1652 1653 1726
f 1652 1726 1725
f 1653 1654 1727
f 1653 1727 1726
f 1654 1655 1728
f 1654 1728 1727
f 1655 1656 1729
f 1655 1729 1728
f 1656 1657 1730
f 1656 1730 1729
f 1657 1658 1731
f 1657 1731 1730
f 1658 1659 1732
f 1658 1732 1731
f 1659 1660 1733
f 1659 1733 1732
f 1660 1661 1734
f 1660 1734 1733
f 1661 1662 1735
f 1661 1735 1734
f 1662 1663 1736
f 1662 1736 1735
f 1663 1664 1737
f 1663 1737 1736
f 1664 1665 1738
f 1664 1738 1737
f 1665 1666 1739
f 1665 1739 1738
f 1666 1667 1740
f 1666 1740 1739
f 1667 1668 1741
f 1667 1741 1740
f 1668 1669 1742
f 1668 1742 1741
f 1669 1670 1743
f 1669 1743 1742
f 1670 1671 1744
f 1670 1744 1743
f 1671 1672 1745
f 1671 1745 1744
f 1672 1673 1746
f 1672 1746 1745
f 1673 1674 1747
f 1673 1747 1746
f 1674 1675 1748
f 1674 1748 1747
f 1675 1676 1749
f 1675 1749 1748
f 1676 1677 1750
f 1676 1750 1749
f 1677 1678 1751
f 1677 1751 1750
f 1678 1679 1752
f 1678 1752 1751
f 1680 1681 1754
f 1680 1754 1753
f 1681 1682 1755
f 1681 1755 1754
f 1682 1683 1756
f 1682 1756 1755
f 1683 1684 1757
f 1683 1757 1756
f 1684 1685 1758
f 1684 1758 1757
f 1685 1686 1759
f 1685 1759 1758
f 1686 1687 1760
f 1686 1760 1759
f 1687 1688 1761
f 1687 1761 1760
f 1688 1689 1762
f 1688 1762 1761
f 1689 1690 1763
f 1689 1763 1762
f 1690 1691 1764
f 1690 1764 1763
f 1691 1692 1765
f 1691 1765 1764
f 1692 1693 1766
f 1692 1766 1765
f 1693 1694 1767
f 1693 1767 1766
f 1694 1695 1768
f 1694 1768 1767
f 1695 1696 1769
f 1695 1769 1768
f 1696 1697 1770
f 1696 1770 1769
f 1697 1698 1771
f 1697 1771 1770
f 1698 1699 1772
f 1698 1772 1771
f 1699 1700 1773
f 1699 1773 1772
f 1700 1701 1774
f 1700 1774 1773
f 1701 1702 1775
f 1701 1775 1774
f 1702 1703 1776
f 1702 1776 1775
f 1703 1704 1777
f 1703 1777 1776
f 1704 1705 1778
f 1704 1778 1777
f 1705 1706 1779
f 1705 1779 1778
f 1706 1707 1780
f 1706 1780 1779
f 1707 1708 1781
f 1707 1781 1780
f 1708 1709 1782
f 1708 1782 1781
f 1709 1710 1783
f 1709 1783 1782
f 1710 1711 1784
f 1710 1784 1783
f 1711 1712 1785
f 1711 1785 1784
f 1712 1713 1786
f 1712 1786 1785
f 1713 1714 1787
f 1713 1787 1786
f 1714 1715 1788
f 1714 1788 1787
f 1715 1716 1789
f 1715 1789 1788
f 1716 1717 1790
f 1716 1790 1789
f 1717 1718 1791
f 1717 1791 1790
f 1718 1719 1792
f 1718 1792 1791
f 1719 1720 1793
f 1719 1793 1792
f 1720 1721 1794
f 1720 1794 1793
f 1721 1722 1795
f 1721 1795 1794
f 1722 1723 1796
f 1722 1796 1795
f 1723 1724 1797
f 1723 1797 1796
f 1724 1725 1798
f 1724 1798 1797
f 1725 1726 1799
f 1725 1799 1798
f 1726 1727 1800
f 1726 1800 1799
f 1727 1728 1801
f 1727 1801 1800
f 1728 1729 1802
f 1728 1802 1801
f 1729 1730 1803
f 1729 1803 1802
f 1730 1731 1804
f 1730 1804 1803
f 1731 1732 1805
f 1731 1805 1804
f 1732 1733 1806
f 1732 1806 1805
f 1733 1734 1807
f 1733 1807 1806
f 1734 1735 1808
f 1734 1808 1807
f 1735 1736 1809
f 1735 1809 1808
f 1736 1737 1810
f 1736 1810 1809
f 1737 1738 1811
f 1737 1811 1810
f 1738 1739 1812
f 1738 1812 1811
f 1739 1740 1813
f 1739 1813 1812
f 1740 1741 1814
f 1740 1814 1813
f 1741 1742 1815
f 1741 1815 1814
f 1742 1743 1816
f 1742 1816 1815
f 1743 1744 1817
f 1743 1817 1816
f 1744 1745 1818
f 1744 1818 1817
f 1745 1746 1819
f 1745 1819 1818
f 1746 1747 1820
f 1746 1820 1819
f 1747 1748 1821
f 1747 1821 1820
f 1748 1749 1822
f 1748 1822 1821
f 1749 1750 1823
f 1749 1823 1822
f 1750 1751 1824
f 1750 1824 1823
f 1751 1752 1825
f 1751 1825 1824
f 1753 1754 1827
f 1753 1827 1826
f 1754 1755 1828
f 1754 1828 1827
f 1755 1756 1829
f 1755 1829 1828
f 1756 1757 1830
f 1756 1830 1829
f 1757 1758 1831
f 1757 1831 1830
f 1758 1759 1832
f 1758 1832 1831
f 1759 1760 1833
f 1759 1833 1832
f 1760 1761 1834
f 1760 1834 1833
f 1761 1762 1835
f 1761 1835 1834
f 1762 1763 1836
f 1762 1836 1835
f 1763 1764 1837
f 1763 1837 1836
f 1764 1765 1838
f 1764 1838 1837
f 1765 1766 1839
f 1765 1839 1838
f 1766 1767 1840
f 1766 1840 1839
f 1767 1768 1841
f 1767 1841 1840
f 1768 1769 1842
f 1768 1842 1841
f 1769 1770 1843
f 1769 1843 1842
f 1770 1771 1844
f 1770 1844 1843
f 1771 1772 1845
f 1771 1845 1844
f 1772 1773 1846
f 1772 1846 1845
f 1773 1774 1847
f 1773 1847 1846
f 1774 1775 1848
f 1774 1848 1847
f 1775 1776 1849
f 1775 1849 1848
f 1776 1777 1850
f 1776 1850 1849
f 1777 1778 1851
f 1777 1851 1850
f 1778 1779 1852
f 1778 1852 1851
f 1779 1780 1853
f 1779 1853 1852
f 1780 1781 1854
f 1780 1854 1853
f 1781 1782 1855
f 1781 1855 1854
f 1782 1783 1856
f 1782 1856 1855
f 1783 1784 1857
f 1783 1857 1856
f 1784 1785 1858
f 1784 1858 1857
f 1785 1786 1859
f 1785 1859 1858
f 1786 1787 1860
f 1786 1860 1859
f 1787 1788 1861
f 1787 1861 1860
f 1788 1789 1862
f 1788 1862 1861
f 1789 1790 1863
f 1789 1863 1862
f 1790 1791 1864
f 1790 1864 1863
f 1791 1792 1865
f 1791 1865 1864
f 1792 1793 1866
f 1792 1866 1865
f 1793 1794 1867
f 1793 1867 1866
f 1794 1795 1868
f 1794 1868 1867
f 1795 1796 1869
f 1795 1869 1868
f 1796 1797 1870
f 1796 1870 1869
f 1797 1798 1871
f 1797 1871 1870
f 1798 1799 1872
f 1798 1872 1871
f 1799 1800 1873
f 1799 1873 1872
f 1800 1801 1874
f 1800 1874 1873
f 1801 1802 1875
f 1801 1875 1874
f 1802 1803 1876
f 1802 1876 1875
f 1803 1804 1877
f 1803 1877 1876
f 1804 1805 1878
f 1804 1878 1877
f 1805 1806 1879
f 1805 1879 1878
f 1806 1807 1880
f 1806 1880 1879
f 1807 1808 1881
f 1807 1881 1880
f 1808 1809 1882
f 1808 1882 1881
f 1809 1810 1883
f 1809 1883 1882
f 1810 1811 1884
f 1810 1884 1883
f 1811 1812 1885
f 1811 1885 1884
f 1812 1813 1886
f 1812 1886 1885
f 1813 1814 1887
f 1813 1887 1886
f 1814 1815 1888
f 1814 1888 1887
f 1815 1816 1889
f 1815 1889 1888
f 1816 1817 1890
f 1816 1890 1889
f 1817 1818 1891
f 1817 1891 1890
f 1818 1819 1892
f 1818 1892 1891
f 1819 1820 1893
f 1819 1893 1892
f 1820 1821 1894
f 1820 1894 1893
f 1821 1822 1895
f 1821 1895 1894
f 1822 1823 1896
f 1822 1896 1895
f 1823 1824 1897
f 1823 1897 1896
f 1824 1825 1898
f 1824 1898 1897
f 1826 1827 1900
f 1826 1900 1899
f 1827 1828 1901
f 1827 1901 1900
f 1828 1829 1902
f 1828 1902 1901
f 1829 1830 1903
f 1829 1903 1902
f 1830 1831 1904
f 1830 1904 1903
f 1831 1832 1905
f 1831 1905 1904
f 1832 1833 1906
f 1832 1906 1905
f 1833 1834 1907
f 1833 1907 1906
f 1834 1835 1908
f 1834 1908 1907
f 1835 1836 1909
f 1835 1909 1908
f 1836 1837 1910
f 1836 1910 1909
f 1837 1838 1911
f 1837 1911 1910
f 1838 1839 1912
f 1838 1912 1911
f 1839 1840 1913
f 1839 1913 1912
f 1840 1841 1914
f 1840 1914 1913
f 1841 1842 1915
f 1841 1915 1914
f 1842 1843 1916
f 1842 1916 1915
f 1843 1844 1917
f 1843 1917 1916
f 1844 1845 1918
f 1844 1918 1917
f 1845 1846 1919
f 1845 1919 1918
f 1846 1847 1920
f 1846 1920 1919
f 1847 1848 1921
f 1847 1921 1920
f 1848 1849 1922
f 1848 1922 1921
f 1849 1850 1923
f 1849 1923 1922
f 1850 1851 1924
f 1850 1924 1923
f 1851 1852 1925
f 1851 1925 1924
f 1852 1853 1926
f 1852 1926 1925
f 1853 1854 1927
f 1853 1927 1926
f 1854 1855 1928
f 1854 1928 1927
f 1855 1856 1929
f 1855 1929 1928
f 1856 1857 1930
f 1856 1930 1929
f 1857 1858 1931
f 1857 1931 1930
f 1858 1859 1932
f 1858 1932 1931
f 1859 1860 1933
f 1859 1933 1932
f 1860 1861 1934
f 1860 1934 1933
f 1861 1862 1935
f 1861 1935 1934
f 1862 1863 1936
f 1862 1936 1935
f 1863 1864 1937
f 1863 1937 1936
f 1864 1865 1938
f 1864 1938 1937
f 1865 1866 1939
f 1865 1939 1938
f 1866 1867 1940
f 1866 1940 1939
f 1867 1868 1941
f 1867 1941 1940
f 1868 1869 1942
f 1868 1942 1941
f 1869 1870 1943
f 1869 1943 1942
f 1870 1871 1944
f 1870 1944 1943
f 1871 1872 1945
f 1871 1945 1944
f 1872 1873 1946
f 1872 1946 1945
f 1873 1874 1947
f 1873 1947 1946
f 1874 1875 1948
f 1874 1948 1947
f 1875 1876 1949
f 1875 1949 1948
f 1876 1877 1950
f 1876 1950 1949
f 1877 1878 1951
f 1877 1951 1950
f 1878 1879 1952
f 1878 1952 1951
f 1879 1880 1953
f 1879 1953 1952
f 1880 1881 1954
f 1880 1954 1953
f 1881 1882 1955
f 1881 1955 1954
f 1882 1883 1956
f 1882 1956 1955
f 1883 1884 1957
f 1883 1957 1956
f 1884 1885 1958
f 1884 1958 1957
f 1885 1886 1959
f 1885 1959 1958
f 1886 1887 1960
f 1886 1960 1959
f 1887 1888 1961
f 1887 1961 1960
f 1888 1889 1962
f 1888 1962 1961
f 1889 1890 1963
f 1889 1963 1962
f 1890 1891 1964
f 1890 1964 1963
f 1891 1892 1965
f 1891 1965 1964
f 1892 1893 1966
f 1892 1966 1965
f 1893 1894 1967
f 1893 1967 1966
f 1894 1895 1968
f 1894 1968 1967
f 1895 1896 1969
f 1895 1969 1968
f 1896 1897 1970
f 1896 1970 1969
f 1897 1898 1971
f 1897 1971 1970
f 1899 1900 1973
f 1899 1973 1972
f 1900 1901 1974
f 1900 1974 1973
f 1901 1902 1975
f 1901 1975 1974
f 1902 1903 1976
f 1902 1976 1975
f 1903 1904 1977
f 1903 1977 1976
f 1904 1905 1978
f 1904 1978 1977
f 1905 1906 1979
f 1905 1979 1978
f 1906 1907 1980
f 1906 1980 1979
f 1907 1908 1981
f 1907 1981 1980
f 1908 1909 1982
f 1908 1982 1981
f 1909 1910 1983
f 1909 1983 1982
f 1910 1911 1984
f 1910 1984 1983
f 1911 1912 1985
f 1911 1985 1984
f 1912 1913 1986
f 1912 1986 1985
f 1913 1914 1987
f 1913 1987 1986
f 1914 1915 1988
f 1914 1988 1987
f 1915 1916 1989
f 1915 1989 1988
f 1916 1917 1990
f 1916 1990 1989
f 1917 1918 1991
f 1917 1991 1990
f 1918 1919 1992
f 1918 1992 1991
f 1919 1920 1993
f 1919 1993 1992
f 1920 1921 1994
f 1920 1994 1993
f 1921 1922 1995
f 1921 1995 1994
f 1922 1923 1996
f 1922 1996 1995
f 1923 1924 1997
f 1923 1997 1996
f 1924 1925 1998
f 1924 1998 1997
f 1925 1926 1999
f 1925 1999 1998
f 1926 1927 2000
f 1926 2000 1999
f 1927 1928 2001
f 1927 2001 2000
f 1928 1929 2002
f 1928 2002 2001
f 1929 1930 2003
f 1929 2003 2002
f 1930 1931 2004
f 1930 2004 2003
f 1931 1932 2005
f 1931 2005 2004
f 1932 1933 2006
f 1932 2006 2005
f 1933 1934 2007
f 1933 2007 2006
f 1934 1935 2008
f 1934 2008 2007
f 1935 1936 2009
f 1935 2009 2008
f 1936 1937 2010
f 1936 2010 2009
f 1937 1938 2011
f 1937 2011 2010
f 1938 1939 2012
f 1938 2012 2011
f 1939 1940 2013
f 1939 2013 2012
f 1940 1941 2014
f 1940 2014 2013
f 1941 1942 2015
f 1941 2015 2014
f 1942 1943 2016
f 1942 2016 2015
f 1943 1944 2017
f 1943 2017 2016
f 1944 1945 2018
f 1944 2018 2017
f 1945 1946 2019
f 1945 2019 2018
f 1946 1947 2020
f 1946 2020 2019
f 1947 1948 2021
f 1947 2021 2020
f 1948 1949 2022
f 1948 2022 2021
f 1949 1950 2023
f 1949 2023 2022
f 1950 1951 2024
f 1950 2024 2023
f 1951 1952 2025
f 1951 2025 2024
f 1952 1953 2026
f 1952 2026 2025
f 1953 1954 2027
f 1953 2027 2026
f 1954 1955 2028
f 1954 2028 2027
f 1955 1956 2029
f 1955 2029 2028
f 1956 1957 2030
f 1956 2030 2029
f 1957 1958 2031
f 1957 2031 2030
f 1958 1959 2032
f 1958 2032 2031
f 1959 1960 2033
f 1959 2033 2032
f 1960 1961 2034
f 1960 2034 2033
f 1961 1962 2035
f 1961 2035 2034
f 1962 1963 2036
f 1962 2036 2035
f 1963 1964 2037
f 1963 2037 2036
f 1964 1965 2038
f 1964 2038 2037
f 1965 1966 2039
f 1965 2039 2038
f 1966 1967 2040
f 1966 2040 2039
f 1967 1968 2041
f 1967 2041 2040
f 1968 1969 2042
f 1968 2042 2041
f 1969 1970 2043
f 1969 2043 2042
f 1970 1971 2044
f 1970 2044 2043
f 1972 1973 2046
f 1972 2046 2045
f 1973 1974 2047
f 1973 2047 2046
f 1974 1975 2048
f 1974 2048 2047
f 1975 1976 2049
f 1975 2049 2048
f 1976 1977 2050
f 1976 2050 2049
f 1977 1978 2051
f 1977 2051 2050
f 1978 1979 2052
f 1978 2052 2051
f 1979 1980 2053
f 1979 2053 2052
f 1980 1981 2054
f 1980 2054 2053
f 1981 1982 2055
f 1981 2055 2054
f 1982 1983 2056
f 1982 2056 2055
f 1983 1984 2057
f 1983 2057 2056
f 1984 1985 2058
f 1984 2058 2057
f 1985 1986 2059
f 1985 2059 2058
f 1986 1987 2060
f 1986 2060 2059
f 1987 1988 2061
f 1987 2061 2060
f 1988 1989 2062
f 1988 2062 2061
f 1989 1990 2063
f 1989 2063 2062
f 1990 1991 2064
f 1990 2064 2063
f 1991 1992 2065
f 1991 2065 2064
f 1992 1993 2066
f 1992 2066 2065
f 1993 1994 2067
f 1993 2067 2066
f 1994 1995 2068
f 1994 2068 2067
f 1995 1996 2069
f 1995 2069 2068
f 1996 1997 2070
f 1996 2070 2069
f 1997 1998 2071
f 1997 2071 2070
f 1998 1999 2072
f 1998 2072 2071
f 1999 2000 2073
f 1999 2073 2072
f 2000 2001 2074
f 2000 2074 2073
f 2001 2002 2075
f 2001 2075 2074
f 2002 2003 2076
f 2002 2076 2075
f 2003 2004 2077
f 2003 2077 2076
f 2004 2005 2078
f 2004 2078 2077
f 2005 2006 2079
f 2005 2079 2078
f 2006 2007 2080
f 2006 2080 2079
f 2007 2008 2081
f 2007 2081 2080
f 2008 2009 2082
f 2008 2082 2081
f 2009 2010 2083
f 2009 2083 2082
f 2010 2011 2084
f 2010 2084 2083
f 2011 2012 2085
f 2011 2085 2084
f 2012 2013 2086
f 2012 2086 2085
f 2013 2014 2087
f 2013 2087 2086
f 2014 2015 2088
f 2014 2088 2087
f 2015 2016 2089
f 2015 2089 2088
f 2016 2017 2090
f 2016 2090 2089
f 2017 2018 2091
f 2017 2091 2090
f 2018 2019 2092
f 2018 2092 2091
f 2019 2020 2093
f 2019 2093 2092
f 2020 2021 2094
f 2020 2094 2093
f 2021 2022 2095
f 2021 2095 2094
f 2022 2023 2096
f 2022 2096 2095
f 2023 2024 2097
f 2023 2097 2096
f 2024 2025 2098
f 2024 2098 2097
f 2025 2026 2099
f 2025 2099 2098
f 2026 2027 2100
f 2026 2100 2099
f 2027 2028 2101
f 2027 2101 2100
f 2028 2029 2102
f 2028 2102 2101
f 2029 2030 2103
f 2029 2103 2102
f 2030 2031 2104
f 2030 2104 2103
f 2031 2032 2105
f 2031 2105 2104
f 2032 2033 2106
f 2032 2106 2105
f 2033 2034 2107
f 2033 2107 2106
f 2034 2035 2108
f 2034 2108 2107
f 2035 2036 2109
f 2035 2109 2108
f 2036 2037 2110
f 2036 2110 2109
f 2037 2038 2111
f 2037 2111 2110
f 2038 2039 2112
f 2038 2112 2111
f 2039 2040 2113
f 2039 2113 2112
f 2040 2041 2114
f 2040 2114 2113
f 2041 2042 2115
f 2041 2115 2114
f 2042 2043 2116
f 2042 2116 2115
f 2043 2044 2117
f 2043 2117 2116
f 2045 2046 2119
f 2045 2119 2118
f 2046 2047 2120
f 2046 2120 2119
f 2047 2048 2121
f 2047 2121 2120
f 2048 2049 2122
f 2048 2122 2121
f 2049 2050 2123
f 2049 2123 2122
f 2050 2051 2124
f 2050 2124 2123
f 2051 2052 2125
f 2051 2125 2124
f 2052 2053 2126
f 2052 2126 2125
f 2053 2054 2127
f 2053 2127 2126
f 2054 2055 2128
f 2054 2128 2127
f 2055 2056 2129
f 2055 2129 2128
f 2056 2057 2130
f 2056 2130 2129
f 2057 2058 2131
f 2057 2131 2130
f 2058 2059 2132
f 2058 2132 2131
f 2059 2060 2133
f 2059 2133 2132
f 2060 2061 2134
f 2060 2134 2133
f 2061 2062 2135
f 2061 2135 2134
f 2062 2063 2136
f 2062 2136 2135
f 2063 2064 2137
f 2063 2137 2136
f 2064 2065 2138
f 2064 2138 2137
f 2065 2066 2139
f 2065 2139 2138
f 2066 2067 2140
f 2066 2140 2139
f 2067 2068 2141
f 2067 2141 2140
f 2068 2069 2142
f 2068 2142 2141
f 2069 2070 2143
f 2069 2143 2142
f 2070 2071 2144
f 2070 2144 2143
f 2071 2072 2145
f 2071 2145 2144
f 2072 2073 2146
f 2072 2146 2145
f 2073 2074 2147
f 2073 2147 2146
f 2074 2075 2148
f 2074 2148 2147
f 2075 2076 2149
f 2075 2149 2148
f 2076 2077 2150
f 2076 2150 2149
f 2077 2078 2151
f 2077 2151 2150
f 2078 2079 2152
f 2078 2152 2151
f 2079 2080 2153
f 2079 2153 2152
f 2080 2081 2154
f 2080 2154 2153
f 2081 2082 2155
f 2081 2155 2154
f 2082 2083 2156
f 2082 2156 2155
f 2083 2084 2157
f 2083 2157 2156
f 2084 2085 2158
f 2084 2158 2157
f 2085 2086 2159
f 2085 2159 2158
f 2086 2087 2160
f 2086 2160 2159
f 2087 2088 2161
f 2087 2161 2160
f 2088 2089 2162
f 2088 2162 2161
f 2089 2090 2163
f 2089 2163 2162
f 2090 2091 2164
f 2090 2164 2163
f 2091 2092 2165
f 2091 2165 2164
f 2092 2093 2166
f 2092 2166 2165
f 2093 2094 2167
f 2093 2167 2166
f 2094 2095 2168
f 2094 2168 2167
f 2095 2096 2169
f 2095 2169 2168
f 2096 2097 2170
f 2096 2170 2169
f 2097 2098 2171
f 2097 2171 2170
f 2098 2099 2172
f 2098 2172 2171
f 2099 2100 2173
f 2099 2173 2172
f 2100 2101 2174
f 2100 2174 2173
f 2101 2102 2175
f 2101 2175 2174
f 2102 2103 2176
f 2102 2176 2175
f 2103 2104 2177
f 2103 2177 2176
f 2104 2105 2178
f 2104 2178 2177
f 2105 2106 2179
f 2105 2179 2178
f 2106 2107 2180
f 2106 2180 2179
f 2107 2108 2181
f 2107 2181 2180
f 2108 2109 2182
f 2108 2182 2181
f 2109 2110 2183
f 2109 2183 2182
f 2110 2111 2184
f 2110 2184 2183
f 2111 2112 2185
f 2111 2185 2184
f 2112 2113 2186
f 2112 2186 2185
f 2113 2114 2187
f 2113 2187 2186
f 2114 2115 2188
f 2114 2188 2187
f 2115 2116 2189
f 2115 2189 2188
f 2116 2117 2190
f 2116 2190 2189
f 2118 2119 2192
f 2118 2192 2191
f 2119 2120 2193
f 2119 2193 2192
f 2120 2121 2194
f 2120 2194 2193
f 2121 2122 2195
f 2121 2195 2194
f 2122 2123 2196
f 2122 2196 2195
f 2123 2124 2197
f 2123 2197 2196
f 2124 2125 2198
f 2124 2198 2197
f 2125 2126 2199
f 2125 2199 2198
f 2126 2127 2200
f 2126 2200 2199
f 2127 2128 2201
f 2127 2201 2200
f 2128 2129 2202
f 2128 2202 2201
f 2129 2130 2203
f 2129 2203 2202
f 2130 2131 2204
f 2130 2204 2203
f 2131 2132 2205
f 2131 2205 2204
f 2132 2133 2206
f 2132 2206 2205
f 2133 2134 2207
f 2133 2207 2206
f 2134 2135 2208
f 2134 2208 2207
f 2135 2136 2209
f 2135 2209 2208
f 2136 2137 2210
f 2136 2210 2209
f 2137 2138 2211
f 2137 2211 2210
f 2138 2139 2212
f 2138 2212 2211
f 2139 2140 2213
f 2139 2213 2212
f 2140 2141 2214
f 2140 2214 2213
f 2141 2142 2215
f 2141 2215 2214
f 2142 2143 2216
f 2142 2216 2215
f 2143 2144 2217
f 2143 2217 2216
f 2144 2145 2218
f 2144 2218 2217
f 2145 2146 2219
f 2145 2219 2218
f 2146 2147 2220
f 2146 2220 2219
f 2147 2148 2221
f 2147 2221 2220
f 2148 2149 2222
f 2148 2222 2221
f 2149 2150 2223
f 2149 2223 2222
f 2150 2151 2224
f 2150 2224 2223
f 2151 2152 2225
f 2151 2225 2224
f 2152 2153 2226
f 2152 2226 2225
f 2153 2154 2227
f 2153 2227 2226
f 2154 2155 2228
f 2154 2228 2227
f 2155 2156 2229
f 2155 2229 2228
f 2156 2157 2230
f 2156 2230 2229
f 2157 2158 2231
f 2157 2231 2230
f 2158 2159 2232
f 2158 2232 2231
f 2159 2160 2233
f 2159 2233 2232
f 2160 2161 2234
f 2160 2234 2233
f 2161 2162 2235
f 2161 2235 2234
f 2162 2163 2236
f 2162 2236 2235
f 2163 2164 2237
f 2163 2237 2236
f 2164 2165 2238
f 2164 2238 2237
f 2165 2166 2239
f 2165 2239 2238
f 2166 2167 2240
f 2166 2240 2239
f 2167 2168 2241
f 2167 2241 2240
f 2168 2169 2242
f 2168 2242 2241
f 2169 2170 2243
f 2169 2243 2242
f 2170 2171 2244
f 2170 2244 2243
f 2171 2172 2245
f 2171 2245 2244
f 2172 2173 2246
f 2172 2246 2245
f 2173 2174 2247
f 2173 2247 2246
f 2174 2175 2248
f 2174 2248 2247
f 2175 2176 2249
f 2175 2249 2248
f 2176 2177 2250
f 2176 2250 2249
f 2177 2178 2251
f 2177 2251 2250
f 2178 2179 2252
f 2178 2252 2251
f 2179 2180 2253
f 2179 2253 2252
f 2180 2181 2254
f 2180 2254 2253
f 2181 2182 2255
f 2181 2255 2254
f 2182 2183 2256
f 2182 2256 2255
f 2183 2184 2257
f 2183 2257 2256
f 2184 2185 2258
f 2184 2258 2257
f 2185 2186 2259
f 2185 2259 2258
f 2186 2187 2260
f 2186 2260 2259
f 2187 2188 2261
f 2187 2261 2260
f 2188 2189 2262
f 2188 2262 2261
f 2189 2190 2263
f 2189 2263 2262
f 2191 2192 2265
f 2191 2265 2264
f 2192 2193 2266
f 2192 2266 2265
f 2193 2194 2267
f 2193 2267 2266
f 2194 2195 2268
f 2194 2268 2267
f 2195 2196 2269
f 2195 2269 2268
f 2196 2197 2270
f 2196 2270 2269
f 2197 2198 2271
f 2197 2271 2270
f 2198 2199 2272
f 2198 2272 2271
f 2199 2200 2273
f 2199 2273 2272
f 2200 2201 2274
f 2200 2274 2273
f 2201 2202 2275
f 2201 2275 2274
f 2202 2203 2276
f 2202 2276 2275
f 2203 2204 2277
f 2203 2277 2276
f 2204 2205 2278
f 2204 2278 2277
f 2205 2206 2279
f 2205 2279 2278
f 2206 2207 2280
f 2206 2280 2279
f 2207 2208 2281
f 2207 2281 2280
f 2208 2209 2282
f 2208 2282 2281
f 2209 2210 2283
f 2209 2283 2282
f 2210 2211 2284
f 2210 2284 2283
f 2211 2212 2285
f 2211 2285 2284
f 2212 2213 2286
f 2212 2286 2285
f 2213 2214 2287
f 2213 2287 2286
f 2214 2215 2288
f 2214 2288 2287
f 2215 2216 2289
f 2215 2289 2288
f 2216 2217 2290
f 2216 2290 2289
f 2217 2218 2291
f 2217 2291 2290
f 2218 2219 2292
f 2218 2292 2291
f 2219 2220 2293
f 2219 2293 2292
f 2220 2221 2294
f 2220 2294 2293
f 2221 2222 2295
f 2221 2295 2294
f 2222 2223 2296
f 2222 2296 2295
f 2223 2224 2297
f 2223 2297 2296
f 2224 2225 2298
f 2224 2298 2297
f 2225 2226 2299
f 2225 2299 2298
f 2226 2227 2300
f 2226 2300 2299
f 2227 2228 2301
f 2227 2301 2300
f 2228 2229 2302
f 2228 2302 2301
f 2229 2230 2303
f 2229 2303 2302
f 2230 2231 2304
f 2230 2304 2303
f 2231 2232 2305
f 2231 2305 2304
f 2232 2233 2306
f 2232 2306 2305
f 2233 2234 2307
f 2233 2307 2306
f 2234 2235 2308
f 2234 2308 2307
f 2235 2236 2309
f 2235 2309 2308
f 2236 2237 2310
f 2236 2310 2309
f 2237 2238 2311
f 2237 2311 2310
f 2238 2239 2312
f 2238 2312 2311
f 2239 2240 2313
f 2239 2313 2312
f 2240 2241 2314
f 2240 2314 2313
f 2241 2242 2315
f 2241 2315 2314
f 2242 2243 2316
f 2242 2316 2315
f 2243 2244 2317
f 2243 2317 2316
f 2244 2245 2318
f 2244 2318 2317
f 2245 2246 2319
f 2245 2319 2318
f 2246 2247 2320
f 2246 2320 2319
f 2247 2248 2321
f 2247 2321 2320
f 2248 2249 2322
f 2248 2322 2321
f 2249 2250 2323
f 2249 2323 2322
f 2250 2251 2324
f 2250 2324 2323
f 2251 2252 2325
f 2251 2325 2324
f 2252 2253 2326
f 2252 2326 2325
f 2253 2254 2327
f 2253 2327 2326
f 2254 2255 2328
f 2254 2328 2327
f 2255 2256 2329
f 2255 2329 2328
f 2256 2257 2330
f 2256 2330 2329
f 2257 2258 2331
f 2257 2331 2330
f 2258 2259 2332
f 2258 2332 2331
f 2259 2260 2333
f 2259 2333 2332
f 2260 2261 2334
f 2260 2334 2333
f 2261 2262 2335
f 2261 2335 2334
f 2262 2263 2336
f 2262 2336 2335
f 2264 2265 2338
f 2264 2338 2337
f 2265 2266 2339
f 2265 2339 2338
f 2266 2267 2340
f 2266 2340 2339
f 2267 2268 2341
f 2267 2341 2340
f 2268 2269 2342
f 2268 2342 2341
f 2269 2270 2343
f 2269 2343 2342
f 2270 2271 2344
f 2270 2344 2343
f 2271 2272 2345
f 2271 2345 2344
f 2272 2273 2346
f 2272 2346 2345
f 2273 2274 2347
f 2273 2347 2346
f 2274 2275 2348
f 2274 2348 2347
f 2275 2276 2349
f 2275 2349 2348
f 2276 2277 2350
f 2276 2350 2349
f 2277 2278 2351
f 2277 2351 2350
f 2278 2279 2352
f 2278 2352 2351
f 2279 2280 2353
f 2279 2353 2352
f 2280 2281 2354
f 2280 2354 2353
f 2281 2282 2355
f 2281 2355 2354
f 2282 2283 2356
f 2282 2356 2355
f 2283 2284 2357
f 2283 2357 2356
f 2284 2285 2358
f 2284 2358 2357
f 2285 2286 2359
f 2285 2359 2358
f 2286 2287 2360
f 2286 2360 2359
f 2287 2288 2361
f 2287 2361 2360
f 2288 2289 2362
f 2288 2362 2361
f 2289 2290 2363
f 2289 2363 2362
f 2290 2291 2364
f 2290 2364 2363
f 2291 2292 2365
f 2291 2365 2364
f 2292 2293 2366
f 2292 2366 2365
f 2293 2294 2367
f 2293 2367 2366
f 2294 2295 2368
f 2294 2368 2367
f 2295 2296 2369
f 2295 2369 2368
f 2296 2297 2370
f 2296 2370 2369
f 2297 2298 2371
f 2297 2371 2370
f 2298 2299 2372
f 2298 2372 2371
f 2299 2300 2373
f 2299 2373 2372
f 2300 2301 2374
f 2300 2374 2373
f 2301 2302 2375
f 2301 2375 2374
f 2302 2303 2376
f 2302 2376 2375
f 2303 2304 2377
f 2303 2377 2376
f 2304 2305 2378
f 2304 2378 2377
f 2305 2306 2379
f 2305 2379 2378
f 2306 2307 2380
f 2306 2380 2379
f 2307 2308 2381
f 2307 2381 2380
f 2308 2309 2382
f 2308 2382 2381
f 2309 2310 2383
f 2309 2383 2382
f 2310 2311 2384
f 2310 2384 2383
f 2311 2312 2385
f 2311 2385 2384
f 2312 2313 2386
f 2312 2386 2385
f 2313 2314 2387
f 2313 2387 2386
f 2314 2315 2388
f 2314 2388 2387
f 2315 2316 2389
f 2315 2389 2388
f 2316 2317 2390
f 2316 2390 2389
f 2317 2318 2391
f 2317 2391 2390
f 2318 2319 2392
f 2318 2392 2391
f 2319 2320 2393
f 2319 2393 2392
f 2320 2321 2394
f 2320 2394 2393
f 2321 2322 2395
f 2321 2395 2394
f 2322 2323 2396
f 2322 2396 2395
f 2323 2324 2397
f 2323 2397 2396
f 2324 2325 2398
f 2324 2398 2397
f 2325 2326 2399
f 2325 2399 2398
f 2326 2327 2400
f 2326 2400 2399
f 2327 2328 2401
f 2327 2401 2400
f 2328 2329 2402
f 2328 2402 2401
f 2329 2330 2403
f 2329 2403 2402
f 2330 2331 2404
f 2330 2404 2403
f 2331 2332 2405
f 2331 2405 2404
f 2332 2333 2406
f 2332 2406 2405
f 2333 2334 2407
f 2333 2407 2406
f 2334 2335 2408
f 2334 2408 2407
f 2335 2336 2409
f 2335 2409 2408
f 2337 2338 2411
f 2337 2411 2410
f 2338 2339 2412
f 2338 2412 2411
f 2339 2340 2413
f 2339 2413 2412
f 2340 2341 2414
f 2340 2414 2413
f 2341 2342 2415
f 2341 2415 2414
f 2342 2343 2416
f 2342 2416 2415
f 2343 2344 2417
f 2343 2417 2416
f 2344 2345 2418
f 2344 2418 2417
f 2345 2346 2419
f 2345 2419 2418
f 2346 2347 2420
f 2346 2420 2419
f 2347 2348 2421
f 2347 2421 2420
f 2348 2349 2422
f 2348 2422 2421
f 2349 2350 2423
f 2349 2423 2422
f 2350 2351 2424
f 2350 2424 2423
f 2351 2352 2425
f 2351 2425 2424
f 2352 2353 2426
f 2352 2426 2425
f 2353 2354 2427
f 2353 2427 2426
f 2354 2355 2428
f 2354 2428 2427
f 2355 2356 2429
f 2355 2429 2428
f 2356 2357 2430
f 2356 2430 2429
f 2357 2358 2431
f 2357 2431 2430
f 2358 2359 2432
f 2358 2432 2431
f 2359 2360 2433
f 2359 2433 2432
f 2360 2361 2434
f 2360 2434 2433
f 2361 2362 2435
f 2361 2435 2434
f 2362 2363 2436
f 2362 2436 2435
f 2363 2364 2437
f 2363 2437 2436
f 2364 2365 2438
f 2364 2438 2437
f 2365 2366 2439
f 2365 2439 2438
f 2366 2367 2440
f 2366 2440 2439
f 2367 2368 2441
f 2367 2441 2440
f 2368 2369 2442
f 2368 2442 2441
f 2369 2370 2443
f 2369 2443 2442
f 2370 2371 2444
f 2370 2444 2443
f 2371 2372 2445
f 2371 2445 2444
f 2372 2373 2446
f 2372 2446 2445
f 2373 2374 2447
f 2373 2447 2446
f 2374 2375 2448
f 2374 2448 2447
f 2375 2376 2449
f 2375 2449 2448
f 2376 2377 2450
f 2376 2450 2449
f 2377 2378 2451
f 2377 2451 2450
f 2378 2379 2452
f 2378 2452 2451
f 2379 2380 2453
f 2379 2453 2452
f 2380 2381 2454
f 2380 2454 2453
f 2381 2382 2455
f 2381 2455 2454
f 2382 2383 2456
f 2382 2456 2455
f 2383 2384 2457
f 2383 2457 2456
f 2384 2385 2458
f 2384 2458 2457
f 2385 2386 2459
f 2385 2459 2458
f 2386 2387 2460
f 2386 2460 2459
f 2387 2388 2461
f 2387 2461 2460
f 2388 2389 2462
f 2388 2462 2461
f 2389 2390 2463
f 2389 2463 2462
f 2390 2391 2464
f 2390 2464 2463
f 2391 2392 2465
f 2391 2465 2464
f 2392 2393 2466
f 2392 2466 2465
f 2393 2394 2467
f 2393 2467 2466
f 2394 2395 2468
f 2394 2468 2467
f 2395 2396 2469
f 2395 2469 2468
f 2396 2397 2470
f 2396 2470 2469
f 2397 2398 2471
f 2397 2471 2470
f 2398 2399 2472
f 2398 2472 2471
f 2399 2400 2473
f 2399 2473 2472
f 2400 2401 2474
f 2400 2474 2473
f 2401 2402 2475
f 2401 2475 2474
f 2402 2403 2476
f 2402 2476 2475
f 2403 2404 2477
f 2403 2477 2476
f 2404 2405 2478
f 2404 2478 2477
f 2405 2406 2479
f 2405 2479 2478
f 2406 2407 2480
f 2406 2480 2479
f 2407 2408 2481
f 2407 2481 2480
f 2408 2409 2482
f 2408 2482 2481
f 2410 2411 2484
f 2410 2484 2483
f 2411 2412 2485
f 2411 2485 2484
f 2412 2413 2486
f 2412 2486 2485
f 2413 2414 2487
f 2413 2487 2486
f 2414 2415 2488
f 2414 2488 2487
f 2415 2416 2489
f 2415 2489 2488
f 2416 2417 2490
f 2416 2490 2489
f 2417 2418 2491
f 2417 2491 2490
f 2418 2419 2492
f 2418 2492 2491
f 2419 2420 2493
f 2419 2493 2492
f 2420 2421 2494
f 2420 2494 2493
f 2421 2422 2495
f 2421 2495 2494
f 2422 2423 2496
f 2422 2496 2495
f 2423 2424 2497
f 2423 2497 2496
f 2424 2425 2498
f 2424 2498 2497
f 2425 2426 2499
f 2425 2499 2498
f 2426 2427 2500
f 2426 2500 2499
f 2427 2428 2501
f 2427 2501 2500
f 2428 2429 2502
f 2428 2502 2501
f 2429 2430 2503
f 2429 2503 2502
f 2430 2431 2504
f 2430 2504 2503
f 2431 2432 2505
f 2431 2505 2504
f 2432 2433 2506
f 2432 2506 2505
f 2433 2434 2507
f 2433 2507 2506
f 2434 2435 2508
f 2434 2508 2507
f 2435 2436 2509
f 2435 2509 2508
f 2436 2437 2510
f 2436 2510 2509
f 2437 2438 2511
f 2437 2511 2510
f 2438 2439 2512
f 2438 2512 2511
f 2439 2440 2513
f 2439 2513 2512
f 2440 2441 2514
f 2440 2514 2513
f 2441 2442 2515
f 2441 2515 2514
f 2442 2443 2516
f 2442 2516 2515
f 2443 2444 2517
f 2443 2517 2516
f 2444 2445 2518
f 2444 2518 2517
f 2445 2446 2519
f 2445 2519 2518
f 2446 2447 2520
f 2446 2520 2519
f 2447 2448 2521
f 2447 2521 2520
f 2448 2449 2522
f 2448 2522 2521
f 2449 2450 2523
f 2449 2523 2522
f 2450 2451 2524
f 2450 2524 2523
f 2451 2452 2525
f 2451 2525 2524
f 2452 2453 2526
f 2452 2526 2525
f 2453 2454 2527
f 2453 2527 2526
f 2454 2455 2528
f 2454 2528 2527
f 2455 2456 2529
f 2455 2529 2528
f 2456 2457 2530
f 2456 2530 2529
f 2457 2458 2531
f 2457 2531 2530
f 2458 2459 2532
f 2458 2532 2531
f 2459 2460 2533
f 2459 2533 2532
f 2460 2461 2534
f 2460 2534 2533
f 2461 2462 2535
f 2461 2535 2534
f 2462 2463 2536
f 2462 2536 2535
f 2463 2464 2537
f 2463 2537 2536
f 2464 2465 2538
f 2464 2538 2537
f 2465 2466 2539
f 2465 2539 2538
f 2466 2467 2540
f 2466 2540 2539
f 2467 2468 2541
f 2467 2541 2540
f 2468 2469 2542
f 2468 2542 2541
f 2469 2470 2543
f 2469 2543 2542
f 2470 2471 2544
f 2470 2544 2543
f 2471 2472 2545
f 2471 2545 2544
f 2472 2473 2546
f 2472 2546 2545
f 2473 2474 2547
f 2473 2547 2546
f 2474 2475 2548
f 2474 2548 2547
f 2475 2476 2549
f 2475 2549 2548
f 2476 2477 2550
f 2476 2550 2549
f 2477 2478 2551
f 2477 2551 2550
f 2478 2479 2552
f 2478 2552 2551
f 2479 2480 2553
f 2479 2553 2552
f 2480 2481 2554
f 2480 2554 2553
f 2481 2482 2555
f 2481 2555 2554
f 2483 2484 2557
f 2483 2557 2556
f 2484 2485 2558
f 2484 2558 2557
f 2485 2486 2559
f 2485 2559 2558
f 2486 2487 2560
f 2486 2560 2559
f 2487 2488 2561
f 2487 2561 2560
f 2488 2489 2562
f 2488 2562 2561
f 2489 2490 2563
f 2489 2563 2562
f 2490 2491 2564
f 2490 2564 2563
f 2491 2492 2565
f 2491 2565 2564
f 2492 2493 2566
f 2492 2566 2565
f 2493 2494 2567
f 2493 2567 2566
f 2494 2495 2568
f 2494 2568 2567
f 2495 2496 2569
f 2495 2569 2568
f 2496 2497 2570
f 2496 2570 2569
f 2497 2498 2571
f 2497 2571 2570
f 2498 2499 2572
f 2498 2572 2571
f 2499 2500 2573
f 2499 2573 2572
f 2500 2501 2574
f 2500 2574 2573
f 2501 2502 2575
f 2501 2575 2574
f 2502 2503 2576
f 2502 2576 2575
f 2503 2504 2577
f 2503 2577 2576
f 2504 2505 2578
f 2504 2578 2577
f 2505 2506 2579
f 2505 2579 2578
f 2506 2507 2580
f 2506 2580 2579
f 2507 2508 2581
f 2507 2581 2580
f 2508 2509 2582
f 2508 2582 2581
f 2509 2510 2583
f 2509 2583 2582
f 2510 2511 2584
f 2510 2584 2583
f 2511 2512 2585
f 2511 2585 2584
f 2512 2513 2586
f 2512 2586 2585
f 2513 2514 2587
f 2513 2587 2586
f 2514 2515 2588
f 2514 2588 2587
f 2515 2516 2589
f 2515 2589 2588
f 2516 2517 2590
f 2516 2590 2589
f 2517 2518 2591
f 2517 2591 2590
f 2518 2519 2592
f 2518 2592 2591
f 2519 2520 2593
f 2519 2593 2592
f 2520 2521 2594
f 2520 2594 2593
f 2521 2522 2595
f 2521 2595 2594
f 2522 2523 2596
f 2522 2596 2595
f 2523 2524 2597
f 2523 2597 2596
f 2524 2525 2598
f 2524 2598 2597
f 2525 2526 2599
f 2525 2599 2598
f 2526 2527 2600
f 2526 2600 2599
f 2527 2528 2601
f 2527 2601 2600
f 2528 2529 2602
f 2528 2602 2601
f 2529 2530 2603
f 2529 2603 2602
f 2530 2531 2604
f 2530 2604 2603
f 2531 2532 2605
f 2531 2605 2604
f 2532 2533 2606
f 2532 2606 2605
f 2533 2534 2607
f 2533 2607 2606
f 2534 2535 2608
f 2534 2608 2607
f 2535 2536 2609
f 2535 2609 2608
f 2536 2537 2610
f 2536 2610 2609
f 2537 2538 2611
f 2537 2611 2610
f 2538 2539 2612
f 2538 2612 2611
f 2539 2540 2613
f 2539 2613 2612
f 2540 2541 2614
f 2540 2614 2613
f 2541 2542 2615
f 2541 2615 2614
f 2542 2543 2616
f 2542 2616 2615
f 2543 2544 2617
f 2543 2617 2616
f 2544 2545 2618
f 2544 2618 2617
f 2545 2546 2619
f 2545 2619 2618
f 2546 2547 2620
f 2546 2620 2619
f 2547 2548 2621
f 2547 2621 2620
f 2548 2549 2622
f 2548 2622 2621
f 2549 2550 2623
f 2549 2623 2622
f 2550 2551 2624
f 2550 2624 2623
f 2551 2552 2625
f 2551 2625 2624
f 2552 2553 2626
f 2552 2626 2625
f 2553 2554 2627
f 2553 2627 2626
f 2554 2555 2628
f 2554 2628 2627
f 2556 2557 2630
f 2556 2630 2629
f 2557 2558 2631
f 2557 2631 2630
f 2558 2559 2632
f 2558 2632 2631
f 2559 2560 2633
f 2559 2633 2632
f 2560 2561 2634
f 2560 2634 2633
f 2561 2562 2635
f 2561 2635 2634
f 2562 2563 2636
f 2562 2636 2635
f 2563 2564 2637
f 2563 2637 2636
f 2564 2565 2638
f 2564 2638 2637
f 2565 2566 2639
f 2565 2639 2638
f 2566 2567 2640
f 2566 2640 2639
f 2567 2568 2641
f 2567 2641 2640
f 2568 2569 2642
f 2568 2642 2641
f 2569 2570 2643
f 2569 2643 2642
f 2570 2571 2644
f 2570 2644 2643
f 2571 2572 2645
f 2571 2645 2644
f 2572 2573 2646
f 2572 2646 2645
f 2573 2574 2647
f 2573 2647 2646
f 2574 2575 2648
f 2574 2648 2647
f 2575 2576 2649
f 2575 2649 2648
f 2576 2577 2650
f 2576 2650 2649
f 2577 2578 2651
f 2577 2651 2650
f 2578 2579 2652
f 2578 2652 2651
f 2579 2580 2653
f 2579 2653 2652
f 2580 2581 2654
f 2580 2654 2653
f 2581 2582 2655
f 2581 2655 2654
f 2582 2583 2656
f 2582 2656 2655
f 2583 2584 2657
f 2583 2657 2656
f 2584 2585 2658
f 2584 2658 2657
f 2585 2586 2659
f 2585 2659 2658
f 2586 2587 2660
f 2586 2660 2659
f 2587 2588 2661
f 2587 2661 2660
f 2588 2589 2662
f 2588 2662 2661
f 2589 2590 2663
f 2589 2663 2662
f 2590 2591 2664
f 2590 2664 2663
f 2591 2592 2665
f 2591 2665 2664
f 2592 2593 2666
f 2592 2666 2665
f 2593 2594 2667
f 2593 2667 2666
f 2594 2595 2668
f 2594 2668 2667
f 2595 2596 2669
f 2595 2669 2668
f 2596 2597 2670
f 2596 2670 2669
f 2597 2598 2671
f 2597 2671 2670
f 2598 2599 2672
f 2598 2672 2671
f 2599 2600 2673
f 2599 2673 2672
f 2600 2601 2674
f 2600 2674 2673
f 2601 2602 2675
f 2601 2675 2674
f 2602 2603 2676
f 2602 2676 2675
f 2603 2604 2677
f 2603 2677 2676
f 2604 2605 2678
f 2604 2678 2677
f 2605 2606 2679
f 2605 2679 2678
f 2606 2607 2680
f 2606 2680 2679
f 2607 2608 2681
f 2607 2681 2680
f 2608 2609 2682
f 2608 2682 2681
f 2609 2610 2683
f 2609 2683 2682
f 2610 2611 2684
f 2610 2684 2683
f 2611 2612 2685
f 2611 2685 2684
f 2612 2613 2686
f 2612 2686 2685
f 2613 2614 2687
f 2613 2687 2686
f 2614 2615 2688
f 2614 2688 2687
f 2615 2616 2689
f 2615 2689 2688
f 2616 2617 2690
f 2616 2690 2689
f 2617 2618 2691
f 2617 2691 2690
f 2618 2619 2692
f 2618 2692 2691
f 2619 2620 2693
f 2619 2693 2692
f 2620 2621 2694
f 2620 2694 2693
f 2621 2622 2695
f 2621 2695 2694
f 2622 2623 2696
f 2622 2696 2695
f 2623 2624 2697
f 2623 2697 2696
f 2624 2625 2698
f 2624 2698 2697
f 2625 2626 2699
f 2625 2699 2698
f 2626 2627 2700
f 2626 2700 2699
f 2627 2628 2701
f 2627 2701 2700
f 2629 2630 2703
f 2629 2703 2702
f 2630 2631 2704
f 2630 2704 2703
f 2631 2632 2705
f 2631 2705 2704
f 2632 2633 2706
f 2632 2706 2705
f 2633 2634 2707
f 2633 2707 2706
f 2634 2635 2708
f 2634 2708 2707
f 2635 2636 2709
f 2635 2709 2708
f 2636 2637 2710
f 2636 2710 2709
f 2637 2638 2711
f 2637 2711 2710
f 2638 2639 2712
f 2638 2712 2711
f 2639 2640 2713
f 2639 2713 2712
f 2640 2641 2714
f 2640 2714 2713
f 2641 2642 2715
f 2641 2715 2714
f 2642 2643 2716
f 2642 2716 2715
f 2643 2644 2717
f 2643 2717 2716
f 2644 2645 2718
f 2644 2718 2717
f 2645 2646 2719
f 2645 2719 2718
f 2646 2647 2720
f 2646 2720 2719
f 2647 2648 2721
f 2647 2721 2720
f 2648 2649 2722
f 2648 2722 2721
f 2649 2650 2723
f 2649 2723 2722
f 2650 2651 2724
f 2650 2724 2723
f 2651 2652 2725
f 2651 2725 2724
f 2652 2653 2726
f 2652 2726 2725
f 2653 2654 2727
f 2653 2727 2726
f 2654 2655 2728
f 2654 2728 2727
f 2655 2656 2729
f 2655 2729 2728
f 2656 2657 2730
f 2656 2730 2729
f 2657 2658 2731
f 2657 2731 2730
f 2658 2659 2732
f 2658 2732 2731
f 2659 2660 2733
f 2659 2733 2732
f 2660 2661 2734
f 2660 2734 2733
f 2661 2662 2735
f 2661 2735 2734
f 2662 2663 2736
f 2662 2736 2735
f 2663 2664 2737
f 2663 2737 2736
f 2664 2665 2738
f 2664 2738 2737
f 2665 2666 2739
f 2665 2739 2738
f 2666 2667 2740
f 2666 2740 2739
f 2667 2668 2741
f 2667 2741 2740
f 2668 2669 2742
f 2668 2742 2741
f 2669 2670 2743
f 2669 2743 2742
f 2670 2671 2744
f 2670 2744 2743
f 2671 2672 2745
f 2671 2745 2744
f 2672 2673 2746
f 2672 2746 2745
f 2673 2674 2747
f 2673 2747 2746
f 2674 2675 2748
f 2674 2748 2747
f 2675 2676 2749
f 2675 2749 2748
f 2676 2677 2750
f 2676 2750 2749
f 2677 2678 2751
f 2677 2751 2750
f 2678 2679 2752
f 2678 2752 2751
f 2679 2680 2753
f 2679 2753 2752
f 2680 2681 2754
f 2680 2754 2753
f 2681 2682 2755
f 2681 2755 2754
f 2682 2683 2756
f 2682 2756 2755
f 2683 2684 2757
f 2683 2757 2756
f 2684 2685 2758
f 2684 2758 2757
f 2685 2686 2759
f 2685 2759 2758
f 2686 2687 2760
f 2686 2760 2759
f 2687 2688 2761
f 2687 2761 2760
f 2688 2689 2762
f 2688 2762 2761
f 2689 2690 2763
f 2689 2763 2762
f 2690 2691 2764
f 2690 2764 2763
f 2691 2692 2765
f 2691 2765 2764
f 2692 2693 2766
f 2692 2766 2765
f 2693 2694 2767
f 2693 2767 2766
f 2694 2695 2768
f 2694 2768 2767
f 2695 2696 2769
f 2695 2769 2768
f 2696 2697 2770
f 2696 2770 2769
f 2697 2698 2771
f 2697 2771 2770
f 2698 2699 2772
f 2698 2772 2771
f 2699 2700 2773
f 2699 2773 2772
f 2700 2701 2774
f 2700 2774 2773
f 2702 2703 2776
f 2702 2776 2775
f 2703 2704 2777
f 2703 2777 2776
f 2704 2705 2778
f 2704 2778 2777
f 2705 2706 2779
f 2705 2779 2778
f 2706 2707 2780
f 2706 2780 2779
f 2707 2708 2781
f 2707 2781 2780
f 2708 2709 2782
f 2708 2782 2781
f 2709 2710 2783
f 2709 2783 2782
f 2710 2711 2784
f 2710 2784 2783
f 2711 2712 2785
f 2711 2785 2784
f 2712 2713 2786
f 2712 2786 2785
f 2713 2714 2787
f 2713 2787 2786
f 2714 2715 2788
f 2714 2788 2787
f 2715 2716 2789
f 2715 2789 2788
f 2716 2717 2790
f 2716 2790 2789
f 2717 2718 2791
f 2717 2791 2790
f 2718 2719 2792
f 2718 2792 2791
f 2719 2720 2793
f 2719 2793 2792
f 2720 2721 2794
f 2720 2794 2793
f 2721 2722 2795
f 2721 2795 2794
f 2722 2723 2796
f 2722 2796 2795
f 2723 2724 2797
f 2723 2797 2796
f 2724 2725 2798
f 2724 2798 2797
f 2725 2726 2799
f 2725 2799 2798
f 2726 2727 2800
f 2726 2800 2799
f 2727 2728 2801
f 2727 2801 2800
f 2728 2729 2802
f 2728 2802 2801
f 2729 2730 2803
f 2729 2803 2802
f 2730 2731 2804
f 2730 2804 2803
f 2731 2732 2805
f 2731 2805 2804
f 2732 2733 2806
f 2732 2806 2805
f 2733 2734 2807
f 2733 2807 2806
f 2734 2735 2808
f 2734 2808 2807
f 2735 2736 2809
f 2735 2809 2808
f 2736 2737 2810
f 2736 2810 2809
f 2737 2738 2811
f 2737 2811 2810
f 2738 2739 2812
f 2738 2812 2811
f 2739 2740 2813
f 2739 2813 2812
f 2740 2741 2814
f 2740 2814 2813
f 2741 2742 2815
f 2741 2815 2814
f 2742 2743 2816
f 2742 2816 2815
f 2743 2744 2817
f 2743 2817 2816
f 2744 2745 2818
f 2744 2818 2817
f 2745 2746 2819
f 2745 2819 2818
f 2746 2747 2820
f 2746 2820 2819
f 2747 2748 2821
f 2747 2821 2820
f 2748 2749 2822
f 2748 2822 2821
f 2749 2750 2823
f 2749 2823 2822
f 2750 2751 2824
f 2750 2824 2823
f 2751 2752 2825
f 2751 2825 2824
f 2752 2753 2826
f 2752 2826 2825
f 2753 2754 2827
f 2753 2827 2826
f 2754 2755 2828
f 2754 2828 2827
f 2755 2756 2829
f 2755 2829 2828
f 2756 2757 2830
f 2756 2830 2829
f 2757 2758 2831
f 2757 2831 2830
f 2758 2759 2832
f 2758 2832 2831
f 2759 2760 2833
f 2759 2833 2832
f 2760 2761 2834
f 2760 2834 2833
f 2761 2762 2835
f 2761 2835 2834
f 2762 2763 2836
f 2762 2836 2835
f 2763 2764 2837
f 2763 2837 2836
f 2764 2765 2838
f 2764 2838 2837
f 2765 2766 2839
f 2765 2839 2838
f 2766 2767 2840
f 2766 2840 2839
f 2767 2768 2841
f 2767 2841 2840
f 2768 2769 2842
f 2768 2842 2841
f 2769 2770 2843
f 2769 2843 2842
f 2770 2771 2844
f 2770 2844 2843
f 2771 2772 2845
f 2771 2845 2844
f 2772 2773 2846
f 2772 2846 2845
f 2773 2774 2847
f 2773 2847 2846
f 2775 2776 2849
f 2775 2849 2848
f 2776 2777 2850
f 2776 2850 2849
f 2777 2778 2851
f 2777 2851 2850
f 2778 2779 2852
f 2778 2852 2851
f 2779 2780 2853
f 2779 2853 2852
f 2780 2781 2854
f 2780 2854 2853
f 2781 2782 2855
f 2781 2855 2854
f 2782 2783 2856
f 2782 2856 2855
f 2783 2784 2857
f 2783 2857 2856
f 2784 2785 2858
f 2784 2858 2857
f 2785 2786 2859
f 2785 2859 2858
f 2786 2787 2860
f 2786 2860 2859
f 2787 2788 2861
f 2787 2861 2860
f 2788 2789 2862
f 2788 2862 2861
f 2789 2790 2863
f 2789 2863 2862
f 2790 2791 2864
f 2790 2864 2863
f 2791 2792 2865
f 2791 2865 2864
f 2792 2793 2866
f 2792 2866 2865
f 2793 2794 2867
f 2793 2867 2866
f 2794 2795 2868
f 2794 2868 2867
f 2795 2796 2869
f 2795 2869 2868
f 2796 2797 2870
f 2796 2870 2869
f 2797 2798 2871
f 2797 2871 2870
f 2798 2799 2872
f 2798 2872 2871
f 2799 2800 2873
f 2799 2873 2872
f 2800 2801 2874
f 2800 2874 2873
f 2801 2802 2875
f 2801 2875 2874
f 2802 2803 2876
f 2802 2876 2875
f 2803 2804 2877
f 2803 2877 2876
f 2804 2805 2878
f 2804 2878 2877
f 2805 2806 2879
f 2805 2879 2878
f 2806 2807 2880
f 2806 2880 2879
f 2807 2808 2881
f 2807 2881 2880
f 2808 2809 2882
f 2808 2882 2881
f 2809 2810 2883
f 2809 2883 2882
f 2810 2811 2884
f 2810 2884 2883
f 2811 2812 2885
f 2811 2885 2884
f 2812 2813 2886
f 2812 2886 2885
f 2813 2814 2887
f 2813 2887 2886
f 2814 2815 2888
f 2814 2888 2887
f 2815 2816 2889
f 2815 2889 2888
f 2816 2817 2890
f 2816 2890 2889
f 2817 2818 2891
f 2817 2891 2890
f 2818 2819 2892
f 2818 2892 2891
f 2819 2820 2893
f 2819 2893 2892
f 2820 2821 2894
f 2820 2894 2893
f 2821 2822 2895
f 2821 2895 2894
f 2822 2823 2896
f 2822 2896 2895
f 2823 2824 2897
f 2823 2897 2896
f 2824 2825 2898
f 2824 2898 2897
f 2825 2826 2899
f 2825 2899 2898
f 2826 2827 2900
f 2826 2900 2899
f 2827 2828 2901
f 2827 2901 2900
f 2828 2829 2902
f 2828 2902 2901
f 2829 2830 2903
f 2829 2903 2902
f 2830 2831 2904
f 2830 2904 2903
f 2831 2832 2905
f 2831 2905 2904
f 2832 2833 2906
f 2832 2906 2905
f 2833 2834 2907
f 2833 2907 2906
f 2834 2835 2908
f 2834 2908 2907
f 2835 2836 2909
f 2835 2909 2908
f 2836 2837 2910
f 2836 2910 2909
f 2837 2838 2911
f 2837 2911 2910
f 2838 2839 2912
f 2838 2912 2911
f 2839 2840 2913
f 2839 2913 2912
f 2840 2841 2914
f 2840 2914 2913
f 2841 2842 2915
f 2841 2915 2914
f 2842 2843 2916
f 2842 2916 2915
f 2843 2844 2917
f 2843 2917 2916
f 2844 2845 2918
f 2844 2918 2917
f 2845 2846 2919
f 2845 2919 2918
f 2846 2847 2920
f 2846 2920 2919
f 2848 2849 2922
f 2848 2922 2921
f 2849 2850 2923
f 2849 2923 2922
f 2850 2851 2924
f 2850 2924 2923
f 2851 2852 2925
f 2851 2925 2924
f 2852 2853 2926
f 2852 2926 2925
f 2853 2854 2927
f 2853 2927 2926
f 2854 2855 2928
f 2854 2928 2927
f 2855 2856 2929
f 2855 2929 2928
f 2856 2857 2930
f 2856 2930 2929
f 2857 2858 2931
f 2857 2931 2930
f 2858 2859 2932
f 2858 2932 2931
f 2859 2860 2933
f 2859 2933 2932
f 2860 2861 2934
f 2860 2934 2933
f 2861 2862 2935
f 2861 2935 2934
f 2862 2863 2936
f 2862 2936 2935
f 2863 2864 2937
f 2863 2937 2936
f 2864 2865 2938
f 2864 2938 2937
f 2865 2866 2939
f 2865 2939 2938
f 2866 2867 2940
f 2866 2940 2939
f 2867 2868 2941
f 2867 2941 2940
f 2868 2869 2942
f 2868 2942 2941
f 2869 2870 2943
f 2869 2943 2942
f 2870 2871 2944
f 2870 2944 2943
f 2871 2872 2945
f 2871 2945 2944
f 2872 2873 2946
f 2872 2946 2945
f 2873 2874 2947
f 2873 2947 2946
f 2874 2875 2948
f 2874 2948 2947
f 2875 2876 2949
f 2875 2949 2948
f 2876 2877 2950
f 2876 2950 2949
f 2877 2878 2951
f 2877 2951 2950
f 2878 2879 2952
f 2878 2952 2951
f 2879 2880 2953
f 2879 2953 2952
f 2880 2881 2954
f 2880 2954 2953
f 2881 2882 2955
f 2881 2955 2954
f 2882 2883 2956
f 2882 2956 2955
f 2883 2884 2957
f 2883 2957 2956
f 2884 2885 2958
f 2884 2958 2957
f 2885 2886 2959
f 2885 2959 2958
f 2886 2887 2960
f 2886 2960 2959
f 2887 2888 2961
f 2887 2961 2960
f 2888 2889 2962
f 2888 2962 2961
f 2889 2890 2963
f 2889 2963 2962
f 2890 2891 2964
f 2890 2964 2963
f 2891 2892 2965
f 2891 2965 2964
f 2892 2893 2966
f 2892 2966 2965
f 2893 2894 2967
f 2893 2967 2966
f 2894 2895 2968
f 2894 2968 2967
f 2895 2896 2969
f 2895 2969 2968
f 2896 2897 2970
f 2896 2970 2969
f 2897 2898 2971
f 2897 2971 2970
f 2898 2899 2972
f 2898 2972 2971
f 2899 2900 2973
f 2899 2973 2972
f 2900 2901 2974
f 2900 2974 2973
f 2901 2902 2975
f 2901 2975 2974
f 2902 2903 2976
f 2902 2976 2975
f 2903 2904 2977
f 2903 2977 2976
f 2904 2905 2978
f 2904 2978 2977
f 2905 2906 2979
f 2905 2979 2978
f 2906 2907 2980
f 2906 2980 2979
f 2907 2908 2981
f 2907 2981 2980
f 2908 2909 2982
f 2908 2982 2981
f 2909 2910 2983
f 2909 2983 2982
f 2910 2911 2984
f 2910 2984 2983
f 2911 2912 2985
f 2911 2985 2984
f 2912 2913 2986
f 2912 2986 2985
f 2913 2914 2987
f 2913 2987 2986
f 2914 2915 2988
f 2914 2988 2987
f 2915 2916 2989
f 2915 2989 2988
f 2916 2917 2990
f 2916 2990 2989
f 2917 2918 2991
f 2917 2991 2990
f 2918 2919 2992
f 2918 2992 2991
f 2919 2920 2993
f 2919 2993 2992
f 2921 2922 2995
f 2921 2995 2994
f 2922 2923 2996
f 2922 2996 2995
f 2923 2924 2997
f 2923 2997 2996
f 2924 2925 2998
f 2924 2998 2997
f 2925 2926 2999
f 2925 2999 2998
f 2926 2927 3000
f 2926 3000 2999
f 2927 2928 3001
f 2927 3001 3000
f 2928 2929 3002
f 2928 3002 3001
f 2929 2930 3003
f 2929 3003 3002
f 2930 2931 3004
f 2930 3004 3003
f 2931 2932 3005
f 2931 3005 3004
f 2932 2933 3006
f 2932 3006 3005
f 2933 2934 3007
f 2933 3007 3006
f 2934 2935 3008
f 2934 3008 3007
f 2935 2936 3009
f 2935 3009 3008
f 2936 2937 3010
f 2936 3010 3009
f 2937 2938 3011
f 2937 3011 3010
f 2938 2939 3012
f 2938 3012 3011
f 2939 2940 3013
f 2939 3013 3012
f 2940 2941 3014
f 2940 3014 3013
f 2941 2942 3015
f 2941 3015 3014
f 2942 2943 3016
f 2942 3016 3015
f 2943 2944 3017
f 2943 3017 3016
f 2944 2945 3018
f 2944 3018 3017
f 2945 2946 3019
f 2945 3019 3018
f 2946 2947 3020
f 2946 3020 3019
f 2947 2948 3021
f 2947 3021 3020
f 2948 2949 3022
f 2948 3022 3021
f 2949 2950 3023
f 2949 3023 3022
f 2950 2951 3024
f 2950 3024 3023
f 2951 2952 3025
f 2951 3025 3024
f 2952 2953 3026
f 2952 3026 3025
f 2953 2954 3027
f 2953 3027 3026
f 2954 2955 3028
f 2954 3028 3027
f 2955 2956 3029
f 2955 3029 3028
f 2956 2957 3030
f 2956 3030 3029
f 2957 2958 3031
f 2957 3031 3030
f 2958 2959 3032
f 2958 3032 3031
f 2959 2960 3033
f 2959 3033 3032
f 2960 2961 3034
f 2960 3034 3033
f 2961 2962 3035
f 2961 3035 3034
f 2962 2963 3036
f 2962 3036 3035
f 2963 2964 3037
f 2963 3037 3036
f 2964 2965 3038
f 2964 3038 3037
f 2965 2966 3039
f 2965 3039 3038
f 2966 2967 3040
f 2966 3040 3039
f 2967 2968 3041
f 2967 3041 3040
f 2968 2969 3042
f 2968 3042 3041
f 2969 2970 3043
f 2969 3043 3042
f 2970 2971 3044
f 2970 3044 3043
f 2971 2972 3045
f 2971 3045 3044
f 2972 2973 3046
f 2972 3046 3045
f 2973 2974 3047
f 2973 3047 3046
f 2974 2975 3048
f 2974 3048 3047
f 2975 2976 3049
f 2975 3049 3048
f 2976 2977 3050
f 2976 3050 3049
f 2977 2978 3051
f 2977 3051 3050
f 2978 2979 3052
f 2978 3052 3051
f 2979 2980 3053
f 2979 3053 3052
f 2980 2981 3054
f 2980 3054 3053
f 2981 2982 3055
f 2981 3055 3054
f 2982 2983 3056
f 2982 3056 3055
f 2983 2984 3057
f 2983 3057 3056
f 2984 2985 3058
f 2984 3058 3057
f 2985 2986 3059
f 2985 3059 3058
f 2986 2987 3060
f 2986 3060 3059
f 2987 2988 3061
f 2987 3061 3060
f 2988 2989 3062
f 2988 3062 3061
f 2989 2990 3063
f 2989 3063 3062
f 2990 2991 3064
f 2990 3064 3063
f 2991 2992 3065
f 2991 3065 3064
f 2992 2993 3066
f 2992 3066 3065
f 2994 2995 3068
f 2994 3068 3067
f 2995 2996 3069
f 2995 3069 3068
f 2996 2997 3070
f 2996 3070 3069
f 2997 2998 3071
f 2997 3071 3070
f 2998 2999 3072
f 2998 3072 3071
f 2999 3000 3073
f 2999 3073 3072
f 3000 3001 3074
f 3000 3074 3073
f 3001 3002 3075
f 3001 3075 3074
f 3002 3003 3076
f 3002 3076 3075
f 3003 3004 3077
f 3003 3077 3076
f 3004 3005 3078
f 3004 3078 3077
f 3005 3006 3079
f 3005 3079 3078
f 3006 3007 3080
f 3006 3080 3079
f 3007 3008 3081
f 3007 3081 3080
f 3008 3009 3082
f 3008 3082 3081
f 3009 3010 3083
f 3009 3083 3082
f 3010 3011 3084
f 3010 3084 3083
f 3011 3012 3085
f 3011 3085 3084
f 3012 3013 3086
f 3012 3086 3085
f 3013 3014 3087
f 3013 3087 3086
f 3014 3015 3088
f 3014 3088 3087
f 3015 3016 3089
f 3015 3089 3088
f 3016 3017 3090
f 3016 3090 3089
f 3017 3018 3091
f 3017 3091 3090
f 3018 3019 3092
f 3018 3092 3091
f 3019 3020 3093
f 3019 3093 3092
f 3020 3021 3094
f 3020 3094 3093
f 3021 3022 3095
f 3021 3095 3094
f 3022 3023 3096
f 3022 3096 3095
f 3023 3024 3097
f 3023 3097 3096
f 3024 3025 3098
f 3024 3098 3097
f 3025 3026 3099
f 3025 3099 3098
f 3026 3027 3100
f 3026 3100 3099
f 3027 3028 3101
f 3027 3101 3100
f 3028 3029 3102
f 3028 3102 3101
f 3029 3030 3103
f 3029 3103 3102
f 3030 3031 3104
f 3030 3104 3103
f 3031 3032 3105
f 3031 3105 3104
f 3032 3033 3106
f 3032 3106 3105
f 3033 3034 3107
f 3033 3107 3106
f 3034 3035 3108
f 3034 3108 3107
f 3035 3036 3109
f 3035 3109 3108
f 3036 3037 3110
f 3036 3110 3109
f 3037 3038 3111
f 3037 3111 3110
f 3038 3039 3112
f 3038 3112 3111
f 3039 3040 3113
f 3039 3113 3112
f 3040 3041 3114
f 3040 3114 3113
f 3041 3042 3115
f 3041 3115 3114
f 3042 3043 3116
f 3042 3116 3115
f 3043 3044 3117
f 3043 3117 3116
f 3044 3045 3118
f 3044 3118 3117
f 3045 3046 3119
f 3045 3119 3118
f 3046 3047 3120
f 3046 3120 3119
f 3047 3048 3121
f 3047 3121 3120
f 3048 3049 3122
f 3048 3122 3121
f 3049 3050 3123
f 3049 3123 3122
f 3050 3051 3124
f 3050 3124 3123
f 3051 3052 3125
f 3051 3125 3124
f 3052 3053 3126
f 3052 3126 3125
f 3053 3054 3127
f 3053 3127 3126
f 3054 3055 3128
f 3054 3128 3127
f 3055 3056 3129
f 3055 3129 3128
f 3056 3057 3130
f 3056 3130 3129
f 3057 3058 3131
f 3057 3131 3130
f 3058 3059 3132
f 3058 3132 3131
f 3059 3060 3133
f 3059 3133 3132
f 3060 3061 3134
f 3060 3134 3133
f 3061 3062 3135
f 3061 3135 3134
f 3062 3063 3136
f 3062 3136 3135
f 3063 3064 3137
f 3063 3137 3136
f 3064 3065 3138
f 3064 3138 3137
f 3065 3066 3139
f 3065 3139 3138
f 3067 3068 3141
f 3067 3141 3140
f 3068 3069 3142
f 3068 3142 3141
f 3069 3070 3143
f 3069 3143 3142
f 3070 3071 3144
f 3070 3144 3143
f 3071 3072 3145
f 3071 3145 3144
f 3072 3073 3146
f 3072 3146 3145
f 3073 3074 3147
f 3073 3147 3146
f 3074 3075 3148
f 3074 3148 3147
f 3075 3076 3149
f 3075 3149 3148
f 3076 3077 3150
f 3076 3150 3149
f 3077 3078 3151
f 3077 3151 3150
f 3078 3079 3152
f 3078 3152 3151
f 3079 3080 3153
f 3079 3153 3152
f 3080 3081 3154
f 3080 3154 3153
f 3081 3082 3155
f 3081 3155 3154
f 3082 3083 3156
f 3082 3156 3155
f 3083 3084 3157
f 3083 3157 3156
f 3084 3085 3158
f 3084 3158 3157
f 3085 3086 3159
f 3085 3159 3158
f 3086 3087 3160
f 3086 3160 3159
f 3087 3088 3161
f 3087 3161 3160
f 3088 3089 3162
f 3088 3162 3161
f 3089 3090 3163
f 3089 3163 3162
f 3090 3091 3164
f 3090 3164 3163
f 3091 3092 3165
f 3091 3165 3164
f 3092 3093 3166
f 3092 3166 3165
f 3093 3094 3167
f 3093 3167 3166
f 3094 3095 3168
f 3094 3168 3167
f 3095 3096 3169
f 3095 3169 3168
f 3096 3097 3170
f 3096 3170 3169
f 3097 3098 3171
f 3097 3171 3170
f 3098 3099 3172
f 3098 3172 3171
f 3099 3100 3173
f 3099 3173 3172
f 3100 3101 3174
f 3100 3174 3173
f 3101 3102 3175
f 3101 3175 3174
f 3102 3103 3176
f 3102 3176 3175
f 3103 3104 3177
f 3103 3177 3176
f 3104 3105 3178
f 3104 3178 3177
f 3105 3106 3179
f 3105 3179 3178
f 3106 3107 3180
f 3106 3180 3179
f 3107 3108 3181
f 3107 3181 3180
f 3108 3109 3182
f 3108 3182 3181
f 3109 3110 3183
f 3109 3183 3182
f 3110 3111 3184
f 3110 3184 3183
f 3111 3112 3185
f 3111 3185 3184
f 3112 3113 3186
f 3112 3186 3185
f 3113 3114 3187
f 3113 3187 3186
f 3114 3115 3188
f 3114 3188 3187
f 3115 3116 3189
f 3115 3189 3188
f 3116 3117 3190
f 3116 3190 3189
f 3117 3118 3191
f 3117 3191 3190
f 3118 3119 3192
f 3118 3192 3191
f 3119 3120 3193
f 3119 3193 3192
f 3120 3121 3194
f 3120 3194 3193
f 3121 3122 3195
f 3121 3195 3194
f 3122 3123 3196
f 3122 3196 3195
f 3123 3124 3197
f 3123 3197 3196
f 3124 3125 3198
f 3124 3198 3197
f 3125 3126 3199
f 3125 3199 3198
f 3126 3127 3200
f 3126 3200 3199
f 3127 3128 3201
f 3127 3201 3200
f 3128 3129 3202
f 3128 3202 3201
f 3129 3130 3203
f 3129 3203 3202
f 3130 3131 3204
f 3130 3204 3203
f 3131 3132 3205
f 3131 3205 3204
f 3132 3133 3206
f 3132 3206 3205
f 3133 3134 3207
f 3133 3207 3206
f 3134 3135 3208
f 3134 3208 3207
f 3135 3136 3209
f 3135 3209 3208
f 3136 3137 3210
f 3136 3210 3209
f 3137 3138 3211
f 3137 3211 3210
f 3138 3139 3212
f 3138 3212 3211
f 3140 3141 3214
f 3140 3214 3213
f 3141 3142 3215
f 3141 3215 3214
f 3142 3143 3216
f 3142 3216 3215
f 3143 3144 3217
f 3143 3217 3216
f 3144 3145 3218
f 3144 3218 3217
f 3145 3146 3219
f 3145 3219 3218
f 3146 3147 3220
f 3146 3220 3219
f 3147 3148 3221
f 3147 3221 3220
f 3148 3149 3222
f 3148 3222 3221
f 3149 3150 3223
f 3149 3223 3222
f 3150 3151 3224
f 3150 3224 3223
f 3151 3152 3225
f 3151 3225 3224
f 3152 3153 3226
f 3152 3226 3225
f 3153 3154 3227
f 3153 3227 3226
f 3154 3155 3228
f 3154 3228 3227
f 3155 3156 3229
f 3155 3229 3228
f 3156 3157 3230
f 3156 3230 3229
f 3157 3158 3231
f 3157 3231 3230
f 3158 3159 3232
f 3158 3232 3231
f 3159 3160 3233
f 3159 3233 3232
f 3160 3161 3234
f 3160 3234 3233
f 3161 3162 3235
f 3161 3235 3234
f 3162 3163 3236
f 3162 3236 3235
f 3163 3164 3237
f 3163 3237 3236
f 3164 3165 3238
f 3164 3238 3237
f 3165 3166 3239
f 3165 3239 3238
f 3166 3167 3240
f 3166 3240 3239
f 3167 3168 3241
f 3167 3241 3240
f 3168 3169 3242
f 3168 3242 3241
f 3169 3170 3243
f 3169 3243 3242
f 3170 3171 3244
f 3170 3244 3243
f 3171 3172 3245
f 3171 3245 3244
f 3172 3173 3246
f 3172 3246 3245
f 3173 3174 3247
f 3173 3247 3246
f 3174 3175 3248
f 3174 3248 3247
f 3175 3176 3249
f 3175 3249 3248
f 3176 3177 3250
f 3176 3250 3249
f 3177 3178 3251
f 3177 3251 3250
f 3178 3179 3252
f 3178 3252 3251
f 3179 3180 3253
f 3179 3253 3252
f 3180 3181 3254
f 3180 3254 3253
f 3181 3182 3255
f 3181 3255 3254
f 3182 3183 3256
f 3182 3256 3255
f 3183 3184 3257
f 3183 3257 3256
f 3184 3185 3258
f 3184 3258 3257
f 3185 3186 3259
f 3185 3259 3258
f 3186 3187 3260
f 3186 3260 3259
f 3187 3188 3261
f 3187 3261 3260
f 3188 3189 3262
f 3188 3262 3261
f 3189 3190 3263
f 3189 3263 3262
f 3190 3191 3264
f 3190 3264 3263
f 3191 3192 3265
f 3191 3265 3264
f 3192 3193 3266
f 3192 3266 3265
f 3193 3194 3267
f 3193 3267 3266
f 3194 3195 3268
f 3194 3268 3267
f 3195 3196 3269
f 3195 3269 3268
f 3196 3197 3270
f 3196 3270 3269
f 3197 3198 3271
f 3197 3271 3270
f 3198 3199 3272
f 3198 3272 3271
f 3199 3200 3273
f 3199 3273 3272
f 3200 3201 3274
f 3200 3274 3273
f 3201 3202 3275
f 3201 3275 3274
f 3202 3203 3276
f 3202 3276 3275
f 3203 3204 3277
f 3203 3277 3276
f 3204 3205 3278
f 3204 3278 3277
f 3205 3206 3279
f 3205 3279 3278
f 3206 3207 3280
f 3206 3280 3279
f 3207 3208 3281
f 3207 3281 3280
f 3208 3209 3282
f 3208 3282 3281
f 3209 3210 3283
f 3209 3283 3282
f 3210 3211 3284
f 3210 3284 3283
f 3211 3212 3285
f 3211 3285 3284
f 3213 3214 3287
f 3213 3287 3286
f 3214 3215 3288
f 3214 3288 3287
f 3215 3216 3289
f 3215 3289 3288
f 3216 3217 3290
f 3216 3290 3289
f 3217 3218 3291
f 3217 3291 3290
f 3218 3219 3292
f 3218 3292 3291
f 3219 3220 3293
f 3219 3293 3292
f 3220 3221 3294
f 3220 3294 3293
f 3221 3222 3295
f 3221 3295 3294
f 3222 3223 3296
f 3222 3296 3295
f 3223 3224 3297
f 3223 3297 3296
f 3224 3225 3298
f 3224 3298 3297
f 3225 3226 3299
f 3225 3299 3298
f 3226 3227 3300
f 3226 3300 3299
f 3227 3228 3301
f 3227 3301 3300
f 3228 3229 3302
f 3228 3302 3301
f 3229 3230 3303
f 3229 3303 3302
f 3230 3231 3304
f 3230 3304 3303
f 3231 3232 3305
f 3231 3305 3304
f 3232 3233 3306
f 3232 3306 3305
f 3233 3234 3307
f 3233 3307 3306
f 3234 3235 3308
f 3234 3308 3307
f 3235 3236 3309
f 3235 3309 3308
f 3236 3237 3310
f 3236 3310 3309
f 3237 3238 3311
f 3237 3311 3310
f 3238 3239 3312
f 3238 3312 3311
f 3239 3240 3313
f 3239 3313 3312
f 3240 3241 3314
f 3240 3314 3313
f 3241 3242 3315
f 3241 3315 3314
f 3242 3243 3316
f 3242 3316 3315
f 3243 3244 3317
f 3243 3317 3316
f 3244 3245 3318
f 3244 3318 3317
f 3245 3246 3319
f 3245 3319 3318
f 3246 3247 3320
f 3246 3320 3319
f 3247 3248 3321
f 3247 3321 3320
f 3248 3249 3322
f 3248 3322 3321
f 3249 3250 3323
f 3249 3323 3322
f 3250 3251 3324
f 3250 3324 3323
f 3251 3252 3325
f 3251 3325 3324
f 3252 3253 3326
f 3252 3326 3325
f 3253 3254 3327
f 3253 3327 3326
f 3254 3255 3328
f 3254 3328 3327
f 3255 3256 3329
f 3255 3329 3328
f 3256 3257 3330
f 3256 3330 3329
f 3257 3258 3331
f 3257 3331 3330
f 3258 3259 3332
f 3258 3332 3331
f 3259 3260 3333
f 3259 3333 3332
f 3260 3261 3334
f 3260 3334 3333
f 3261 3262 3335
f 3261 3335 3334
f 3262 3263 3336
f 3262 3336 3335
f 3263 3264 3337
f 3263 3337 3336
f 3264 3265 3338
f 3264 3338 3337
f 3265 3266 3339
f 3265 3339 3338
f 3266 3267 3340
f 3266 3340 3339
f 3267 3268 3341
f 3267 3341 3340
f 3268 3269 3342
f 3268 3342 3341
f 3269 3270 3343
f 3269 3343 3342
f 3270 3271 3344
f 3270 3344 3343
f 3271 3272 3345
f 3271 3345 3344
f 3272 3273 3346
f 3272 3346 3345
f 3273 3274 3347
f 3273 3347 3346
f 3274 3275 3348
f 3274 3348 3347
f 3275 3276 3349
f 3275 3349 3348
f 3276 3277 3350
f 3276 3350 3349
f 3277 3278 3351
f 3277 3351 3350
f 3278 3279 3352
f 3278 3352 3351
f 3279 3280 3353
f 3279 3353 3352
f 3280 3281 3354
f 3280 3354 3353
f 3281 3282 3355
f 3281 3355 3354
f 3282 3283 3356
f 3282 3356 3355
f 3283 3284 3357
f 3283 3357 3356
f 3284 3285 3358
f 3284 3358 3357
f 3286 3287 3360
f 3286 3360 3359
f 3287 3288 3361
f 3287 3361 3360
f 3288 3289 3362
f 3288 3362 3361
f 3289 3290 3363
f 3289 3363 3362
f 3290 3291 3364
f 3290 3364 3363
f 3291 3292 3365
f 3291 3365 3364
f 3292 3293 3366
f 3292 3366 3365
f 3293 3294 3367
f 3293 3367 3366
f 3294 3295 3368
f 3294 3368 3367
f 3295 3296 3369
f 3295 3369 3368
f 3296 3297 3370
f 3296 3370 3369
f 3297 3298 3371
f 3297 3371 3370
f 3298 3299 3372
f 3298 3372 3371
f 3299 3300 3373
f 3299 3373 3372
f 3300 3301 3374
f 3300 3374 3373
f 3301 3302 3375
f 3301 3375 3374
f 3302 3303 3376
f 3302 3376 3375
f 3303 3304 3377
f 3303 3377 3376
f 3304 3305 3378
f 3304 3378 3377
f 3305 3306 3379
f 3305 3379 3378
f 3306 3307 3380
f 3306 3380 3379
f 3307 3308 3381
f 3307 3381 3380
f 3308 3309 3382
f 3308 3382 3381
f 3309 3310 3383
f 3309 3383 3382
f 3310 3311 3384
f 3310 3384 3383
f 3311 3312 3385
f 3311 3385 3384
f 3312 3313 3386
f 3312 3386 3385
f 3313 3314 3387
f 3313 3387 3386
f 3314 3315 3388
f 3314 3388 3387
f 3315 3316 3389
f 3315 3389 3388
f 3316 3317 3390
f 3316 3390 3389
f 3317 3318 3391
f 3317 3391 3390
f 3318 3319 3392
f 3318 3392 3391
f 3319 3320 3393
f 3319 3393 3392
f 3320 3321 3394
f 3320 3394 3393
f 3321 3322 3395
f 3321 3395 3394
f 3322 3323 3396
f 3322 3396 3395
f 3323 3324 3397
f 3323 3397 3396
f 3324 3325 3398
f 3324 3398 3397
f 3325 3326 3399
f 3325 3399 3398
f 3326 3327 3400
f 3326 3400 3399
f 3327 3328 3401
f 3327 3401 3400
f 3328 3329 3402
f 3328 3402 3401
f 3329 3330 3403
f 3329 3403 3402
f 3330 3331 3404
f 3330 3404 3403
f 3331 3332 3405
f 3331 3405 3404
f 3332 3333 3406
f 3332 3406 3405
f 3333 3334 3407
f 3333 3407 3406
f 3334 3335 3408
f 3334 3408 3407
f 3335 3336 3409
f 3335 3409 3408
f 3336 3337 3410
f 3336 3410 3409
f 3337 3338 3411
f 3337 3411 3410
f 3338 3339 3412
f 3338 3412 3411
f 3339 3340 3413
f 3339 3413 3412
f 3340 3341 3414
f 3340 3414 3413
f 3341 3342 3415
f 3341 3415 3414
f 3342 3343 3416
f 3342 3416 3415
f 3343 3344 3417
f 3343 3417 3416
f 3344 3345 3418
f 3344 3418 3417
f 3345 3346 3419
f 3345 3419 3418
f 3346 3347 3420
f 3346 3420 3419
f 3347 3348 3421
f 3347 3421 3420
f 3348 3349 3422
f 3348 3422 3421
f 3349 3350 3423
f 3349 3423 3422
f 3350 3351 3424
f 3350 3424 3423
f 3351 3352 3425
f 3351 3425 3424
f 3352 3353 3426
f 3352 3426 3425
f 3353 3354 3427
f 3353 3427 3426
f 3354 3355 3428
f 3354 3428 3427
f 3355 3356 3429
f 3355 3429 3428
f 3356 3357 3430
f 3356 3430 3429
f 3357 3358 3431
f 3357 3431 3430
f 3359 3360 3433
f 3359 3433 3432
f 3360 3361 3434
f 3360 3434 3433
f 3361 3362 3435
f 3361 3435 3434
f 3362 3363 3436
f 3362 3436 3435
f 3363 3364 3437
f 3363 3437 3436
f 3364 3365 3438
f 3364 3438 3437
f 3365 3366 3439
f 3365 3439 3438
f 3366 3367 3440
f 3366 3440 3439
f 3367 3368 3441
f 3367 3441 3440
f 3368 3369 3442
f 3368 3442 3441
f 3369 3370 3443
f 3369 3443 3442
f 3370 3371 3444
f 3370 3444 3443
f 3371 3372 3445
f 3371 3445 3444
f 3372 3373 3446
f 3372 3446 3445
f 3373 3374 3447
f 3373 3447 3446
f 3374 3375 3448
f 3374 3448 3447
f 3375 3376 3449
f 3375 3449 3448
f 3376 3377 3450
f 3376 3450 3449
f 3377 3378 3451
f 3377 3451 3450
f 3378 3379 3452
f 3378 3452 3451
f 3379 3380 3453
f 3379 3453 3452
f 3380 3381 3454
f 3380 3454 3453
f 3381 3382 3455
f 3381 3455 3454
f 3382 3383 3456
f 3382 3456 3455
f 3383 3384 3457
f 3383 3457 3456
f 3384 3385 3458
f 3384 3458 3457
f 3385 3386 3459
f 3385 3459 3458
f 3386 3387 3460
f 3386 3460 3459
f 3387 3388 3461
f 3387 3461 3460
f 3388 3389 3462
f 3388 3462 3461
f 3389 3390 3463
f 3389 3463 3462
f 3390 3391 3464
f 3390 3464 3463
f 3391 3392 3465
f 3391 3465 3464
f 3392 3393 3466
f 3392 3466 3465
f 3393 3394 3467
f 3393 3467 3466
f 3394 3395 3468
f 3394 3468 3467
f 3395 3396 3469
f 3395 3469 3468
f 3396 3397 3470
f 3396 3470 3469
f 3397 3398 3471
f 3397 3471 3470
f 3398 3399 3472
f 3398 3472 3471
f 3399 3400 3473
f 3399 3473 3472
f 3400 3401 3474
f 3400 3474 3473
f 3401 3402 3475
f 3401 3475 3474
f 3402 3403 3476
f 3402 3476 3475
f 3403 3404 3477
f 3403 3477 3476
f 3404 3405 3478
f 3404 3478 3477
f 3405 3406 3479
f 3405 3479 3478
f 3406 3407 3480
f 3406 3480 3479
f 3407 3408 3481
f 3407 3481 3480
f 3408 3409 3482
f 3408 3482 3481
f 3409 3410 3483
f 3409 3483 3482
f 3410 3411 3484
f 3410 3484 3483
f 3411 3412 3485
f 3411 3485 3484
f 3412 3413 3486
f 3412 3486 3485
f 3413 3414 3487
f 3413 3487 3486
f 3414 3415 3488
f 3414 3488 3487
f 3415 3416 3489
f 3415 3489 3488
f 3416 3417 3490
f 3416 3490 3489
f 3417 3418 3491
f 3417 3491 3490
f 3418 3419 3492
f 3418 3492 3491
f 3419 3420 3493
f 3419 3493 3492
f 3420 3421 3494
f 3420 3494 3493
f 3421 3422 3495
f 3421 3495 3494
f 3422 3423 3496
f 3422 3496 3495
f 3423 3424 3497
f 3423 3497 3496
f 3424 3425 3498
f 3424 3498 3497
f 3425 3426 3499
f 3425 3499 3498
f 3426 3427 3500
f 3426 3500 3499
f 3427 3428 3501
f 3427 3501 3500
f 3428 3429 3502
f 3428 3502 3501
f 3429 3430 3503
f 3429 3503 3502
f 3430 3431 3504
f 3430 3504 3503
f 3432 3433 3506
f 3432 3506 3505
f 3433 3434 3507
f 3433 3507 3506
f 3434 3435 3508
f 3434 3508 3507
f 3435 3436 3509
f 3435 3509 3508
f 3436 3437 3510
f 3436 3510 3509
f 3437 3438 3511
f 3437 3511 3510
f 3438 3439 3512
f 3438 3512 3511
f 3439 3440 3513
f 3439 3513 3512
f 3440 3441 3514
f 3440 3514 3513
f 3441 3442 3515
f 3441 3515 3514
f 3442 3443 3516
f 3442 3516 3515
f 3443 3444 3517
f 3443 3517 3516
f 3444 3445 3518
f 3444 3518 3517
f 3445 3446 3519
f 3445 3519 3518
f 3446 3447 3520
f 3446 3520 3519
f 3447 3448 3521
f 3447 3521 3520
f 3448 3449 3522
f 3448 3522 3521
f 3449 3450 3523
f 3449 3523 3522
f 3450 3451 3524
f 3450 3524 3523
f 3451 3452 3525
f 3451 3525 3524
f 3452 3453 3526
f 3452 3526 3525
f 3453 3454 3527
f 3453 3527 3526
f 3454 3455 3528
f 3454 3528 3527
f 3455 3456 3529
f 3455 3529 3528
f 3456 3457 3530
f 3456 3530 3529
f 3457 3458 3531
f 3457 3531 3530
f 3458 3459 3532
f 3458 3532 3531
f 3459 3460 3533
f 3459 3533 3532
f 3460 3461 3534
f 3460 3534 3533
f 3461 3462 3535
f 3461 3535 3534
f 3462 3463 3536
f 3462 3536 3535
f 3463 3464 3537
f 3463 3537 3536
f 3464 3465 3538
f 3464 3538 3537
f 3465 3466 3539
f 3465 3539 3538
f 3466 3467 3540
f 3466 3540 3539
f 3467 3468 3541
f 3467 3541 3540
f 3468 3469 3542
f 3468 3542 3541
f 3469 3470 3543
f 3469 3543 3542
f 3470 3471 3544
f 3470 3544 3543
f 3471 3472 3545
f 3471 3545 3544
f 3472 3473 3546
f 3472 3546 3545
f 3473 3474 3547
f 3473 3547 3546
f 3474 3475 3548
f 3474 3548 3547
f 3475 3476 3549
f 3475 3549 3548
f 3476 3477 3550
f 3476 3550 3549
f 3477 3478 3551
f 3477 3551 3550
f 3478 3479 3552
f 3478 3552 3551
f 3479 3480 3553
f 3479 3553 3552
f 3480 3481 3554
f 3480 3554 3553
f 3481 3482 3555
f 3481 3555 3554
f 3482 3483 3556
f 3482 3556 3555
f 3483 3484 3557
f 3483 3557 3556
f 3484 3485 3558
f 3484 3558 3557
f 3485 3486 3559
f 3485 3559 3558
f 3486 3487 3560
f 3486 3560 3559
f 3487 3488 3561
f 3487 3561 3560
f 3488 3489 3562
f 3488 3562 3561
f 3489 3490 3563
f 3489 3563 3562
f 3490 3491 3564
f 3490 3564 3563
f 3491 3492 3565
f 3491 3565 3564
f 3492 3493 3566
f 3492 3566 3565
f 3493 3494 3567
f 3493 3567 3566
f 3494 3495 3568
f 3494 3568 3567
f 3495 3496 3569
f 3495 3569 3568
f 3496 3497 3570
f 3496 3570 3569
f 3497 3498 3571
f 3497 3571 3570
f 3498 3499 3572
f 3498 3572 3571
f 3499 3500 3573
f 3499 3573 3572
f 3500 3501 3574
f 3500 3574 3573
f 3501 3502 3575
f 3501 3575 3574
f 3502 3503 3576
f 3502 3576 3575
f 3503 3504 3577
f 3503 3577 3576
f 3505 3506 3579
f 3505 3579 3578
f 3506 3507 3580
f 3506 3580 3579
f 3507 3508 3581
f 3507 3581 3580
f 3508 3509 3582
f 3508 3582 3581
f 3509 3510 3583
f 3509 3583 3582
f 3510 3511 3584
f 3510 3584 3583
f 3511 3512 3585
f 3511 3585 3584
f 3512 3513 3586
f 3512 3586 3585
f 3513 3514 3587
f 3513 3587 3586
f 3514 3515 3588
f 3514 3588 3587
f 3515 3516 3589
f 3515 3589 3588
f 3516 3517 3590
f 3516 3590 3589
f 3517 3518 3591
f 3517 3591 3590
f 3518 3519 3592
f 3518 3592 3591
f 3519 3520 3593
f 3519 3593 3592
f 3520 3521 3594
f 3520 3594 3593
f 3521 3522 3595
f 3521 3595 3594
f 3522 3523 3596
f 3522 3596 3595
f 3523 3524 3597
f 3523 3597 3596
f 3524 3525 3598
f 3524 3598 3597
f 3525 3526 3599
f 3525 3599 3598
f 3526 3527 3600
f 3526 3600 3599
f 3527 3528 3601
f 3527 3601 3600
f 3528 3529 3602
f 3528 3602 3601
f 3529 3530 3603
f 3529 3603 3602
f 3530 3531 3604
f 3530 3604 3603
f 3531 3532 3605
f 3531 3605 3604
f 3532 3533 3606
f 3532 3606 3605
f 3533 3534 3607
f 3533 3607 3606
f 3534 3535 3608
f 3534 3608 3607
f 3535 3536 3609
f 3535 3609 3608
f 3536 3537 3610
f 3536 3610 3609
f 3537 3538 3611
f 3537 3611 3610
f 3538 3539 3612
f 3538 3612 3611
f 3539 3540 3613
f 3539 3613 3612
f 3540 3541 3614
f 3540 3614 3613
f 3541 3542 3615
f 3541 3615 3614
f 3542 3543 3616
f 3542 3616 3615
f 3543 3544 3617
f 3543 3617 3616
f 3544 3545 3618
f 3544 3618 3617
f 3545 3546 3619
f 3545 3619 3618
f 3546 3547 3620
f 3546 3620 3619
f 3547 3548 3621
f 3547 3621 3620
f 3548 3549 3622
f 3548 3622 3621
f 3549 3550 3623
f 3549 3623 3622
f 3550 3551 3624
f 3550 3624 3623
f 3551 3552 3625
f 3551 3625 3624
f 3552 3553 3626
f 3552 3626 3625
f 3553 3554 3627
f 3553 3627 3626
f 3554 3555 3628
f 3554 3628 3627
f 3555 3556 3629
f 3555 3629 3628
f 3556 3557 3630
f 3556 3630 3629
f 3557 3558 3631
f 3557 3631 3630
f 3558 3559 3632
f 3558 3632 3631
f 3559 3560 3633
f 3559 3633 3632
f 3560 3561 3634
f 3560 3634 3633
f 3561 3562 3635
f 3561 3635 3634
f 3562 3563 3636
f 3562 3636 3635
f 3563 3564 3637
f 3563 3637 3636
f 3564 3565 3638
f 3564 3638 3637
f 3565 3566 3639
f 3565 3639 3638
f 3566 3567 3640
f 3566 3640 3639
f 3567 3568 3641
f 3567 3641 3640
f 3568 3569 3642
f 3568 3642 3641
f 3569 3570 3643
f 3569 3643 3642
f 3570 3571 3644
f 3570 3644 3643
f 3571 3572 3645
f 3571 3645 3644
f 3572 3573 3646
f 3572 3646 3645
f 3573 3574 3647
f 3573 3647 3646
f 3574 3575 3648
f 3574 3648 3647
f 3575 3576 3649
f 3575 3649 3648
f 3576 3577 3650
f 3576 3650 3649
f 3578 3579 3652
f 3578 3652 3651
f 3579 3580 3653
f 3579 3653 3652
f 3580 3581 3654
f 3580 3654 3653
f 3581 3582 3655
f 3581 3655 3654
f 3582 3583 3656
f 3582 3656 3655
f 3583 3584 3657
f 3583 3657 3656
f 3584 3585 3658
f 3584 3658 3657
f 3585 3586 3659
f 3585 3659 3658
f 3586 3587 3660
f 3586 3660 3659
f 3587 3588 3661
f 3587 3661 3660
f 3588 3589 3662
f 3588 3662 3661
f 3589 3590 3663
f 3589 3663 3662
f 3590 3591 3664
f 3590 3664 3663
f 3591 3592 3665
f 3591 3665 3664
f 3592 3593 3666
f 3592 3666 3665
f 3593 3594 3667
f 3593 3667 3666
f 3594 3595 3668
f 3594 3668 3667
f 3595 3596 3669
f 3595 3669 3668
f 3596 3597 3670
f 3596 3670 3669
f 3597 3598 3671
f 3597 3671 3670
f 3598 3599 3672
f 3598 3672 3671
f 3599 3600 3673
f 3599 3673 3672
f 3600 3601 3674
f 3600 3674 3673
f 3601 3602 3675
f 3601 3675 3674
f 3602 3603 3676
f 3602 3676 3675
f 3603 3604 3677
f 3603 3677 3676
f 3604 3605 3678
f 3604 3678 3677
f 3605 3606 3679
f 3605 3679 3678
f 3606 3607 3680
f 3606 3680 3679
f 3607 3608 3681
f 3607 3681 3680
f 3608 3609 3682
f 3608 3682 3681
f 3609 3610 3683
f 3609 3683 3682
f 3610 3611 3684
f 3610 3684 3683
f 3611 3612 3685
f 3611 3685 3684
f 3612 3613 3686
f 3612 3686 3685
f 3613 3614 3687
f 3613 3687 3686
f 3614 3615 3688
f 3614 3688 3687
f 3615 3616 3689
f 3615 3689 3688
f 3616 3617 3690
f 3616 3690 3689
f 3617 3618 3691
f 3617 3691 3690
f 3618 3619 3692
f 3618 3692 3691
f 3619 3620 3693
f 3619 3693 3692
f 3620 3621 3694
f 3620 3694 3693
f 3621 3622 3695
f 3621 3695 3694
f 3622 3623 3696
f 3622 3696 3695
f 3623 3624 3697
f 3623 3697 3696
f 3624 3625 3698
f 3624 3698 3697
f 3625 3626 3699
f 3625 3699 3698
f 3626 3627 3700
f 3626 3700 3699
f 3627 3628 3701
f 3627 3701 3700
f 3628 3629 3702
f 3628 3702 3701
f 3629 3630 3703
f 3629 3703 3702
f 3630 3631 3704
f 3630 3704 3703
f 3631 3632 3705
f 3631 3705 3704
f 3632 3633 3706
f 3632 3706 3705
f 3633 3634 3707
f 3633 3707 3706
f 3634 3635 3708
f 3634 3708 3707
f 3635 3636 3709
f 3635 3709 3708
f 3636 3637 3710
f 3636 3710 3709
f 3637 3638 3711
f 3637 3711 3710
f 3638 3639 3712
f 3638 3712 3711
f 3639 3640 3713
f 3639 3713 3712
f 3640 3641 3714
f 3640 3714 3713
f 3641 3642 3715
f 3641 3715 3714
f 3642 3643 3716
f 3642 3716 3715
f 3643 3644 3717
f 3643 3717 3716
f 3644 3645 3718
f 3644 3718 3717
f 3645 3646 3719
f 3645 3719 3718
f 3646 3647 3720
f 3646 3720 3719
f 3647 3648 3721
f 3647 3721 3720
f 3648 3649 3722
f 3648 3722 3721
f 3649 3650 3723
f 3649 3723 3722
f 3651 3652 3725
f 3651 3725 3724
f 3652 3653 3726
f 3652 3726 3725
f 3653 3654 3727
f 3653 3727 3726
f 3654 3655 3728
f 3654 3728 3727
f 3655 3656 3729
f 3655 3729 3728
f 3656 3657 3730
f 3656 3730 3729
f 3657 3658 3731
f 3657 3731 3730
f 3658 3659 3732
f 3658 3732 3731
f 3659 3660 3733
f 3659 3733 3732
f 3660 3661 3734
f 3660 3734 3733
f 3661 3662 3735
f 3661 3735 3734
f 3662 3663 3736
f 3662 3736 3735
f 3663 3664 3737
f 3663 3737 3736
f 3664 3665 3738
f 3664 3738 3737
f 3665 3666 3739
f 3665 3739 3738
f 3666 3667 3740
f 3666 3740 3739
f 3667 3668 3741
f 3667 3741 3740
f 3668 3669 3742
f 3668 3742 3741
f 3669 3670 3743
f 3669 3743 3742
f 3670 3671 3744
f 3670 3744 3743
f 3671 3672 3745
f 3671 3745 3744
f 3672 3673 3746
f 3672 3746 3745
f 3673 3674 3747
f 3673 3747 3746
f 3674 3675 3748
f 3674 3748 3747
f 3675 3676 3749
f 3675 3749 3748
f 3676 3677 3750
f 3676 3750 3749
f 3677 3678 3751
f 3677 3751 3750
f 3678 3679 3752
f 3678 3752 3751
f 3679 3680 3753
f 3679 3753 3752
f 3680 3681 3754
f 3680 3754 3753
f 3681 3682 3755
f 3681 3755 3754
f 3682 3683 3756
f 3682 3756 3755
f 3683 3684 3757
f 3683 3757 3756
f 3684 3685 3758
f 3684 3758 3757
f 3685 3686 3759
f 3685 3759 3758
f 3686 3687 3760
f 3686 3760 3759
f 3687 3688 3761
f 3687 3761 3760
f 3688 3689 3762
f 3688 3762 3761
f 3689 3690 3763
f 3689 3763 3762
f 3690 3691 3764
f 3690 3764 3763
f 3691 3692 3765
f 3691 3765 3764
f 3692 3693 3766
f 3692 3766 3765
f 3693 3694 3767
f 3693 3767 3766
f 3694 3695 3768
f 3694 3768 3767
f 3695 3696 3769
f 3695 3769 3768
f 3696 3697 3770
f 3696 3770 3769
f 3697 3698 3771
f 3697 3771 3770
f 3698 3699 3772
f 3698 3772 3771
f 3699 3700 3773
f 3699 3773 3772
f 3700 3701 3774
f 3700 3774 3773
f 3701 3702 3775
f 3701 3775 3774
f 3702 3703 3776
f 3702 3776 3775
f 3703 3704 3777
f 3703 3777 3776
f 3704 3705 3778
f 3704 3778 3777
f 3705 3706 3779
f 3705 3779 3778
f 3706 3707 3780
f 3706 3780 3779
f 3707 3708 3781
f 3707 3781 3780
f 3708 3709 3782
f 3708 3782 3781
f 3709 3710 3783
f 3709 3783 3782
f 3710 3711 3784
f 3710 3784 3783
f 3711 3712 3785
f 3711 3785 3784
f 3712 3713 3786
f 3712 3786 3785
f 3713 3714 3787
f 3713 3787 3786
f 3714 3715 3788
f 3714 3788 3787
f 3715 3716 3789
f 3715 3789 3788
f 3716 3717 3790
f 3716 3790 3789
f 3717 3718 3791
f 3717 3791 3790
f 3718 3719 3792
f 3718 3792 3791
f 3719 3720 3793
f 3719 3793 3792
f 3720 3721 3794
f 3720 3794 3793
f 3721 3722 3795
f 3721 3795 3794
f 3722 3723 3796
f 3722 3796 3795
f 3724 3725 3798
f 3724 3798 3797
f 3725 3726 3799
f 3725 3799 3798
f 3726 3727 3800
f 3726 3800 3799
f 3727 3728 3801
f 3727 3801 3800
f 3728 3729 3802
f 3728 3802 3801
f 3729 3730 3803
f 3729 3803 3802
f 3730 3731 3804
f 3730 3804 3803
f 3731 3732 3805
f 3731 3805 3804
f 3732 3733 3806
f 3732 3806 3805
f 3733 3734 3807
f 3733 3807 3806
f 3734 3735 3808
f 3734 3808 3807
f 3735 3736 3809
f 3735 3809 3808
f 3736 3737 3810
f 3736 3810 3809
f 3737 3738 3811
f 3737 3811 3810
f 3738 3739 3812
f 3738 3812 3811
f 3739 3740 3813
f 3739 3813 3812
f 3740 3741 3814
f 3740 3814 3813
f 3741 3742 3815
f 3741 3815 3814
f 3742 3743 3816
f 3742 3816 3815
f 3743 3744 3817
f 3743 3817 3816
f 3744 3745 3818
f 3744 3818 3817
f 3745 3746 3819
f 3745 3819 3818
f 3746 3747 3820
f 3746 3820 3819
f 3747 3748 3821
f 3747 3821 3820
f 3748 3749 3822
f 3748 3822 3821
f 3749 3750 3823
f 3749 3823 3822
f 3750 3751 3824
f 3750 3824 3823
f 3751 3752 3825
f 3751 3825 3824
f 3752 3753 3826
f 3752 3826 3825
f 3753 3754 3827
f 3753 3827 3826
f 3754 3755 3828
f 3754 3828 3827
f 3755 3756 3829
f 3755 3829 3828
f 3756 3757 3830
f 3756 3830 3829
f 3757 3758 3831
f 3757 3831 3830
f 3758 3759 3832
f 3758 3832 3831
f 3759 3760 3833
f 3759 3833 3832
f 3760 3761 3834
f 3760 3834 3833
f 3761 3762 3835
f 3761 3835 3834
f 3762 3763 3836
f 3762 3836 3835
f 3763 3764 3837
f 3763 3837 3836
f 3764 3765 3838
f 3764 3838 3837
f 3765 3766 3839
f 3765 3839 3838
f 3766 3767 3840
f 3766 3840 3839
f 3767 3768 3841
f 3767 3841 3840
f 3768 3769 3842
f 3768 3842 3841
f 3769 3770 3843
f 3769 3843 3842
f 3770 3771 3844
f 3770 3844 3843
f 3771 3772 3845
f 3771 3845 3844
f 3772 3773 3846
f 3772 3846 3845
f 3773 3774 3847
f 3773 3847 3846
f 3774 3775 3848
f 3774 3848 3847
f 3775 3776 3849
f 3775 3849 3848
f 3776 3777 3850
f 3776 3850 3849
f 3777 3778 3851
f 3777 3851 3850
f 3778 3779 3852
f 3778 3852 3851
f 3779 3780 3853
f 3779 3853 3852
f 3780 3781 3854
f 3780 3854 3853
f 3781 3782 3855
f 3781 3855 3854
f 3782 3783 3856
f 3782 3856 3855
f 3783 3784 3857
f 3783 3857 3856
f 3784 3785 3858
f 3784 3858 3857
f 3785 3786 3859
f 3785 3859 3858
f 3786 3787 3860
f 3786 3860 3859
f 3787 3788 3861
f 3787 3861 3860
f 3788 3789 3862
f 3788 3862 3861
f 3789 3790 3863
f 3789 3863 3862
f 3790 3791 3864
f 3790 3864 3863
f 3791 3792 3865
f 3791 3865 3864
f 3792 3793 3866
f 3792 3866 3865
f 3793 3794 3867
f 3793 3867 3866
f 3794 3795 3868
f 3794 3868 3867
f 3795 3796 3869
f 3795 3869 3868
f 3797 3798 3871
f 3797 3871 3870
f 3798 3799 3872
f 3798 3872 3871
f 3799 3800 3873
f 3799 3873 3872
f 3800 3801 3874
f 3800 3874 3873
f 3801 3802 3875
f 3801 3875 3874
f 3802 3803 3876
f 3802 3876 3875
f 3803 3804 3877
f 3803 3877 3876
f 3804 3805 3878
f 3804 3878 3877
f 3805 3806 3879
f 3805 3879 3878
f 3806 3807 3880
f 3806 3880 3879
f 3807 3808 3881
f 3807 3881 3880
f 3808 3809 3882
f 3808 3882 3881
f 3809 3810 3883
f 3809 3883 3882
f 3810 3811 3884
f 3810 3884 3883
f 3811 3812 3885
f 3811 3885 3884
f 3812 3813 3886
f 3812 3886 3885
f 3813 3814 3887
f 3813 3887 3886
f 3814 3815 3888
f 3814 3888 3887
f 3815 3816 3889
f 3815 3889 3888
f 3816 3817 3890
f 3816 3890 3889
f 3817 3818 3891
f 3817 3891 3890
f 3818 3819 3892
f 3818 3892 3891
f 3819 3820 3893
f 3819 3893 3892
f 3820 3821 3894
f 3820 3894 3893
f 3821 3822 3895
f 3821 3895 3894
f 3822 3823 3896
f 3822 3896 3895
f 3823 3824 3897
f 3823 3897 3896
f 3824 3825 3898
f 3824 3898 3897
f 3825 3826 3899
f 3825 3899 3898
f 3826 3827 3900
f 3826 3900 3899
f 3827 3828 3901
f 3827 3901 3900
f 3828 3829 3902
f 3828 3902 3901
f 3829 3830 3903
f 3829 3903 3902
f 3830 3831 3904
f 3830 3904 3903
f 3831 3832 3905
f 3831 3905 3904
f 3832 3833 3906
f 3832 3906 3905
f 3833 3834 3907
f 3833 3907 3906
f 3834 3835 3908
f 3834 3908 3907
f 3835 3836 3909
f 3835 3909 3908
f 3836 3837 3910
f 3836 3910 3909
f 3837 3838 3911
f 3837 3911 3910
f 3838 3839 3912
f 3838 3912 3911
f 3839 3840 3913
f 3839 3913 3912
f 3840 3841 3914
f 3840 3914 3913
f 3841 3842 3915
f 3841 3915 3914
f 3842 3843 3916
f 3842 3916 3915
f 3843 3844 3917
f 3843 3917 3916
f 3844 3845 3918
f 3844 3918 3917
f 3845 3846 3919
f 3845 3919 3918
f 3846 3847 3920
f 3846 3920 3919
f 3847 3848 3921
f 3847 3921 3920
f 3848 3849 3922
f 3848 3922 3921
f 3849 3850 3923
f 3849 3923 3922
f 3850 3851 3924
f 3850 3924 3923
f 3851 3852 3925
f 3851 3925 3924
f 3852 3853 3926
f 3852 3926 3925
f 3853 3854 3927
f 3853 3927 3926
f 3854 3855 3928
f 3854 3928 3927
f 3855 3856 3929
f 3855 3929 3928
f 3856 3857 3930
f 3856 3930 3929
f 3857 3858 3931
f 3857 3931 3930
f 3858 3859 3932
f 3858 3932 3931
f 3859 3860 3933
f 3859 3933 3932
f 3860 3861 3934
f 3860 3934 3933
f 3861 3862 3935
f 3861 3935 3934
f 3862 3863 3936
f 3862 3936 3935
f 3863 3864 3937
f 3863 3937 3936
f 3864 3865 3938
f 3864 3938 3937
f 3865 3866 3939
f 3865 3939 3938
f 3866 3867 3940
f 3866 3940 3939
f 3867 3868 3941
f 3867 3941 3940
f 3868 3869 3942
f 3868 3942 3941
f 3870 3871 3944
f 3870 3944 3943
f 3871 3872 3945
f 3871 3945 3944
f 3872 3873 3946
f 3872 3946 3945
f 3873 3874 3947
f 3873 3947 3946
f 3874 3875 3948
f 3874 3948 3947
f 3875 3876 3949
f 3875 3949 3948
f 3876 3877 3950
f 3876 3950 3949
f 3877 3878 3951
f 3877 3951 3950
f 3878 3879 3952
f 3878 3952 3951
f 3879 3880 3953
f 3879 3953 3952
f 3880 3881 3954
f 3880 3954 3953
f 3881 3882 3955
f 3881 3955 3954
f 3882 3883 3956
f 3882 3956 3955
f 3883 3884 3957
f 3883 3957 3956
f 3884 3885 3958
f 3884 3958 3957
f 3885 3886 3959
f 3885 3959 3958
f 3886 3887 3960
f 3886 3960 3959
f 3887 3888 3961
f 3887 3961 3960
f 3888 3889 3962
f 3888 3962 3961
f 3889 3890 3963
f 3889 3963 3962
f 3890 3891 3964
f 3890 3964 3963
f 3891 3892 3965
f 3891 3965 3964
f 3892 3893 3966
f 3892 3966 3965
f 3893 3894 3967
f 3893 3967 3966
f 3894 3895 3968
f 3894 3968 3967
f 3895 3896 3969
f 3895 3969 3968
f 3896 3897 3970
f 3896 3970 3969
f 3897 3898 3971
f 3897 3971 3970
f 3898 3899 3972
f 3898 3972 3971
f 3899 3900 3973
f 3899 3973 3972
f 3900 3901 3974
f 3900 3974 3973
f 3901 3902 3975
f 3901 3975 3974
f 3902 3903 3976
f 3902 3976 3975
f 3903 3904 3977
f 3903 3977 3976
f 3904 3905 3978
f 3904 3978 3977
f 3905 3906 3979
f 3905 3979 3978
f 3906 3907 3980
f 3906 3980 3979
f 3907 3908 3981
f 3907 3981 3980
f 3908 3909 3982
f 3908 3982 3981
f 3909 3910 3983
f 3909 3983 3982
f 3910 3911 3984
f 3910 3984 3983
f 3911 3912 3985
f 3911 3985 3984
f 3912 3913 3986
f 3912 3986 3985
f 3913 3914 3987
f 3913 3987 3986
f 3914 3915 3988
f 3914 3988 3987
f 3915 3916 3989
f 3915 3989 3988
f 3916 3917 3990
f 3916 3990 3989
f 3917 3918 3991
f 3917 3991 3990
f 3918 3919 3992
f 3918 3992 3991
f 3919 3920 3993
f 3919 3993 3992
f 3920 3921 3994
f 3920 3994 3993
f 3921 3922 3995
f 3921 3995 3994
f 3922 3923 3996
f 3922 3996 3995
f 3923 3924 3997
f 3923 3997 3996
f 3924 3925 3998
f 3924 3998 3997
f 3925 3926 3999
f 3925 3999 3998
f 3926 3927 4000
f 3926 4000 3999
f 3927 3928 4001
f 3927 4001 4000
f 3928 3929 4002
f 3928 4002 4001
f 3929 3930 4003
f 3929 4003 4002
f 3930 3931 4004
f 3930 4004 4003
f 3931 3932 4005
f 3931 4005 4004
f 3932 3933 4006
f 3932 4006 4005
f 3933 3934 4007
f 3933 4007 4006
f 3934 3935 4008
f 3934 4008 4007
f 3935 3936 4009
f 3935 4009 4008
f 3936 3937 4010
f 3936 4010 4009
f 3937 3938 4011
f 3937 4011 4010
f 3938 3939 4012
f 3938 4012 4011
f 3939 3940 4013
f 3939 4013 4012
f 3940 3941 4014
f 3940 4014 4013
f 3941 3942 4015
f 3941 4015 4014
f 3943 3944 4017
f 3943 4017 4016
f 3944 3945 4018
f 3944 4018 4017
f 3945 3946 4019
f 3945 4019 4018
f 3946 3947 4020
f 3946 4020 4019
f 3947 3948 4021
f 3947 4021 4020
f 3948 3949 4022
f 3948 4022 4021
f 3949 3950 4023
f 3949 4023 4022
f 3950 3951 4024
f 3950 4024 4023
f 3951 3952 4025
f 3951 4025 4024
f 3952 3953 4026
f 3952 4026 4025
f 3953 3954 4027
f 3953 4027 4026
f 3954 3955 4028
f 3954 4028 4027
f 3955 3956 4029
f 3955 4029 4028
f 3956 3957 4030
f 3956 4030 4029
f 3957 3958 4031
f 3957 4031 4030
f 3958 3959 4032
f 3958 4032 4031
f 3959 3960 4033
f 3959 4033 4032
f 3960 3961 4034
f 3960 4034 4033
f 3961 3962 4035
f 3961 4035 4034
f 3962 3963 4036
f 3962 4036 4035
f 3963 3964 4037
f 3963 4037 4036
f 3964 3965 4038
f 3964 4038 4037
f 3965 3966 4039
f 3965 4039 4038
f 3966 3967 4040
f 3966 4040 4039
f 3967 3968 4041
f 3967 4041 4040
f 3968 3969 4042
f 3968 4042 4041
f 3969 3970 4043
f 3969 4043 4042
f 3970 3971 4044
f 3970 4044 4043
f 3971 3972 4045
f 3971 4045 4044
f 3972 3973 4046
f 3972 4046 4045
f 3973 3974 4047
f 3973 4047 4046
f 3974 3975 4048
f 3974 4048 4047
f 3975 3976 4049
f 3975 4049 4048
f 3976 3977 4050
f 3976 4050 4049
f 3977 3978 4051
f 3977 4051 4050
f 3978 3979 4052
f 3978 4052 4051
f 3979 3980 4053
f 3979 4053 4052
f 3980 3981 4054
f 3980 4054 4053
f 3981 3982 4055
f 3981 4055 4054
f 3982 3983 4056
f 3982 4056 4055
f 3983 3984 4057
f 3983 4057 4056
f 3984 3985 4058
f 3984 4058 4057
f 3985 3986 4059
f 3985 4059 4058
f 3986 3987 4060
f 3986 4060 4059
f 3987 3988 4061
f 3987 4061 4060
f 3988 3989 4062
f 3988 4062 4061
f 3989 3990 4063
f 3989 4063 4062
f 3990 3991 4064
f 3990 4064 4063
f 3991 3992 4065
f 3991 4065 4064
f 3992 3993 4066
f 3992 4066 4065
f 3993 3994 4067
f 3993 4067 4066
f 3994 3995 4068
f 3994 4068 4067
f 3995 3996 4069
f 3995 4069 4068
f 3996 3997 4070
f 3996 4070 4069
f 3997 3998 4071
f 3997 4071 4070
f 3998 3999 4072
f 3998 4072 4071
f 3999 4000 4073
f 3999 4073 4072
f 4000 4001 4074
f 4000 4074 4073
f 4001 4002 4075
f 4001 4075 4074
f 4002 4003 4076
f 4002 4076 4075
f 4003 4004 4077
f 4003 4077 4076
f 4004 4005 4078
f 4004 4078 4077
f 4005 4006 4079
f 4005 4079 4078
f 4006 4007 4080
f 4006 4080 4079
f 4007 4008 4081
f 4007 4081 4080
f 4008 4009 4082
f 4008 4082 4081
f 4009 4010 4083
f 4009 4083 4082
f 4010 4011 4084
f 4010 4084 4083
f 4011 4012 4085
f 4011 4085 4084
f 4012 4013 4086
f 4012 4086 4085
f 4013 4014 4087
f 4013 4087 4086
f 4014 4015 4088
f 4014 4088 4087
f 4016 4017 4090
f 4016 4090 4089
f 4017 4018 4091
f 4017 4091 4090
f 4018 4019 4092
f 4018 4092 4091
f 4019 4020 4093
f 4019 4093 4092
f 4020 4021 4094
f 4020 4094 4093
f 4021 4022 4095
f 4021 4095 4094
f 4022 4023 4096
f 4022 4096 4095
f 4023 4024 4097
f 4023 4097 4096
f 4024 4025 4098
f 4024 4098 4097
f 4025 4026 4099
f 4025 4099 4098
f 4026 4027 4100
f 4026 4100 4099
f 4027 4028 4101
f 4027 4101 4100
f 4028 4029 4102
f 4028 4102 4101
f 4029 4030 4103
f 4029 4103 4102
f 4030 4031 4104
f 4030 4104 4103
f 4031 4032 4105
f 4031 4105 4104
f 4032 4033 4106
f 4032 4106 4105
f 4033 4034 4107
f 4033 4107 4106
f 4034 4035 4108
f 4034 4108 4107
f 4035 4036 4109
f 4035 4109 4108
f 4036 4037 4110
f 4036 4110 4109
f 4037 4038 4111
f 4037 4111 4110
f 4038 4039 4112
f 4038 4112 4111
f 4039 4040 4113
f 4039 4113 4112
f 4040 4041 4114
f 4040 4114 4113
f 4041 4042 4115
f 4041 4115 4114
f 4042 4043 4116
f 4042 4116 4115
f 4043 4044 4117
f 4043 4117 4116
f 4044 4045 4118
f 4044 4118 4117
f 4045 4046 4119
f 4045 4119 4118
f 4046 4047 4120
f 4046 4120 4119
f 4047 4048 4121
f 4047 4121 4120
f 4048 4049 4122
f 4048 4122 4121
f 4049 4050 4123
f 4049 4123 4122
f 4050 4051 4124
f 4050 4124 4123
f 4051 4052 4125
f 4051 4125 4124
f 4052 4053 4126
f 4052 4126 4125
f 4053 4054 4127
f 4053 4127 4126
f 4054 4055 4128
f 4054 4128 4127
f 4055 4056 4129
f 4055 4129 4128
f 4056 4057 4130
f 4056 4130 4129
f 4057 4058 4131
f 4057 4131 4130
f 4058 4059 4132
f 4058 4132 4131
f 4059 4060 4133
f 4059 4133 4132
f 4060 4061 4134
f 4060 4134 4133
f 4061 4062 4135
f 4061 4135 4134
f 4062 4063 4136
f 4062 4136 4135
f 4063 4064 4137
f 4063 4137 4136
f 4064 4065 4138
f 4064 4138 4137
f 4065 4066 4139
f 4065 4139 4138
f 4066 4067 4140
f 4066 4140 4139
f 4067 4068 4141
f 4067 4141 4140
f 4068 4069 4142
f 4068 4142 4141
f 4069 4070 4143
f 4069 4143 4142
f 4070 4071 4144
f 4070 4144 4143
f 4071 4072 4145
f 4071 4145 4144
f 4072 4073 4146
f 4072 4146 4145
f 4073 4074 4147
f 4073 4147 4146
f 4074 4075 4148
f 4074 4148 4147
f 4075 4076 4149
f 4075 4149 4148
f 4076 4077 4150
f 4076 4150 4149
f 4077 4078 4151
f 4077 4151 4150
f 4078 4079 4152
f 4078 4152 4151
f 4079 4080 4153
f 4079 4153 4152
f 4080 4081 4154
f 4080 4154 4153
f 4081 4082 4155
f 4081 4155 4154
f 4082 4083 4156
f 4082 4156 4155
f 4083 4084 4157
f 4083 4157 4156
f 4084 4085 4158
f 4084 4158 4157
f 4085 4086 4159
f 4085 4159 4158
f 4086 4087 4160
f 4086 4160 4159
f 4087 4088 4161
f 4087 4161 4160
f 4089 4090 4163
f 4089 4163 4162
f 4090 4091 4164
f 4090 4164 4163
f 4091 4092 4165
f 4091 4165 4164
f 4092 4093 4166
f 4092 4166 4165
f 4093 4094 4167
f 4093 4167 4166
f 4094 4095 4168
f 4094 4168 4167
f 4095 4096 4169
f 4095 4169 4168
f 4096 4097 4170
f 4096 4170 4169
f 4097 4098 4171
f 4097 4171 4170
f 4098 4099 4172
f 4098 4172 4171
f 4099 4100 4173
f 4099 4173 4172
f 4100 4101 4174
f 4100 4174 4173
f 4101 4102 4175
f 4101 4175 4174
f 4102 4103 4176
f 4102 4176 4175
f 4103 4104 4177
f 4103 4177 4176
f 4104 4105 4178
f 4104 4178 4177
f 4105 4106 4179
f 4105 4179 4178
f 4106 4107 4180
f 4106 4180 4179
f 4107 4108 4181
f 4107 4181 4180
f 4108 4109 4182
f 4108 4182 4181
f 4109 4110 4183
f 4109 4183 4182
f 4110 4111 4184
f 4110 4184 4183
f 4111 4112 4185
f 4111 4185 4184
f 4112 4113 4186
f 4112 4186 4185
f 4113 4114 4187
f 4113 4187 4186
f 4114 4115 4188
f 4114 4188 4187
f 4115 4116 4189
f 4115 4189 4188
f 4116 4117 4190
f 4116 4190 4189
f 4117 4118 4191
f 4117 4191 4190
f 4118 4119 4192
f 4118 4192 4191
f 4119 4120 4193
f 4119 4193 4192
f 4120 4121 4194
f 4120 4194 4193
f 4121 4122 4195
f 4121 4195 4194
f 4122 4123 4196
f 4122 4196 4195
f 4123 4124 4197
f 4123 4197 4196
f 4124 4125 4198
f 4124 4198 4197
f 4125 4126 4199
f 4125 4199 4198
f 4126 4127 4200
f 4126 4200 4199
f 4127 4128 4201
f 4127 4201 4200
f 4128 4129 4202
f 4128 4202 4201
f 4129 4130 4203
f 4129 4203 4202
f 4130 4131 4204
f 4130 4204 4203
f 4131 4132 4205
f 4131 4205 4204
f 4132 4133 4206
f 4132 4206 4205
f 4133 4134 4207
f 4133 4207 4206
f 4134 4135 4208
f 4134 4208 4207
f 4135 4136 4209
f 4135 4209 4208
f 4136 4137 4210
f 4136 4210 4209
f 4137 4138 4211
f 4137 4211 4210
f 4138 4139 4212
f 4138 4212 4211
f 4139 4140 4213
f 4139 4213 4212
f 4140 4141 4214
f 4140 4214 4213
f 4141 4142 4215
f 4141 4215 4214
f 4142 4143 4216
f 4142 4216 4215
f 4143 4144 4217
f 4143 4217 4216
f 4144 4145 4218
f 4144 4218 4217
f 4145 4146 4219
f 4145 4219 4218
f 4146 4147 4220
f 4146 4220 4219
f 4147 4148 4221
f 4147 4221 4220
f 4148 4149 4222
f 4148 4222 4221
f 4149 4150 4223
f 4149 4223 4222
f 4150 4151 4224
f 4150 4224 4223
f 4151 4152 4225
f 4151 4225 4224
f 4152 4153 4226
f 4152 4226 4225
f 4153 4154 4227
f 4153 4227 4226
f 4154 4155 4228
f 4154 4228 4227
f 4155 4156 4229
f 4155 4229 4228
f 4156 4157 4230
f 4156 4230 4229
f 4157 4158 4231
f 4157 4231 4230
f 4158 4159 4232
f 4158 4232 4231
f 4159 4160 4233
f 4159 4233 4232
f 4160 4161 4234
f 4160 4234 4233
f 4162 4163 4236
f 4162 4236 4235
f 4163 4164 4237
f 4163 4237 4236
f 4164 4165 4238
f 4164 4238 4237
f 4165 4166 4239
f 4165 4239 4238
f 4166 4167 4240
f 4166 4240 4239
f 4167 4168 4241
f 4167 4241 4240
f 4168 4169 4242
f 4168 4242 4241
f 4169 4170 4243
f 4169 4243 4242
f 4170 4171 4244
f 4170 4244 4243
f 4171 4172 4245
f 4171 4245 4244
f 4172 4173 4246
f 4172 4246 4245
f 4173 4174 4247
f 4173 4247 4246
f 4174 4175 4248
f 4174 4248 4247
f 4175 4176 4249
f 4175 4249 4248
f 4176 4177 4250
f 4176 4250 4249
f 4177 4178 4251
f 4177 4251 4250
f 4178 4179 4252
f 4178 4252 4251
f 4179 4180 4253
f 4179 4253 4252
f 4180 4181 4254
f 4180 4254 4253
f 4181 4182 4255
f 4181 4255 4254
f 4182 4183 4256
f 4182 4256 4255
f 4183 4184 4257
f 4183 4257 4256
f 4184 4185 4258
f 4184 4258 4257
f 4185 4186 4259
f 4185 4259 4258
f 4186 4187 4260
f 4186 4260 4259
f 4187 4188 4261
f 4187 4261 4260
f 4188 4189 4262
f 4188 4262 4261
f 4189 4190 4263
f 4189 4263 4262
f 4190 4191 4264
f 4190 4264 4263
f 4191 4192 4265
f 4191 4265 4264
f 4192 4193 4266
f 4192 4266 4265
f 4193 4194 4267
f 4193 4267 4266
f 4194 4195 4268
f 4194 4268 4267
f 4195 4196 4269
f 4195 4269 4268
f 4196 4197 4270
f 4196 4270 4269
f 4197 4198 4271
f 4197 4271 4270
f 4198 4199 4272
f 4198 4272 4271
f 4199 4200 4273
f 4199 4273 4272
f 4200 4201 4274
f 4200 4274 4273
f 4201 4202 4275
f 4201 4275 4274
f 4202 4203 4276
f 4202 4276 4275
f 4203 4204 4277
f 4203 4277 4276
f 4204 4205 4278
f 4204 4278 4277
f 4205 4206 4279
f 4205 4279 4278
f 4206 4207 4280
f 4206 4280 4279
f 4207 4208 4281
f 4207 4281 4280
f 4208 4209 4282
f 4208 4282 4281
f 4209 4210 4283
f 4209 4283 4282
f 4210 4211 4284
f 4210 4284 4283
f 4211 4212 4285
f 4211 4285 4284
f 4212 4213 4286
f 4212 4286 4285
f 4213 4214 4287
f 4213 4287 4286
f 4214 4215 4288
f 4214 4288 4287
f 4215 4216 4289
f 4215 4289 4288
f 4216 4217 4290
f 4216 4290 4289
f 4217 4218 4291
f 4217 4291 4290
f 4218 4219 4292
f 4218 4292 4291
f 4219 4220 4293
f 4219 4293 4292
f 4220 4221 4294
f 4220 4294 4293
f 4221 4222 4295
f 4221 4295 4294
f 4222 4223 4296
f 4222 4296 4295
f 4223 4224 4297
f 4223 4297 4296
f 4224 4225 4298
f 4224 4298 4297
f 4225 4226 4299
f 4225 4299 4298
f 4226 4227 4300
f 4226 4300 4299
f 4227 4228 4301
f 4227 4301 4300
f 4228 4229 4302
f 4228 4302 4301
f 4229 4230 4303
f 4229 4303 4302
f 4230 4231 4304
f 4230 4304 4303
f 4231 4232 4305
f 4231 4305 4304
f 4232 4233 4306
f 4232 4306 4305
f 4233 4234 4307
f 4233 4307 4306
f 4235 4236 4309
f 4235 4309 4308
f 4236 4237 4310
f 4236 4310 4309
f 4237 4238 4311
f 4237 4311 4310
f 4238 4239 4312
f 4238 4312 4311
f 4239 4240 4313
f 4239 4313 4312
f 4240 4241 4314
f 4240 4314 4313
f 4241 4242 4315
f 4241 4315 4314
f 4242 4243 4316
f 4242 4316 4315
f 4243 4244 4317
f 4243 4317 4316
f 4244 4245 4318
f 4244 4318 4317
f 4245 4246 4319
f 4245 4319 4318
f 4246 4247 4320
f 4246 4320 4319
f 4247 4248 4321
f 4247 4321 4320
f 4248 4249 4322
f 4248 4322 4321
f 4249 4250 4323
f 4249 4323 4322
f 4250 4251 4324
f 4250 4324 4323
f 4251 4252 4325
f 4251 4325 4324
f 4252 4253 4326
f 4252 4326 4325
f 4253 4254 4327
f 4253 4327 4326
f 4254 4255 4328
f 4254 4328 4327
f 4255 4256 4329
f 4255 4329 4328
f 4256 4257 4330
f 4256 4330 4329
f 4257 4258 4331
f 4257 4331 4330
f 4258 4259 4332
f 4258 4332 4331
f 4259 4260 4333
f 4259 4333 4332
f 4260 4261 4334
f 4260 4334 4333
f 4261 4262 4335
f 4261 4335 4334
f 4262 4263 4336
f 4262 4336 4335
f 4263 4264 4337
f 4263 4337 4336
f 4264 4265 4338
f 4264 4338 4337
f 4265 4266 4339
f 4265 4339 4338
f 4266 4267 4340
f 4266 4340 4339
f 4267 4268 4341
f 4267 4341 4340
f 4268 4269 4342
f 4268 4342 4341
f 4269 4270 4343
f 4269 4343 4342
f 4270 4271 4344
f 4270 4344 4343
f 4271 4272 4345
f 4271 4345 4344
f 4272 4273 4346
f 4272 4346 4345
f 4273 4274 4347
f 4273 4347 4346
f 4274 4275 4348
f 4274 4348 4347
f 4275 4276 4349
f 4275 4349 4348
f 4276 4277 4350
f 4276 4350 4349
f 4277 4278 4351
f 4277 4351 4350
f 4278 4279 4352
f 4278 4352 4351
f 4279 4280 4353
f 4279 4353 4352
f 4280 4281 4354
f 4280 4354 4353
f 4281 4282 4355
f 4281 4355 4354
f 4282 4283 4356
f 4282 4356 4355
f 4283 4284 4357
f 4283 4357 4356
f 4284 4285 4358
f 4284 4358 4357
f 4285 4286 4359
f 4285 4359 4358
f 4286 4287 4360
f 4286 4360 4359
f 4287 4288 4361
f 4287 4361 4360
f 4288 4289 4362
f 4288 4362 4361
f 4289 4290 4363
f 4289 4363 4362
f 4290 4291 4364
f 4290 4364 4363
f 4291 4292 4365
f 4291 4365 4364
f 4292 4293 4366
f 4292 4366 4365
f 4293 4294 4367
f 4293 4367 4366
f 4294 4295 4368
f 4294 4368 4367
f 4295 4296 4369
f 4295 4369 4368
f 4296 4297 4370
f 4296 4370 4369
f 4297 4298 4371
f 4297 4371 4370
f 4298 4299 4372
f 4298 4372 4371
f 4299 4300 4373
f 4299 4373 4372
f 4300 4301 4374
f 4300 4374 4373
f 4301 4302 4375
f 4301 4375 4374
f 4302 4303 4376
f 4302 4376 4375
f 4303 4304 4377
f 4303 4377 4376
f 4304 4305 4378
f 4304 4378 4377
f 4305 4306 4379
f 4305 4379 4378
f 4306 4307 4380
f 4306 4380 4379
f 4308 4309 4382
f 4308 4382 4381
f 4309 4310 4383
f 4309 4383 4382
f 4310 4311 4384
f 4310 4384 4383
f 4311 4312 4385
f 4311 4385 4384
f 4312 4313 4386
f 4312 4386 4385
f 4313 4314 4387
f 4313 4387 4386
f 4314 4315 4388
f 4314 4388 4387
f 4315 4316 4389
f 4315 4389 4388
f 4316 4317 4390
f 4316 4390 4389
f 4317 4318 4391
f 4317 4391 4390
f 4318 4319 4392
f 4318 4392 4391
f 4319 4320 4393
f 4319 4393 4392
f 4320 4321 4394
f 4320 4394 4393
f 4321 4322 4395
f 4321 4395 4394
f 4322 4323 4396
f 4322 4396 4395
f 4323 4324 4397
f 4323 4397 4396
f 4324 4325 4398
f 4324 4398 4397
f 4325 4326 4399
f 4325 4399 4398
f 4326 4327 4400
f 4326 4400 4399
f 4327 4328 4401
f 4327 4401 4400
f 4328 4329 4402
f 4328 4402 4401
f 4329 4330 4403
f 4329 4403 4402
f 4330 4331 4404
f 4330 4404 4403
f 4331 4332 4405
f 4331 4405 4404
f 4332 4333 4406
f 4332 4406 4405
f 4333 4334 4407
f 4333 4407 4406
f 4334 4335 4408
f 4334 4408 4407
f 4335 4336 4409
f 4335 4409 4408
f 4336 4337 4410
f 4336 4410 4409
f 4337 4338 4411
f 4337 4411 4410
f 4338 4339 4412
f 4338 4412 4411
f 4339 4340 4413
f 4339 4413 4412
f 4340 4341 4414
f 4340 4414 4413
f 4341 4342 4415
f 4341 4415 4414
f 4342 4343 4416
f 4342 4416 4415
f 4343 4344 4417
f 4343 4417 4416
f 4344 4345 4418
f 4344 4418 4417
f 4345 4346 4419
f 4345 4419 4418
f 4346 4347 4420
f 4346 4420 4419
f 4347 4348 4421
f 4347 4421 4420
f 4348 4349 4422
f 4348 4422 4421
f 4349 4350 4423
f 4349 4423 4422
f 4350 4351 4424
f 4350 4424 4423
f 4351 4352 4425
f 4351 4425 4424
f 4352 4353 4426
f 4352 4426 4425
f 4353 4354 4427
f 4353 4427 4426
f 4354 4355 4428
f 4354 4428 4427
f 4355 4356 4429
f 4355 4429 4428
f 4356 4357 4430
f 4356 4430 4429
f 4357 4358 4431
f 4357 4431 4430
f 4358 4359 4432
f 4358 4432 4431
f 4359 4360 4433
f 4359 4433 4432
f 4360 4361 4434
f 4360 4434 4433
f 4361 4362 4435
f 4361 4435 4434
f 4362 4363 4436
f 4362 4436 4435
f 4363 4364 4437
f 4363 4437 4436
f 4364 4365 4438
f 4364 4438 4437
f 4365 4366 4439
f 4365 4439 4438
f 4366 4367 4440
f 4366 4440 4439
f 4367 4368 4441
f 4367 4441 4440
f 4368 4369 4442
f 4368 4442 4441
f 4369 4370 4443
f 4369 4443 4442
f 4370 4371 4444
f 4370 4444 4443
f 4371 4372 4445
f 4371 4445 4444
f 4372 4373 4446
f 4372 4446 4445
f 4373 4374 4447
f 4373 4447 4446
f 4374 4375 4448
f 4374 4448 4447
f 4375 4376 4449
f 4375 4449 4448
f 4376 4377 4450
f 4376 4450 4449
f 4377 4378 4451
f 4377 4451 4450
f 4378 4379 4452
f 4378 4452 4451
f 4379 4380 4453
f 4379 4453 4452
f 4381 4382 4455
f 4381 4455 4454
f 4382 4383 4456
f 4382 4456 4455
f 4383 4384 4457
f 4383 4457 4456
f 4384 4385 4458
f 4384 4458 4457
f 4385 4386 4459
f 4385 4459 4458
f 4386 4387 4460
f 4386 4460 4459
f 4387 4388 4461
f 4387 4461 4460
f 4388 4389 4462
f 4388 4462 4461
f 4389 4390 4463
f 4389 4463 4462
f 4390 4391 4464
f 4390 4464 4463
f 4391 4392 4465
f 4391 4465 4464
f 4392 4393 4466
f 4392 4466 4465
f 4393 4394 4467
f 4393 4467 4466
f 4394 4395 4468
f 4394 4468 4467
f 4395 4396 4469
f 4395 4469 4468
f 4396 4397 4470
f 4396 4470 4469
f 4397 4398 4471
f 4397 4471 4470
f 4398 4399 4472
f 4398 4472 4471
f 4399 4400 4473
f 4399 4473 4472
f 4400 4401 4474
f 4400 4474 4473
f 4401 4402 4475
f 4401 4475 4474
f 4402 4403 4476
f 4402 4476 4475
f 4403 4404 4477
f 4403 4477 4476
f 4404 4405 4478
f 4404 4478 4477
f 4405 4406 4479
f 4405 4479 4478
f 4406 4407 4480
f 4406 4480 4479
f 4407 4408 4481
f 4407 4481 4480
f 4408 4409 4482
f 4408 4482 4481
f 4409 4410 4483
f 4409 4483 4482
f 4410 4411 4484
f 4410 4484 4483
f 4411 4412 4485
f 4411 4485 4484
f 4412 4413 4486
f 4412 4486 4485
f 4413 4414 4487
f 4413 4487 4486
f 4414 4415 4488
f 4414 4488 4487
f 4415 4416 4489
f 4415 4489 4488
f 4416 4417 4490
f 4416 4490 4489
f 4417 4418 4491
f 4417 4491 4490
f 4418 4419 4492
f 4418 4492 4491
f 4419 4420 4493
f 4419 4493 4492
f 4420 4421 4494
f 4420 4494 4493
f 4421 4422 4495
f 4421 4495 4494
f 4422 4423 4496
f 4422 4496 4495
f 4423 4424 4497
f 4423 4497 4496
f 4424 4425 4498
f 4424 4498 4497
f 4425 4426 4499
f 4425 4499 4498
f 4426 4427 4500
f 4426 4500 4499
f 4427 4428 4501
f 4427 4501 4500
f 4428 4429 4502
f 4428 4502 4501
f 4429 4430 4503
f 4429 4503 4502
f 4430 4431 4504
f 4430 4504 4503
f 4431 4432 4505
f 4431 4505 4504
f 4432 4433 4506
f 4432 4506 4505
f 4433 4434 4507
f 4433 4507 4506
f 4434 4435 4508
f 4434 4508 4507
f 4435 4436 4509
f 4435 4509 4508
f 4436 4437 4510
f 4436 4510 4509
f 4437 4438 4511
f 4437 4511 4510
f 4438 4439 4512
f 4438 4512 4511
f 4439 4440 4513
f 4439 4513 4512
f 4440 4441 4514
f 4440 4514 4513
f 4441 4442 4515
f 4441 4515 4514
f 4442 4443 4516
f 4442 4516 4515
f 4443 4444 4517
f 4443 4517 4516
f 4444 4445 4518
f 4444 4518 4517
f 4445 4446 4519
f 4445 4519 4518
f 4446 4447 4520
f 4446 4520 4519
f 4447 4448 4521
f 4447 4521 4520
f 4448 4449 4522
f 4448 4522 4521
f 4449 4450 4523
f 4449 4523 4522
f 4450 4451 4524
f 4450 4524 4523
f 4451 4452 4525
f 4451 4525 4524
f 4452 4453 4526
f 4452 4526 4525
f 4454 4455 4528
f 4454 4528 4527
f 4455 4456 4529
f 4455 4529 4528
f 4456 4457 4530
f 4456 4530 4529
f 4457 4458 4531
f 4457 4531 4530
f 4458 4459 4532
f 4458 4532 4531
f 4459 4460 4533
f 4459 4533 4532
f 4460 4461 4534
f 4460 4534 4533
f 4461 4462 4535
f 4461 4535 4534
f 4462 4463 4536
f 4462 4536 4535
f 4463 4464 4537
f 4463 4537 4536
f 4464 4465 4538
f 4464 4538 4537
f 4465 4466 4539
f 4465 4539 4538
f 4466 4467 4540
f 4466 4540 4539
f 4467 4468 4541
f 4467 4541 4540
f 4468 4469 4542
f 4468 4542 4541
f 4469 4470 4543
f 4469 4543 4542
f 4470 4471 4544
f 4470 4544 4543
f 4471 4472 4545
f 4471 4545 4544
f 4472 4473 4546
f 4472 4546 4545
f 4473 4474 4547
f 4473 4547 4546
f 4474 4475 4548
f 4474 4548 4547
f 4475 4476 4549
f 4475 4549 4548
f 4476 4477 4550
f 4476 4550 4549
f 4477 4478 4551
f 4477 4551 4550
f 4478 4479 4552
f 4478 4552 4551
f 4479 4480 4553
f 4479 4553 4552
f 4480 4481 4554
f 4480 4554 4553
f 4481 4482 4555
f 4481 4555 4554
f 4482 4483 4556
f 4482 4556 4555
f 4483 4484 4557
f 4483 4557 4556
f 4484 4485 4558
f 4484 4558 4557
f 4485 4486 4559
f 4485 4559 4558
f 4486 4487 4560
f 4486 4560 4559
f 4487 4488 4561
f 4487 4561 4560
f 4488 4489 4562
f 4488 4562 4561
f 4489 4490 4563
f 4489 4563 4562
f 4490 4491 4564
f 4490 4564 4563
f 4491 4492 4565
f 4491 4565 4564
f 4492 4493 4566
f 4492 4566 4565
f 4493 4494 4567
f 4493 4567 4566
f 4494 4495 4568
f 4494 4568 4567
f 4495 4496 4569
f 4495 4569 4568
f 4496 4497 4570
f 4496 4570 4569
f 4497 4498 4571
f 4497 4571 4570
f 4498 4499 4572
f 4498 4572 4571
f 4499 4500 4573
f 4499 4573 4572
f 4500 4501 4574
f 4500 4574 4573
f 4501 4502 4575
f 4501 4575 4574
f 4502 4503 4576
f 4502 4576 4575
f 4503 4504 4577
f 4503 4577 4576
f 4504 4505 4578
f 4504 4578 4577
f 4505 4506 4579
f 4505 4579 4578
f 4506 4507 4580
f 4506 4580 4579
f 4507 4508 4581
f 4507 4581 4580
f 4508 4509 4582
f 4508 4582 4581
f 4509 4510 4583
f 4509 4583 4582
f 4510 4511 4584
f 4510 4584 4583
f 4511 4512 4585
f 4511 4585 4584
f 4512 4513 4586
f 4512 4586 4585
f 4513 4514 4587
f 4513 4587 4586
f 4514 4515 4588
f 4514 4588 4587
f 4515 4516 4589
f 4515 4589 4588
f 4516 4517 4590
f 4516 4590 4589
f 4517 4518 4591
f 4517 4591 4590
f 4518 4519 4592
f 4518 4592 4591
f 4519 4520 4593
f 4519 4593 4592
f 4520 4521 4594
f 4520 4594 4593
f 4521 4522 4595
f 4521 4595 4594
f 4522 4523 4596
f 4522 4596 4595
f 4523 4524 4597
f 4523 4597 4596
f 4524 4525 4598
f 4524 4598 4597
f 4525 4526 4599
f 4525 4599 4598
f 4527 4528 4601
f 4527 4601 4600
f 4528 4529 4602
f 4528 4602 4601
f 4529 4530 4603
f 4529 4603 4602
f 4530 4531 4604
f 4530 4604 4603
f 4531 4532 4605
f 4531 4605 4604
f 4532 4533 4606
f 4532 4606 4605
f 4533 4534 4607
f 4533 4607 4606
f 4534 4535 4608
f 4534 4608 4607
f 4535 4536 4609
f 4535 4609 4608
f 4536 4537 4610
f 4536 4610 4609
f 4537 4538 4611
f 4537 4611 4610
f 4538 4539 4612
f 4538 4612 4611
f 4539 4540 4613
f 4539 4613 4612
f 4540 4541 4614
f 4540 4614 4613
f 4541 4542 4615
f 4541 4615 4614
f 4542 4543 4616
f 4542 4616 4615
f 4543 4544 4617
f 4543 4617 4616
f 4544 4545 4618
f 4544 4618 4617
f 4545 4546 4619
f 4545 4619 4618
f 4546 4547 4620
f 4546 4620 4619
f 4547 4548 4621
f 4547 4621 4620
f 4548 4549 4622
f 4548 4622 4621
f 4549 4550 4623
f 4549 4623 4622
f 4550 4551 4624
f 4550 4624 4623
f 4551 4552 4625
f 4551 4625 4624
f 4552 4553 4626
f 4552 4626 4625
f 4553 4554 4627
f 4553 4627 4626
f 4554 4555 4628
f 4554 4628 4627
f 4555 4556 4629
f 4555 4629 4628
f 4556 4557 4630
f 4556 4630 4629
f 4557 4558 4631
f 4557 4631 4630
f 4558 4559 4632
f 4558 4632 4631
f 4559 4560 4633
f 4559 4633 4632
f 4560 4561 4634
f 4560 4634 4633
f 4561 4562 4635
f 4561 4635 4634
f 4562 4563 4636
f 4562 4636 4635
f 4563 4564 4637
f 4563 4637 4636
f 4564 4565 4638
f 4564 4638 4637
f 4565 4566 4639
f 4565 4639 4638
f 4566 4567 4640
f 4566 4640 4639
f 4567 4568 4641
f 4567 4641 4640
f 4568 4569 4642
f 4568 4642 4641
f 4569 4570 4643
f 4569 4643 4642
f 4570 4571 4644
f 4570 4644 4643
f 4571 4572 4645
f 4571 4645 4644
f 4572 4573 4646
f 4572 4646 4645
f 4573 4574 4647
f 4573 4647 4646
f 4574 4575 4648
f 4574 4648 4647
f 4575 4576 4649
f 4575 4649 4648
f 4576 4577 4650
f 4576 4650 4649
f 4577 4578 4651
f 4577 4651 4650
f 4578 4579 4652
f 4578 4652 4651
f 4579 4580 4653
f 4579 4653 4652
f 4580 4581 4654
f 4580 4654 4653
f 4581 4582 4655
f 4581 4655 4654
f 4582 4583 4656
f 4582 4656 4655
f 4583 4584 4657
f 4583 4657 4656
f 4584 4585 4658
f 4584 4658 4657
f 4585 4586 4659
f 4585 4659 4658
f 4586 4587 4660
f 4586 4660 4659
f 4587 4588 4661
f 4587 4661 4660
f 4588 4589 4662
f 4588 4662 4661
f 4589 4590 4663
f 4589 4663 4662
f 4590 4591 4664
f 4590 4664 4663
f 4591 4592 4665
f 4591 4665 4664
f 4592 4593 4666
f 4592 4666 4665
f 4593 4594 4667
f 4593 4667 4666
f 4594 4595 4668
f 4594 4668 4667
f 4595 4596 4669
f 4595 4669 4668
f 4596 4597 4670
f 4596 4670 4669
f 4597 4598 4671
f 4597 4671 4670
f 4598 4599 4672
f 4598 4672 4671
f 4600 4601 4674
f 4600 4674 4673
f 4601 4602 4675
f 4601 4675 4674
f 4602 4603 4676
f 4602 4676 4675
f 4603 4604 4677
f 4603 4677 4676
f 4604 4605 4678
f 4604 4678 4677
f 4605 4606 4679
f 4605 4679 4678
f 4606 4607 4680
f 4606 4680 4679
f 4607 4608 4681
f 4607 4681 4680
f 4608 4609 4682
f 4608 4682 4681
f 4609 4610 4683
f 4609 4683 4682
f 4610 4611 4684
f 4610 4684 4683
f 4611 4612 4685
f 4611 4685 4684
f 4612 4613 4686
f 4612 4686 4685
f 4613 4614 4687
f 4613 4687 4686
f 4614 4615 4688
f 4614 4688 4687
f 4615 4616 4689
f 4615 4689 4688
f 4616 4617 4690
f 4616 4690 4689
f 4617 4618 4691
f 4617 4691 4690
f 4618 4619 4692
f 4618 4692 4691
f 4619 4620 4693
f 4619 4693 4692
f 4620 4621 4694
f 4620 4694 4693
f 4621 4622 4695
f 4621 4695 4694
f 4622 4623 4696
f 4622 4696 4695
f 4623 4624 4697
f 4623 4697 4696
f 4624 4625 4698
f 4624 4698 4697
f 4625 4626 4699
f 4625 4699 4698
f 4626 4627 4700
f 4626 4700 4699
f 4627 4628 4701
f 4627 4701 4700
f 4628 4629 4702
f 4628 4702 4701
f 4629 4630 4703
f 4629 4703 4702
f 4630 4631 4704
f 4630 4704 4703
f 4631 4632 4705
f 4631 4705 4704
f 4632 4633 4706
f 4632 4706 4705
f 4633 4634 4707
f 4633 4707 4706
f 4634 4635 4708
f 4634 4708 4707
f 4635 4636 4709
f 4635 4709 4708
f 4636 4637 4710
f 4636 4710 4709
f 4637 4638 4711
f 4637 4711 4710
f 4638 4639 4712
f 4638 4712 4711
f 4639 4640 4713
f 4639 4713 4712
f 4640 4641 4714
f 4640 4714 4713
f 4641 4642 4715
f 4641 4715 4714
f 4642 4643 4716
f 4642 4716 4715
f 4643 4644 4717
f 4643 4717 4716
f 4644 4645 4718
f 4644 4718 4717
f 4645 4646 4719
f 4645 4719 4718
f 4646 4647 4720
f 4646 4720 4719
f 4647 4648 4721
f 4647 4721 4720
f 4648 4649 4722
f 4648 4722 4721
f 4649 4650 4723
f 4649 4723 4722
f 4650 4651 4724
f 4650 4724 4723
f 4651 4652 4725
f 4651 4725 4724
f 4652 4653 4726
f 4652 4726 4725
f 4653 4654 4727
f 4653 4727 4726
f 4654 4655 4728
f 4654 4728 4727
f 4655 4656 4729
f 4655 4729 4728
f 4656 4657 4730
f 4656 4730 4729
f 4657 4658 4731
f 4657 4731 4730
f 4658 4659 4732
f 4658 4732 4731
f 4659 4660 4733
f 4659 4733 4732
f 4660 4661 4734
f 4660 4734 4733
f 4661 4662 4735
f 4661 4735 4734
f 4662 4663 4736
f 4662 4736 4735
f 4663 4664 4737
f 4663 4737 4736
f 4664 4665 4738
f 4664 4738 4737
f 4665 4666 4739
f 4665 4739 4738
f 4666 4667 4740
f 4666 4740 4739
f 4667 4668 4741
f 4667 4741 4740
f 4668 4669 4742
f 4668 4742 4741
f 4669 4670 4743
f 4669 4743 4742
f 4670 4671 4744
f 4670 4744 4743
f 4671 4672 4745
f 4671 4745 4744
f 4673 4674 4747
f 4673 4747 4746
f 4674 4675 4748
f 4674 4748 4747
f 4675 4676 4749
f 4675 4749 4748
f 4676 4677 4750
f 4676 4750 4749
f 4677 4678 4751
f 4677 4751 4750
f 4678 4679 4752
f 4678 4752 4751
f 4679 4680 4753
f 4679 4753 4752
f 4680 4681 4754
f 4680 4754 4753
f 4681 4682 4755
f 4681 4755 4754
f 4682 4683 4756
f 4682 4756 4755
f 4683 4684 4757
f 4683 4757 4756
f 4684 4685 4758
f 4684 4758 4757
f 4685 4686 4759
f 4685 4759 4758
f 4686 4687 4760
f 4686 4760 4759
f 4687 4688 4761
f 4687 4761 4760
f 4688 4689 4762
f 4688 4762 4761
f 4689 4690 4763
f 4689 4763 4762
f 4690 4691 4764
f 4690 4764 4763
f 4691 4692 4765
f 4691 4765 4764
f 4692 4693 4766
f 4692 4766 4765
f 4693 4694 4767
f 4693 4767 4766
f 4694 4695 4768
f 4694 4768 4767
f 4695 4696 4769
f 4695 4769 4768
f 4696 4697 4770
f 4696 4770 4769
f 4697 4698 4771
f 4697 4771 4770
f 4698 4699 4772
f 4698 4772 4771
f 4699 4700 4773
f 4699 4773 4772
f 4700 4701 4774
f 4700 4774 4773
f 4701 4702 4775
f 4701 4775 4774
f 4702 4703 4776
f 4702 4776 4775
f 4703 4704 4777
f 4703 4777 4776
f 4704 4705 4778
f 4704 4778 4777
f 4705 4706 4779
f 4705 4779 4778
f 4706 4707 4780
f 4706 4780 4779
f 4707 4708 4781
f 4707 4781 4780
f 4708 4709 4782
f 4708 4782 4781
f 4709 4710 4783
f 4709 4783 4782
f 4710 4711 4784
f 4710 4784 4783
f 4711 4712 4785
f 4711 4785 4784
f 4712 4713 4786
f 4712 4786 4785
f 4713 4714 4787
f 4713 4787 4786
f 4714 4715 4788
f 4714 4788 4787
f 4715 4716 4789
f 4715 4789 4788
f 4716 4717 4790
f 4716 4790 4789
f 4717 4718 4791
f 4717 4791 4790
f 4718 4719 4792
f 4718 4792 4791
f 4719 4720 4793
f 4719 4793 4792
f 4720 4721 4794
f 4720 4794 4793
f 4721 4722 4795
f 4721 4795 4794
f 4722 4723 4796
f 4722 4796 4795
f 4723 4724 4797
f 4723 4797 4796
f 4724 4725 4798
f 4724 4798 4797
f 4725 4726 4799
f 4725 4799 4798
f 4726 4727 4800
f 4726 4800 4799
f 4727 4728 4801
f 4727 4801 4800
f 4728 4729 4802
f 4728 4802 4801
f 4729 4730 4803
f 4729 4803 4802
f 4730 4731 4804
f 4730 4804 4803
f 4731 4732 4805
f 4731 4805 4804
f 4732 4733 4806
f 4732 4806 4805
f 4733 4734 4807
f 4733 4807 4806
f 4734 4735 4808
f 4734 4808 4807
f 4735 4736 4809
f 4735 4809 4808
f 4736 4737 4810
f 4736 4810 4809
f 4737 4738 4811
f 4737 4811 4810
f 4738 4739 4812
f 4738 4812 4811
f 4739 4740 4813
f 4739 4813 4812
f 4740 4741 4814
f 4740 4814 4813
f 4741 4742 4815
f 4741 4815 4814
f 4742 4743 4816
f 4742 4816 4815
f 4743 4744 4817
f 4743 4817 4816
f 4744 4745 4818
f 4744 4818 4817
f 4746 4747 4820
f 4746 4820 4819
f 4747 4748 4821
f 4747 4821 4820
f 4748 4749 4822
f 4748 4822 4821
f 4749 4750 4823
f 4749 4823 4822
f 4750 4751 4824
f 4750 4824 4823
f 4751 4752 4825
f 4751 4825 4824
f 4752 4753 4826
f 4752 4826 4825
f 4753 4754 4827
f 4753 4827 4826
f 4754 4755 4828
f 4754 4828 4827
f 4755 4756 4829
f 4755 4829 4828
f 4756 4757 4830
f 4756 4830 4829
f 4757 4758 4831
f 4757 4831 4830
f 4758 4759 4832
f 4758 4832 4831
f 4759 4760 4833
f 4759 4833 4832
f 4760 4761 4834
f 4760 4834 4833
f 4761 4762 4835
f 4761 4835 4834
f 4762 4763 4836
f 4762 4836 4835
f 4763 4764 4837
f 4763 4837 4836
f 4764 4765 4838
f 4764 4838 4837
f 4765 4766 4839
f 4765 4839 4838
f 4766 4767 4840
f 4766 4840 4839
f 4767 4768 4841
f 4767 4841 4840
f 4768 4769 4842
f 4768 4842 4841
f 4769 4770 4843
f 4769 4843 4842
f 4770 4771 4844
f 4770 4844 4843
f 4771 4772 4845
f 4771 4845 4844
f 4772 4773 4846
f 4772 4846 4845
f 4773 4774 4847
f 4773 4847 4846
f 4774 4775 4848
f 4774 4848 4847
f 4775 4776 4849
f 4775 4849 4848
f 4776 4777 4850
f 4776 4850 4849
f 4777 4778 4851
f 4777 4851 4850
f 4778 4779 4852
f 4778 4852 4851
f 4779 4780 4853
f 4779 4853 4852
f 4780 4781 4854
f 4780 4854 4853
f 4781 4782 4855
f 4781 4855 4854
f 4782 4783 4856
f 4782 4856 4855
f 4783 4784 4857
f 4783 4857 4856
f 4784 4785 4858
f 4784 4858 4857
f 4785 4786 4859
f 4785 4859 4858
f 4786 4787 4860
f 4786 4860 4859
f 4787 4788 4861
f 4787 4861 4860
f 4788 4789 4862
f 4788 4862 4861
f 4789 4790 4863
f 4789 4863 4862
f 4790 4791 4864
f 4790 4864 4863
f 4791 4792 4865
f 4791 4865 4864
f 4792 4793 4866
f 4792 4866 4865
f 4793 4794 4867
f 4793 4867 4866
f 4794 4795 4868
f 4794 4868 4867
f 4795 4796 4869
f 4795 4869 4868
f 4796 4797 4870
f 4796 4870 4869
f 4797 4798 4871
f 4797 4871 4870
f 4798 4799 4872
f 4798 4872 4871
f 4799 4800 4873
f 4799 4873 4872
f 4800 4801 4874
f 4800 4874 4873
f 4801 4802 4875
f 4801 4875 4874
f 4802 4803 4876
f 4802 4876 4875
f 4803 4804 4877
f 4803 4877 4876
f 4804 4805 4878
f 4804 4878 4877
f 4805 4806 4879
f 4805 4879 4878
f 4806 4807 4880
f 4806 4880 4879
f 4807 4808 4881
f 4807 4881 4880
f 4808 4809 4882
f 4808 4882 4881
f 4809 4810 4883
f 4809 4883 4882
f 4810 4811 4884
f 4810 4884 4883
f 4811 4812 4885
f 4811 4885 4884
f 4812 4813 4886
f 4812 4886 4885
f 4813 4814 4887
f 4813 4887 4886
f 4814 4815 4888
f 4814 4888 4887
f 4815 4816 4889
f 4815 4889 4888
f 4816 4817 4890
f 4816 4890 4889
f 4817 4818 4891
f 4817 4891 4890
f 4819 4820 4893
f 4819 4893 4892
f 4820 4821 4894
f 4820 4894 4893
f 4821 4822 4895
f 4821 4895 4894
f 4822 4823 4896
f 4822 4896 4895
f 4823 4824 4897
f 4823 4897 4896
f 4824 4825 4898
f 4824 4898 4897
f 4825 4826 4899
f 4825 4899 4898
f 4826 4827 4900
f 4826 4900 4899
f 4827 4828 4901
f 4827 4901 4900
f 4828 4829 4902
f 4828 4902 4901
f 4829 4830 4903
f 4829 4903 4902
f 4830 4831 4904
f 4830 4904 4903
f 4831 4832 4905
f 4831 4905 4904
f 4832 4833 4906
f 4832 4906 4905
f 4833 4834 4907
f 4833 4907 4906
f 4834 4835 4908
f 4834 4908 4907
f 4835 4836 4909
f 4835 4909 4908
f 4836 4837 4910
f 4836 4910 4909
f 4837 4838 4911
f 4837 4911 4910
f 4838 4839 4912
f 4838 4912 4911
f 4839 4840 4913
f 4839 4913 4912
f 4840 4841 4914
f 4840 4914 4913
f 4841 4842 4915
f 4841 4915 4914
f 4842 4843 4916
f 4842 4916 4915
f 4843 4844 4917
f 4843 4917 4916
f 4844 4845 4918
f 4844 4918 4917
f 4845 4846 4919
f 4845 4919 4918
f 4846 4847 4920
f 4846 4920 4919
f 4847 4848 4921
f 4847 4921 4920
f 4848 4849 4922
f 4848 4922 4921
f 4849 4850 4923
f 4849 4923 4922
f 4850 4851 4924
f 4850 4924 4923
f 4851 4852 4925
f 4851 4925 4924
f 4852 4853 4926
f 4852 4926 4925
f 4853 4854 4927
f 4853 4927 4926
f 4854 4855 4928
f 4854 4928 4927
f 4855 4856 4929
f 4855 4929 4928
f 4856 4857 4930
f 4856 4930 4929
f 4857 4858 4931
f 4857 4931 4930
f 4858 4859 4932
f 4858 4932 4931
f 4859 4860 4933
f 4859 4933 4932
f 4860 4861 4934
f 4860 4934 4933
f 4861 4862 4935
f 4861 4935 4934
f 4862 4863 4936
f 4862 4936 4935
f 4863 4864 4937
f 4863 4937 4936
f 4864 4865 4938
f 4864 4938 4937
f 4865 4866 4939
f 4865 4939 4938
f 4866 4867 4940
f 4866 4940 4939
f 4867 4868 4941
f 4867 4941 4940
f 4868 4869 4942
f 4868 4942 4941
f 4869 4870 4943
f 4869 4943 4942
f 4870 4871 4944
f 4870 4944 4943
f 4871 4872 4945
f 4871 4945 4944
f 4872 4873 4946
f 4872 4946 4945
f 4873 4874 4947
f 4873 4947 4946
f 4874 4875 4948
f 4874 4948 4947
f 4875 4876 4949
f 4875 4949 4948
f 4876 4877 4950
f 4876 4950 4949
f 4877 4878 4951
f 4877 4951 4950
f 4878 4879 4952
f 4878 4952 4951
f 4879 4880 4953
f 4879 4953 4952
f 4880 4881 4954
f 4880 4954 4953
f 4881 4882 4955
f 4881 4955 4954
f 4882 4883 4956
f 4882 4956 4955
f 4883 4884 4957
f 4883 4957 4956
f 4884 4885 4958
f 4884 4958 4957
f 4885 4886 4959
f 4885 4959 4958
f 4886 4887 4960
f 4886 4960 4959
f 4887 4888 4961
f 4887 4961 4960
f 4888 4889 4962
f 4888 4962 4961
f 4889 4890 4963
f 4889 4963 4962
f 4890 4891 4964
f 4890 4964 4963
f 4892 4893 4966
f 4892 4966 4965
f 4893 4894 4967
f 4893 4967 4966
f 4894 4895 4968
f 4894 4968 4967
f 4895 4896 4969
f 4895 4969 4968
f 4896 4897 4970
f 4896 4970 4969
f 4897 4898 4971
f 4897 4971 4970
f 4898 4899 4972
f 4898 4972 4971
f 4899 4900 4973
f 4899 4973 4972
f 4900 4901 4974
f 4900 4974 4973
f 4901 4902 4975
f 4901 4975 4974
f 4902 4903 4976
f 4902 4976 4975
f 4903 4904 4977
f 4903 4977 4976
f 4904 4905 4978
f 4904 4978 4977
f 4905 4906 4979
f 4905 4979 4978
f 4906 4907 4980
f 4906 4980 4979
f 4907 4908 4981
f 4907 4981 4980
f 4908 4909 4982
f 4908 4982 4981
f 4909 4910 4983
f 4909 4983 4982
f 4910 4911 4984
f 4910 4984 4983
f 4911 4912 4985
f 4911 4985 4984
f 4912 4913 4986
f 4912 4986 4985
f 4913 4914 4987
f 4913 4987 4986
f 4914 4915 4988
f 4914 4988 4987
f 4915 4916 4989
f 4915 4989 4988
f 4916 4917 4990
f 4916 4990 4989
f 4917 4918 4991
f 4917 4991 4990
f 4918 4919 4992
f 4918 4992 4991
f 4919 4920 4993
f 4919 4993 4992
f 4920 4921 4994
f 4920 4994 4993
f 4921 4922 4995
f 4921 4995 4994
f 4922 4923 4996
f 4922 4996 4995
f 4923 4924 4997
f 4923 4997 4996
f 4924 4925 4998
f 4924 4998 4997
f 4925 4926 4999
f 4925 4999 4998
f 4926 4927 5000
f 4926 5000 4999
f 4927 4928 5001
f 4927 5001 5000
f 4928 4929 5002
f 4928 5002 5001
f 4929 4930 5003
f 4929 5003 5002
f 4930 4931 5004
f 4930 5004 5003
f 4931 4932 5005
f 4931 5005 5004
f 4932 4933 5006
f 4932 5006 5005
f 4933 4934 5007
f 4933 5007 5006
f 4934 4935 5008
f 4934 5008 5007
f 4935 4936 5009
f 4935 5009 5008
f 4936 4937 5010
f 4936 5010 5009
f 4937 4938 5011
f 4937 5011 5010
f 4938 4939 5012
f 4938 5012 5011
f 4939 4940 5013
f 4939 5013 5012
f 4940 4941 5014
f 4940 5014 5013
f 4941 4942 5015
f 4941 5015 5014
f 4942 4943 5016
f 4942 5016 5015
f 4943 4944 5017
f 4943 5017 5016
f 4944 4945 5018
f 4944 5018 5017
f 4945 4946 5019
f 4945 5019 5018
f 4946 4947 5020
f 4946 5020 5019
f 4947 4948 5021
f 4947 5021 5020
f 4948 4949 5022
f 4948 5022 5021
f 4949 4950 5023
f 4949 5023 5022
f 4950 4951 5024
f 4950 5024 5023
f 4951 4952 5025
f 4951 5025 5024
f 4952 4953 5026
f 4952 5026 5025
f 4953 4954 5027
f 4953 5027 5026
f 4954 4955 5028
f 4954 5028 5027
f 4955 4956 5029
f 4955 5029 5028
f 4956 4957 5030
f 4956 5030 5029
f 4957 4958 5031
f 4957 5031 5030
f 4958 4959 5032
f 4958 5032 5031
f 4959 4960 5033
f 4959 5033 5032
f 4960 4961 5034
f 4960 5034 5033
f 4961 4962 5035
f 4961 5035 5034
f 4962 4963 5036
f 4962 5036 5035
f 4963 4964 5037
f 4963 5037 5036
f 4965 4966 5039
f 4965 5039 5038
f 4966 4967 5040
f 4966 5040 5039
f 4967 4968 5041
f 4967 5041 5040
f 4968 4969 5042
f 4968 5042 5041
f 4969 4970 5043
f 4969 5043 5042
f 4970 4971 5044
f 4970 5044 5043
f 4971 4972 5045
f 4971 5045 5044
f 4972 4973 5046
f 4972 5046 5045
f 4973 4974 5047
f 4973 5047 5046
f 4974 4975 5048
f 4974 5048 5047
f 4975 4976 5049
f 4975 5049 5048
f 4976 4977 5050
f 4976 5050 5049
f 4977 4978 5051
f 4977 5051 5050
f 4978 4979 5052
f 4978 5052 5051
f 4979 4980 5053
f 4979 5053 5052
f 4980 4981 5054
f 4980 5054 5053
f 4981 4982 5055
f 4981 5055 5054
f 4982 4983 5056
f 4982 5056 5055
f 4983 4984 5057
f 4983 5057 5056
f 4984 4985 5058
f 4984 5058 5057
f 4985 4986 5059
f 4985 5059 5058
f 4986 4987 5060
f 4986 5060 5059
f 4987 4988 5061
f 4987 5061 5060
f 4988 4989 5062
f 4988 5062 5061
f 4989 4990 5063
f 4989 5063 5062
f 4990 4991 5064
f 4990 5064 5063
f 4991 4992 5065
f 4991 5065 5064
f 4992 4993 5066
f 4992 5066 5065
f 4993 4994 5067
f 4993 5067 5066
f 4994 4995 5068
f 4994 5068 5067
f 4995 4996 5069
f 4995 5069 5068
f 4996 4997 5070
f 4996 5070 5069
f 4997 4998 5071
f 4997 5071 5070
f 4998 4999 5072
f 4998 5072 5071
f 4999 5000 5073
f 4999 5073 5072
f 5000 5001 5074
f 5000 5074 5073
f 5001 5002 5075
f 5001 5075 5074
f 5002 5003 5076
f 5002 5076 5075
f 5003 5004 5077
f 5003 5077 5076
f 5004 5005 5078
f 5004 5078 5077
f 5005 5006 5079
f 5005 5079 5078
f 5006 5007 5080
f 5006 5080 5079
f 5007 5008 5081
f 5007 5081 5080
f 5008 5009 5082
f 5008 5082 5081
f 5009 5010 5083
f 5009 5083 5082
f 5010 5011 5084
f 5010 5084 5083
f 5011 5012 5085
f 5011 5085 5084
f 5012 5013 5086
f 5012 5086 5085
f 5013 5014 5087
f 5013 5087 5086
f 5014 5015 5088
f 5014 5088 5087
f 5015 5016 5089
f 5015 5089 5088
f 5016 5017 5090
f 5016 5090 5089
f 5017 5018 5091
f 5017 5091 5090
f 5018 5019 5092
f 5018 5092 5091
f 5019 5020 5093
f 5019 5093 5092
f 5020 5021 5094
f 5020 5094 5093
f 5021 5022 5095
f 5021 5095 5094
f 5022 5023 5096
f 5022 5096 5095
f 5023 5024 5097
f 5023 5097 5096
f 5024 5025 5098
f 5024 5098 5097
f 5025 5026 5099
f 5025 5099 5098
f 5026 5027 5100
f 5026 5100 5099
f 5027 5028 5101
f 5027 5101 5100
f 5028 5029 5102
f 5028 5102 5101
f 5029 5030 5103
f 5029 5103 5102
f 5030 5031 5104
f 5030 5104 5103
f 5031 5032 5105
f 5031 5105 5104
f 5032 5033 5106
f 5032 5106 5105
f 5033 5034 5107
f 5033 5107 5106
f 5034 5035 5108
f 5034 5108 5107
f 5035 5036 5109
f 5035 5109 5108
f 5036 5037 5110
f 5036 5110 5109
f 5038 5039 5112
f 5038 5112 5111
f 5039 5040 5113
f 5039 5113 5112
f 5040 5041 5114
f 5040 5114 5113
f 5041 5042 5115
f 5041 5115 5114
f 5042 5043 5116
f 5042 5116 5115
f 5043 5044 5117
f 5043 5117 5116
f 5044 5045 5118
f 5044 5118 5117
f 5045 5046 5119
f 5045 5119 5118
f 5046 5047 5120
f 5046 5120 5119
f 5047 5048 5121
f 5047 5121 5120
f 5048 5049 5122
f 5048 5122 5121
f 5049 5050 5123
f 5049 5123 5122
f 5050 5051 5124
f 5050 5124 5123
f 5051 5052 5125
f 5051 5125 5124
f 5052 5053 5126
f 5052 5126 5125
f 5053 5054 5127
f 5053 5127 5126
f 5054 5055 5128
f 5054 5128 5127
f 5055 5056 5129
f 5055 5129 5128
f 5056 5057 5130
f 5056 5130 5129
f 5057 5058 5131
f 5057 5131 5130
f 5058 5059 5132
f 5058 5132 5131
f 5059 5060 5133
f 5059 5133 5132
f 5060 5061 5134
f 5060 5134 5133
f 5061 5062 5135
f 5061 5135 5134
f 5062 5063 5136
f 5062 5136 5135
f 5063 5064 5137
f 5063 5137 5136
f 5064 5065 5138
f 5064 5138 5137
f 5065 5066 5139
f 5065 5139 5138
f 5066 5067 5140
f 5066 5140 5139
f 5067 5068 5141
f 5067 5141 5140
f 5068 5069 5142
f 5068 5142 5141
f 5069 5070 5143
f 5069 5143 5142
f 5070 5071 5144
f 5070 5144 5143
f 5071 5072 5145
f 5071 5145 5144
f 5072 5073 5146
f 5072 5146 5145
f 5073 5074 5147
f 5073 5147 5146
f 5074 5075 5148
f 5074 5148 5147
f 5075 5076 5149
f 5075 5149 5148
f 5076 5077 5150
f 5076 5150 5149
f 5077 5078 5151
f 5077 5151 5150
f 5078 5079 5152
f 5078 5152 5151
f 5079 5080 5153
f 5079 5153 5152
f 5080 5081 5154
f 5080 5154 5153
f 5081 5082 5155
f 5081 5155 5154
f 5082 5083 5156
f 5082 5156 5155
f 5083 5084 5157
f 5083 5157 5156
f 5084 5085 5158
f 5084 5158 5157
f 5085 5086 5159
f 5085 5159 5158
f 5086 5087 5160
f 5086 5160 5159
f 5087 5088 5161
f 5087 5161 5160
f 5088 5089 5162
f 5088 5162 5161
f 5089 5090 5163
f 5089 5163 5162
f 5090 5091 5164
f 5090 5164 5163
f 5091 5092 5165
f 5091 5165 5164
f 5092 5093 5166
f 5092 5166 5165
f 5093 5094 5167
f 5093 5167 5166
f 5094 5095 5168
f 5094 5168 5167
f 5095 5096 5169
f 5095 5169 5168
f 5096 5097 5170
f 5096 5170 5169
f 5097 5098 5171
f 5097 5171 5170
f 5098 5099 5172
f 5098 5172 5171
f 5099 5100 5173
f 5099 5173 5172
f 5100 5101 5174
f 5100 5174 5173
f 5101 5102 5175
f 5101 5175 5174
f 5102 5103 5176
f 5102 5176 5175
f 5103 5104 5177
f 5103 5177 5176
f 5104 5105 5178
f 5104 5178 5177
f 5105 5106 5179
f 5105 5179 5178
f 5106 5107 5180
f 5106 5180 5179
f 5107 5108 5181
f 5107 5181 5180
f 5108 5109 5182
f 5108 5182 5181
f 5109 5110 5183
f 5109 5183 5182
f 5111 5112 5185
f 5111 5185 5184
f 5112 5113 5186
f 5112 5186 5185
f 5113 5114 5187
f 5113 5187 5186
f 5114 5115 5188
f 5114 5188 5187
f 5115 5116 5189
f 5115 5189 5188
f 5116 5117 5190
f 5116 5190 5189
f 5117 5118 5191
f 5117 5191 5190
f 5118 5119 5192
f 5118 5192 5191
f 5119 5120 5193
f 5119 5193 5192
f 5120 5121 5194
f 5120 5194 5193
f 5121 5122 5195
f 5121 5195 5194
f 5122 5123 5196
f 5122 5196 5195
f 5123 5124 5197
f 5123 5197 5196
f 5124 5125 5198
f 5124 5198 5197
f 5125 5126 5199
f 5125 5199 5198
f 5126 5127 5200
f 5126 5200 5199
f 5127 5128 5201
f 5127 5201 5200
f 5128 5129 5202
f 5128 5202 5201
f 5129 5130 5203
f 5129 5203 5202
f 5130 5131 5204
f 5130 5204 5203
f 5131 5132 5205
f 5131 5205 5204
f 5132 5133 5206
f 5132 5206 5205
f 5133 5134 5207
f 5133 5207 5206
f 5134 5135 5208
f 5134 5208 5207
f 5135 5136 5209
f 5135 5209 5208
f 5136 5137 5210
f 5136 5210 5209
f 5137 5138 5211
f 5137 5211 5210
f 5138 5139 5212
f 5138 5212 5211
f 5139 5140 5213
f 5139 5213 5212
f 5140 5141 5214
f 5140 5214 5213
f 5141 5142 5215
f 5141 5215 5214
f 5142 5143 5216
f 5142 5216 5215
f 5143 5144 5217
f 5143 5217 5216
f 5144 5145 5218
f 5144 5218 5217
f 5145 5146 5219
f 5145 5219 5218
f 5146 5147 5220
f 5146 5220 5219
f 5147 5148 5221
f 5147 5221 5220
f 5148 5149 5222
f 5148 5222 5221
f 5149 5150 5223
f 5149 5223 5222
f 5150 5151 5224
f 5150 5224 5223
f 5151 5152 5225
f 5151 5225 5224
f 5152 5153 5226
f 5152 5226 5225
f 5153 5154 5227
f 5153 5227 5226
f 5154 5155 5228
f 5154 5228 5227
f 5155 5156 5229
f 5155 5229 5228
f 5156 5157 5230
f 5156 5230 5229
f 5157 5158 5231
f 5157 5231 5230
f 5158 5159 5232
f 5158 5232 5231
f 5159 5160 5233
f 5159 5233 5232
f 5160 5161 5234
f 5160 5234 5233
f 5161 5162 5235
f 5161 5235 5234
f 5162 5163 5236
f 5162 5236 5235
f 5163 5164 5237
f 5163 5237 5236
f 5164 5165 5238
f 5164 5238 5237
f 5165 5166 5239
f 5165 5239 5238
f 5166 5167 5240
f 5166 5240 5239
f 5167 5168 5241
f 5167 5241 5240
f 5168 5169 5242
f 5168 5242 5241
f 5169 5170 5243
f 5169 5243 5242
f 5170 5171 5244
f 5170 5244 5243
f 5171 5172 5245
f 5171 5245 5244
f 5172 5173 5246
f 5172 5246 5245
f 5173 5174 5247
f 5173 5247 5246
f 5174 5175 5248
f 5174 5248 5247
f 5175 5176 5249
f 5175 5249 5248
f 5176 5177 5250
f 5176 5250 5249
f 5177 5178 5251
f 5177 5251 5250
f 5178 5179 5252
f 5178 5252 5251
f 5179 5180 5253
f 5179 5253 5252
f 5180 5181 5254
f 5180 5254 5253
f 5181 5182 5255
f 5181 5255 5254
f 5182 5183 5256
f 5182 5256 5255
f 5184 5185 5258
f 5184 5258 5257
f 5185 5186 5259
f 5185 5259 5258
f 5186 5187 5260
f 5186 5260 5259
f 5187 5188 5261
f 5187 5261 5260
f 5188 5189 5262
f 5188 5262 5261
f 5189 5190 5263
f 5189 5263 5262
f 5190 5191 5264
f 5190 5264 5263
f 5191 5192 5265
f 5191 5265 5264
f 5192 5193 5266
f 5192 5266 5265
f 5193 5194 5267
f 5193 5267 5266
f 5194 5195 5268
f 5194 5268 5267
f 5195 5196 5269
f 5195 5269 5268
f 5196 5197 5270
f 5196 5270 5269
f 5197 5198 5271
f 5197 5271 5270
f 5198 5199 5272
f 5198 5272 5271
f 5199 5200 5273
f 5199 5273 5272
f 5200 5201 5274
f 5200 5274 5273
f 5201 5202 5275
f 5201 5275 5274
f 5202 5203 5276
f 5202 5276 5275
f 5203 5204 5277
f 5203 5277 5276
f 5204 5205 5278
f 5204 5278 5277
f 5205 5206 5279
f 5205 5279 5278
f 5206 5207 5280
f 5206 5280 5279
f 5207 5208 5281
f 5207 5281 5280
f 5208 5209 5282
f 5208 5282 5281
f 5209 5210 5283
f 5209 5283 5282
f 5210 5211 5284
f 5210 5284 5283
f 5211 5212 5285
f 5211 5285 5284
f 5212 5213 5286
f 5212 5286 5285
f 5213 5214 5287
f 5213 5287 5286
f 5214 5215 5288
f 5214 5288 5287
f 5215 5216 5289
f 5215 5289 5288
f 5216 5217 5290
f 5216 5290 5289
f 5217 5218 5291
f 5217 5291 5290
f 5218 5219 5292
f 5218 5292 5291
f 5219 5220 5293
f 5219 5293 5292
f 5220 5221 5294
f 5220 5294 5293
f 5221 5222 5295
f 5221 5295 5294
f 5222 5223 5296
f 5222 5296 5295
f 5223 5224 5297
f 5223 5297 5296
f 5224 5225 5298
f 5224 5298 5297
f 5225 5226 5299
f 5225 5299 5298
f 5226 5227 5300
f 5226 5300 5299
f 5227 5228 5301
f 5227 5301 5300
f 5228 5229 5302
f 5228 5302 5301
f 5229 5230 5303
f 5229 5303 5302
f 5230 5231 5304
f 5230 5304 5303
f 5231 5232 5305
f 5231 5305 5304
f 5232 5233 5306
f 5232 5306 5305
f 5233 5234 5307
f 5233 5307 5306
f 5234 5235 5308
f 5234 5308 5307
f 5235 5236 5309
f 5235 5309 5308
f 5236 5237 5310
f 5236 5310 5309
f 5237 5238 5311
f 5237 5311 5310
f 5238 5239 5312
f 5238 5312 5311
f 5239 5240 5313
f 5239 5313 5312
f 5240 5241 5314
f 5240 5314 5313
f 5241 5242 5315
f 5241 5315 5314
f 5242 5243 5316
f 5242 5316 5315
f 5243 5244 5317
f 5243 5317 5316
f 5244 5245 5318
f 5244 5318 5317
f 5245 5246 5319
f 5245 5319 5318
f 5246 5247 5320
f 5246 5320 5319
f 5247 5248 5321
f 5247 5321 5320
f 5248 5249 5322
f 5248 5322 5321
f 5249 5250 5323
f 5249 5323 5322
f 5250 5251 5324
f 5250 5324 5323
f 5251 5252 5325
f 5251 5325 5324
f 5252 5253 5326
f 5252 5326 5325
f 5253 5254 5327
f 5253 5327 5326
f 5254 5255 5328
f 5254 5328 5327
f 5255 5256 5329
f 5255 5329 5328

g cliffs
v -3.97222 1.14969 -8.30556
v -3.61111 1.37411 -8.30556
v -3.61111 1.92411 -8.30556
v -3.97222 1.69969 -8.30556
v -3.61111 1.37411 -8.30556
v -3.25000 1.41145 -8.30556
v -3.25000 1.96145 -8.30556
v -3.61111 1.92411 -8.30556
v -3.25000 1.41145 -8.30556
v -2.88889 1.37552 -8.30556
v -2.88889 1.92552 -8.30556
v -3.25000 1.96145 -8.30556
v -2.88889 1.37552 -8.30556
v -2.52778 1.17335 -8.30556
v -2.52778 1.72335 -8.30556
v -2.88889 1.92552 -8.30556
v -2.52778 1.17335 -8.30556
v -2.16667 0.82013 -8.30556
v -2.16667 1.37013 -8.30556
v -2.52778 1.72335 -8.30556
v -5.05556 0.25226 -7.94444
v -4.69444 0.70095 -7.94444
v -4.69444 1.25095 -7.94444
v -5.05556 0.80226 -7.94444
v -4.69444 0.70095 -7.94444
v -4.33333 1.28928 -7.94444
v -4.33333 1.83928 -7.94444
v -4.69444 1.25095 -7.94444
v -4.33333 1.28928 -7.94444
v -3.97222 2.60443 -7.94444
v -3.97222 3.15443 -7.94444
v -4.33333 1.83928 -7.94444
v -3.97222 2.60443 -7.94444
v -3.61111 2.73215 -7.94444
v -3.61111 3.28215 -7.94444
v -3.97222 3.15443 -7.94444
v -3.61111 2.73215 -7.94444
v -3.25000 2.71877 -7.94444
v -3.25000 3.26877 -7.94444
v -3.61111 3.28215 -7.94444
v -3.25000 2.71877 -7.94444
v -2.88889 2.68372 -7.94444
v -2.88889 3.23372 -7.94444
v -3.25000 3.26877 -7.94444
v -2.88889 2.68372 -7.94444
v -2.52778 1.75675 -7.94444
v -2.52778 2.30675 -7.94444
v -2.88889 3.23372 -7.94444
v -2.52778 1.75675 -7.94444
v -2.16667 1.55112 -7.94444
v -2.16667 2.10112 -7.94444
v -2.52778 2.30675 -7.94444
v -2.16667 1.55112 -7.94444
v -1.80556 1.39756 -7.94444
v -1.80556 1.94756 -7.94444
v -2.16667 2.10112 -7.94444
v -1.80556 1.39756 -7.94444
v -1.44444 1.17442 -7.94444
v -1.44444 1.72442 -7.94444
v -1.80556 1.94756 -7.94444
v -1.44444 1.17442 -7.94444
v -1.08333 0.82011 -7.94444
v -1.08333 1.37011 -7.94444
v -1.44444 1.72442 -7.94444
v -5.77778 1.04271 -7.58333
v -5.41667 1.22318 -7.58333
v -5.41667 1.77318 -7.58333
v -5.77778 1.59271 -7.58333
v -5.41667 1.22318 -7.58333
v -5.05556 1.65703 -7.58333
v -5.05556 2.20703 -7.58333
v -5.41667 1.77318 -7.58333
v -5.05556 1.65703 -7.58333
v -4.69444 2.22221 -7.58333
v -4.69444 2.77221 -7.58333
v -5.05556 2.20703 -7.58333
v -4.69444 2.22221 -7.58333
v -4.33333 2.63586 -7.58333
v -4.33333 3.18586 -7.58333
v -4.69444 2.77221 -7.58333
v -4.33333 2.63586 -7.58333
v -3.97222 3.18289 -7.58333
v -3.97222 3.73289 -7.58333
v -4.33333 3.18586 -7.58333
v -3.97222 3.18289 -7.58333
v -3.61111 3.75905 -7.58333
v -3.61111 4.30905 -7.58333
v -3.97222 3.73289 -7.58333
v -3.61111 3.75905 -7.58333
v -3.25000 3.77067 -7.58333
v -3.25000 4.32067 -7.58333
v -3.61111 4.30905 -7.58333
v -3.25000 3.77067 -7.58333
v -2.88889 3.19008 -7.58333
v -2.88889 3.74008 -7.58333
v -3.25000 4.32067 -7.58333
v -2.88889 3.19008 -7.58333
v -2.52778 2.73760 -7.58333
v -2.52778 3.28760 -7.58333
v -2.88889 3.74008 -7.58333
v -2.52778 2.73760 -7.58333
v -2.16667 2.67239 -7.58333
v -2.16667 3.22239 -7.58333
v -2.52778 3.28760 -7.58333
v -2.16667 2.67239 -7.58333
v -1.80556 2.65895 -7.58333
v -1.80556 3.20895 -7.58333
v -2.16667 3.22239 -7.58333
v -1.44444 1.74897 -7.58333
v -1.08333 1.54915 -7.58333
v -1.08333 2.09915 -7.58333
v -1.44444 2.29897 -7.58333
v -1.08333 1.54915 -7.58333
v -0.72222 1.39725 -7.58333
v -0.72222 1.94725 -7.58333
v -1.08333 2.09915 -7.58333
v -0.72222 1.39725 -7.58333
v -0.36111 1.17442 -7.58333
v -0.36111 1.72442 -7.58333
v -0.72222 1.94725 -7.58333
v -0.36111 1.17442 -7.58333
v 0.00000 0.82149 -7.58333
v 0.00000 1.37149 -7.58333
v -0.36111 1.72442 -7.58333
v -6.86111 1.01826 -7.22222
v -6.50000 1.03351 -7.22222
v -6.50000 1.58351 -7.22222
v -6.86111 1.56826 -7.22222
v -6.50000 1.03351 -7.22222
v -6.13889 1.02914 -7.22222
v -6.13889 1.57914 -7.22222
v -6.50000 1.58351 -7.22222
v -6.13889 1.02914 -7.22222
v -5.77778 1.67117 -7.22222
v -5.77778 2.22117 -7.22222
v -6.13889 1.57914 -7.22222
v -5.77778 1.67117 -7.22222
v -5.41667 2.84236 -7.22222
v -5.41667 3.39236 -7.22222
v -5.77778 2.22117 -7.22222
v -5.41667 2.84236 -7.22222
v -5.05556 3.34784 -7.22222
v -5.05556 3.89784 -7.22222
v -5.41667 3.39236 -7.22222
v -5.05556 3.34784 -7.22222
v -4.69444 3.69597 -7.22222
v -4.69444 4.24597 -7.22222
v -5.05556 3.89784 -7.22222
v -4.69444 3.69597 -7.22222
v -4.33333 3.79573 -7.22222
v -4.33333 4.34573 -7.22222
v -4.69444 4.24597 -7.22222
v -4.33333 3.79573 -7.22222
v -3.97222 3.99127 -7.22222
v -3.97222 4.54127 -7.22222
v -4.33333 4.34573 -7.22222
v -3.97222 3.99127 -7.22222
v -3.61111 4.58176 -7.22222
v -3.61111 5.13176 -7.22222
v -3.97222 4.54127 -7.22222
v -3.61111 4.58176 -7.22222
v -3.25000 4.64488 -7.22222
v -3.25000 5.19488 -7.22222
v -3.61111 5.13176 -7.22222
v -3.25000 4.64488 -7.22222
v -2.88889 4.04950 -7.22222
v -2.88889 4.59950 -7.22222
v -3.25000 5.19488 -7.22222
v -2.88889 4.04950 -7.22222
v -2.52778 3.73270 -7.22222
v -2.52778 4.28270 -7.22222
v -2.88889 4.59950 -7.22222
v -2.52778 3.73270 -7.22222
v -2.16667 3.67084 -7.22222
v -2.16667 4.22084 -7.22222
v -2.52778 4.28270 -7.22222
v -2.16667 3.67084 -7.22222
v -1.80556 3.06183 -7.22222
v -1.80556 3.61183 -7.22222
v -2.16667 4.22084 -7.22222
v -1.80556 3.06183 -7.22222
v -1.44444 2.71940 -7.22222
v -1.44444 3.26940 -7.22222
v -1.80556 3.61183 -7.22222
v -1.44444 2.71940 -7.22222
v -1.08333 2.76603 -7.22222
v -1.08333 3.31603 -7.22222
v -1.44444 3.26940 -7.22222
v -1.08333 2.76603 -7.22222
v -0.72222 2.81649 -7.22222
v -0.72222 3.36649 -7.22222
v -1.08333 3.31603 -7.22222
v -0.72222 2.81649 -7.22222
v -0.36111 1.74816 -7.22222
v -0.36111 2.29816 -7.22222
v -0.72222 3.36649 -7.22222
v -0.36111 1.74816 -7.22222
v 0.00000 1.54991 -7.22222
v 0.00000 2.09991 -7.22222
v -0.36111 2.29816 -7.22222
v 0.00000 1.54991 -7.22222
v 0.36111 1.43400 -7.22222
v 0.36111 1.98400 -7.22222
v 0.00000 2.09991 -7.22222
v 0.36111 1.43400 -7.22222
v 0.72222 1.41197 -7.22222
v 0.72222 1.96197 -7.22222
v 0.36111 1.98400 -7.22222
v 0.72222 1.41197 -7.22222
v 1.08333 1.41081 -7.22222
v 1.08333 1.96081 -7.22222
v 0.72222 1.96197 -7.22222
v 1.08333 1.41081 -7.22222
v 1.44444 1.40973 -7.22222
v 1.44444 1.95973 -7.22222
v 1.08333 1.96081 -7.22222
v 1.44444 1.40973 -7.22222
v 1.80556 1.37242 -7.22222
v 1.80556 1.92242 -7.22222
v 1.44444 1.95973 -7.22222
v 1.80556 1.37242 -7.22222
v 2.16667 1.14937 -7.22222
v 2.16667 1.69937 -7.22222
v 1.80556 1.92242 -7.22222
v 2.16667 1.14937 -7.22222
v 2.52778 0.67748 -7.22222
v 2.52778 1.22748 -7.22222
v 2.16667 1.69937 -7.22222
v 2.52778 0.67748 -7.22222
v 2.88889 0.25086 -7.22222
v 2.88889 0.80086 -7.22222
v 2.52778 1.22748 -7.22222
v 2.88889 0.25086 -7.22222
v 3.25000 0.05658 -7.22222
v 3.25000 0.60658 -7.22222
v 2.88889 0.80086 -7.22222
v 3.25000 0.05658 -7.22222
v 3.61111 0.00765 -7.22222
v 3.61111 0.55765 -7.22222
v 3.25000 0.60658 -7.22222
v -6.50000 2.38685 -6.86111
v -6.13889 2.38710 -6.86111
v -6.13889 2.93710 -6.86111
v -6.50000 2.93685 -6.86111
v -6.13889 2.38710 -6.86111
v -5.77778 2.98961 -6.86111
v -5.77778 3.53961 -6.86111
v -6.13889 2.93710 -6.86111
v -5.77778 2.98961 -6.86111
v -5.41667 4.39044 -6.86111
v -5.41667 4.94044 -6.86111
v -5.77778 3.53961 -6.86111
v -5.41667 4.39044 -6.86111
v -5.05556 5.03649 -6.86111
v -5.05556 5.58649 -6.86111
v -5.41667 4.94044 -6.86111
v -5.05556 5.03649 -6.86111
v -4.69444 5.06622 -6.86111
v -4.69444 5.61622 -6.86111
v -5.05556 5.58649 -6.86111
v -4.69444 5.06622 -6.86111
v -4.33333 4.90666 -6.86111
v -4.33333 5.45666 -6.86111
v -4.69444 5.61622 -6.86111
v -4.33333 4.90666 -6.86111
v -3.97222 4.93599 -6.86111
v -3.97222 5.48599 -6.86111
v -4.33333 5.45666 -6.86111
v -3.97222 4.93599 -6.86111
v -3.61111 5.50074 -6.86111
v -3.61111 6.05074 -6.86111
v -3.97222 5.48599 -6.86111
v -3.61111 5.50074 -6.86111
v -3.25000 5.58001 -6.86111
v -3.25000 6.13001 -6.86111
v -3.61111 6.05074 -6.86111
v -3.25000 5.58001 -6.86111
v -2.88889 5.17249 -6.86111
v -2.88889 5.72249 -6.86111
v -3.25000 6.13001 -6.86111
v -2.88889 5.17249 -6.86111
v -2.52778 4.98018 -6.86111
v -2.52778 5.53018 -6.86111
v -2.88889 5.72249 -6.86111
v -2.52778 4.98018 -6.86111
v -2.16667 4.63341 -6.86111
v -2.16667 5.18341 -6.86111
v -2.52778 5.53018 -6.86111
v -2.16667 4.63341 -6.86111
v -1.80556 3.81092 -6.86111
v -1.80556 4.36092 -6.86111
v -2.16667 5.18341 -6.86111
v -1.80556 3.81092 -6.86111
v -1.44444 3.61554 -6.86111
v -1.44444 4.16554 -6.86111
v -1.80556 4.36092 -6.86111
v -1.44444 3.61554 -6.86111
v -1.08333 3.81974 -6.86111
v -1.08333 4.36974 -6.86111
v -1.44444 4.16554 -6.86111
v -1.08333 3.81974 -6.86111
v -0.72222 3.29186 -6.86111
v -0.72222 3.84186 -6.86111
v -1.08333 4.36974 -6.86111
v -0.72222 3.29186 -6.86111
v -0.36111 2.92979 -6.86111
v -0.36111 3.47979 -6.86111
v -0.72222 3.84186 -6.86111
v -0.36111 2.92979 -6.86111
v 0.00000 2.98027 -6.86111
v 0.00000 3.53027 -6.86111
v -0.36111 3.47979 -6.86111
v 0.00000 2.98027 -6.86111
v 0.36111 2.94739 -6.86111
v 0.36111 3.49739 -6.86111
v 0.00000 3.53027 -6.86111
v 0.36111 2.94739 -6.86111
v 0.72222 2.92723 -6.86111
v 0.72222 3.47723 -6.86111
v 0.36111 3.49739 -6.86111
v 0.72222 2.92723 -6.86111
v 1.08333 2.91157 -6.86111
v 1.08333 3.46157 -6.86111
v 0.72222 3.47723 -6.86111
v 1.08333 2.91157 -6.86111
v 1.44444 2.90840 -6.86111
v 1.44444 3.45840 -6.86111
v 1.08333 3.46157 -6.86111
v 1.44444 2.90840 -6.86111
v 1.80556 2.89771 -6.86111
v 1.80556 3.44771 -6.86111
v 1.44444 3.45840 -6.86111
v 1.80556 2.89771 -6.86111
v 2.16667 2.75355 -6.86111
v 2.16667 3.30355 -6.86111
v 1.80556 3.44771 -6.86111
v 2.16667 2.75355 -6.86111
v 2.52778 2.34747 -6.86111
v 2.52778 2.89747 -6.86111
v 2.16667 3.30355 -6.86111
v 2.52778 2.34747 -6.86111
v 2.88889 1.78937 -6.86111
v 2.88889 2.33937 -6.86111
v 2.52778 2.89747 -6.86111
v 2.88889 1.78937 -6.86111
v 3.25000 1.35614 -6.86111
v 3.25000 1.90614 -6.86111
v 2.88889 2.33937 -6.86111
v 3.25000 1.35614 -6.86111
v 3.61111 1.15639 -6.86111
v 3.61111 1.70639 -6.86111
v 3.25000 1.90614 -6.86111
v 3.61111 1.15639 -6.86111
v 3.97222 0.00760 -6.86111
v 3.97222 0.55760 -6.86111
v 3.61111 1.70639 -6.86111
v 3.97222 0.00760 -6.86111
v 4.33333 0.00058 -6.86111
v 4.33333 0.55058 -6.86111
v 3.97222 0.55760 -6.86111
v 4.33333 0.00058 -6.86111
v 4.69444 0.00002 -6.86111
v 4.69444 0.55002 -6.86111
v 4.33333 0.55058 -6.86111
v -6.13889 4.10928 -6.50000
v -5.77778 4.66549 -6.50000
v -5.77778 5.21549 -6.50000
v -6.13889 4.65928 -6.50000
v -5.77778 4.66549 -6.50000
v -5.41667 5.80224 -6.50000
v -5.41667 6.35224 -6.50000
v -5.77778 5.21549 -6.50000
v -5.41667 5.80224 -6.50000
v -5.05556 6.67125 -6.50000
v -5.05556 7.22125 -6.50000
v -5.41667 6.35224 -6.50000
v -5.05556 6.67125 -6.50000
v -4.69444 6.54231 -6.50000
v -4.69444 7.09231 -6.50000
v -5.05556 7.22125 -6.50000
v -4.69444 6.54231 -6.50000
v -4.33333 6.15941 -6.50000
v -4.33333 6.70941 -6.50000
v -4.69444 7.09231 -6.50000
v -4.33333 6.15941 -6.50000
v -3.97222 6.06711 -6.50000
v -3.97222 6.61711 -6.50000
v -4.33333 6.70941 -6.50000
v -3.97222 6.06711 -6.50000
v -3.61111 6.65852 -6.50000
v -3.61111 7.20852 -6.50000
v -3.97222 6.61711 -6.50000
v -3.61111 6.65852 -6.50000
v -3.25000 6.78481 -6.50000
v -3.25000 7.33481 -6.50000
v -3.61111 7.20852 -6.50000
v -3.25000 6.78481 -6.50000
v -2.88889 6.61668 -6.50000
v -2.88889 7.16668 -6.50000
v -3.25000 7.33481 -6.50000
v -2.88889 6.61668 -6.50000
v -2.52778 6.62994 -6.50000
v -2.52778 7.17994 -6.50000
v -2.88889 7.16668 -6.50000
v -2.52778 6.62994 -6.50000
v -2.16667 5.94024 -6.50000
v -2.16667 6.49024 -6.50000
v -2.52778 7.17994 -6.50000
v -2.16667 5.94024 -6.50000
v -1.80556 5.12037 -6.50000
v -1.80556 5.67037 -6.50000
v -2.16667 6.49024 -6.50000
v -1.80556 5.12037 -6.50000
v -1.44444 4.85257 -6.50000
v -1.44444 5.40257 -6.50000
v -1.80556 5.67037 -6.50000
v -1.44444 4.85257 -6.50000
v -1.08333 4.79522 -6.50000
v -1.08333 5.34522 -6.50000
v -1.44444 5.40257 -6.50000
v -1.08333 4.79522 -6.50000
v -0.72222 4.17575 -6.50000
v -0.72222 4.72575 -6.50000
v -1.08333 5.34522 -6.50000
v -0.72222 4.17575 -6.50000
v -0.36111 4.09267 -6.50000
v -0.36111 4.64267 -6.50000
v -0.72222 4.72575 -6.50000
v -0.36111 4.09267 -6.50000
v 0.00000 4.27122 -6.50000
v 0.00000 4.82122 -6.50000
v -0.36111 4.64267 -6.50000
v 0.00000 4.27122 -6.50000
v 0.36111 4.24242 -6.50000
v 0.36111 4.79242 -6.50000
v 0.00000 4.82122 -6.50000
v 0.36111 4.24242 -6.50000
v 0.72222 4.20703 -6.50000
v 0.72222 4.75703 -6.50000
v 0.36111 4.79242 -6.50000
v 0.72222 4.20703 -6.50000
v 1.08333 4.17900 -6.50000
v 1.08333 4.72900 -6.50000
v 0.72222 4.75703 -6.50000
v 1.08333 4.17900 -6.50000
v 1.44444 4.21395 -6.50000
v 1.44444 4.76395 -6.50000
v 1.08333 4.72900 -6.50000
v 1.44444 4.21395 -6.50000
v 1.80556 4.31409 -6.50000
v 1.80556 4.86409 -6.50000
v 1.44444 4.76395 -6.50000
v 1.80556 4.31409 -6.50000
v 2.16667 4.32710 -6.50000
v 2.16667 4.87710 -6.50000
v 1.80556 4.86409 -6.50000
v 2.16667 4.32710 -6.50000
v 2.52778 4.14367 -6.50000
v 2.52778 4.69367 -6.50000
v 2.16667 4.87710 -6.50000
v 2.52778 4.14367 -6.50000
v 2.88889 3.73711 -6.50000
v 2.88889 4.28711 -6.50000
v 2.52778 4.69367 -6.50000
v 2.88889 3.73711 -6.50000
v 3.25000 3.21938 -6.50000
v 3.25000 3.76938 -6.50000
v 2.88889 4.28711 -6.50000
v 3.25000 3.21938 -6.50000
v 3.61111 1.93524 -6.50000
v 3.61111 2.48524 -6.50000
v 3.25000 3.76938 -6.50000
v 3.61111 1.93524 -6.50000
v 3.97222 1.17813 -6.50000
v 3.97222 1.72813 -6.50000
v 3.61111 2.48524 -6.50000
v 3.97222 1.17813 -6.50000
v 4.33333 1.11904 -6.50000
v 4.33333 1.66904 -6.50000
v 3.97222 1.72813 -6.50000
v 4.33333 1.11904 -6.50000
v 4.69444 1.09748 -6.50000
v 4.69444 1.64748 -6.50000
v 4.33333 1.66904 -6.50000
v 4.69444 1.09748 -6.50000
v 5.05556 1.07934 -6.50000
v 5.05556 1.62934 -6.50000
v 4.69444 1.64748 -6.50000
v 5.05556 1.07934 -6.50000
v 5.41667 1.06005 -6.50000
v 5.41667 1.61005 -6.50000
v 5.05556 1.62934 -6.50000
v 5.41667 1.06005 -6.50000
v 5.77778 1.04020 -6.50000
v 5.77778 1.59020 -6.50000
v 5.41667 1.61005 -6.50000
v 5.77778 1.04020 -6.50000
v 6.13889 0.00000 -6.50000
v 6.13889 0.55000 -6.50000
v 5.77778 1.59020 -6.50000
v 6.13889 0.00000 -6.50000
v 6.50000 0.00000 -6.50000
v 6.50000 0.55000 -6.50000
v 6.13889 0.55000 -6.50000
v -7.22222 0.99373 -6.13889
v -6.86111 2.35324 -6.13889
v -6.86111 2.90324 -6.13889
v -7.22222 1.54373 -6.13889
v -6.86111 2.35324 -6.13889
v -6.50000 4.13646 -6.13889
v -6.50000 4.68646 -6.13889
v -6.86111 2.90324 -6.13889
v -6.50000 4.13646 -6.13889
v -6.13889 6.18069 -6.13889
v -6.13889 6.73069 -6.13889
v -6.50000 4.68646 -6.13889
v -6.13889 6.18069 -6.13889
v -5.77778 6.61756 -6.13889
v -5.77778 7.16756 -6.13889
v -6.13889 6.73069 -6.13889
v -5.77778 6.61756 -6.13889
v -5.41667 7.41890 -6.13889
v -5.41667 7.96890 -6.13889
v -5.77778 7.16756 -6.13889
v -5.41667 7.41890 -6.13889
v -5.05556 8.18333 -6.13889
v -5.05556 8.73333 -6.13889
v -5.41667 7.96890 -6.13889
v -2.16667 7.73164 -6.13889
v -1.80556 7.09861 -6.13889
v -1.80556 7.64861 -6.13889
v -2.16667 8.28164 -6.13889
v -1.80556 7.09861 -6.13889
v -1.44444 6.85738 -6.13889
v -1.44444 7.40738 -6.13889
v -1.80556 7.64861 -6.13889
v -1.44444 6.85738 -6.13889
v -1.08333 6.18135 -6.13889
v -1.08333 6.73135 -6.13889
v -1.44444 7.40738 -6.13889
v -1.08333 6.18135 -6.13889
v -0.72222 5.56648 -6.13889
v -0.72222 6.11648 -6.13889
v -1.08333 6.73135 -6.13889
v -0.72222 5.56648 -6.13889
v -0.36111 5.53434 -6.13889
v -0.36111 6.08434 -6.13889
v -0.72222 6.11648 -6.13889
v -0.36111 5.53434 -6.13889
v 0.00000 5.78417 -6.13889
v 0.00000 6.33417 -6.13889
v -0.36111 6.08434 -6.13889
v 0.00000 5.78417 -6.13889
v 0.36111 5.72692 -6.13889
v 0.36111 6.27692 -6.13889
v 0.00000 6.33417 -6.13889
v 0.36111 5.72692 -6.13889
v 0.72222 5.65372 -6.13889
v 0.72222 6.20372 -6.13889
v 0.36111 6.27692 -6.13889
v 0.72222 5.65372 -6.13889
v 1.08333 5.57990 -6.13889
v 1.08333 6.12990 -6.13889
v 0.72222 6.20372 -6.13889
v 1.08333 5.57990 -6.13889
v 1.44444 5.58486 -6.13889
v 1.44444 6.13486 -6.13889
v 1.08333 6.12990 -6.13889
v 1.44444 5.58486 -6.13889
v 1.80556 5.71042 -6.13889
v 1.80556 6.26042 -6.13889
v 1.44444 6.13486 -6.13889
v 1.80556 5.71042 -6.13889
v 2.16667 5.79779 -6.13889
v 2.16667 6.34779 -6.13889
v 1.80556 6.26042 -6.13889
v 2.16667 5.79779 -6.13889
v 2.52778 5.72509 -6.13889
v 2.52778 6.27509 -6.13889
v 2.16667 6.34779 -6.13889
v 2.52778 5.72509 -6.13889
v 2.88889 5.48779 -6.13889
v 2.88889 6.03779 -6.13889
v 2.52778 6.27509 -6.13889
v 2.88889 5.48779 -6.13889
v 3.25000 4.79924 -6.13889
v 3.25000 5.34924 -6.13889
v 2.88889 6.03779 -6.13889
v 3.25000 4.79924 -6.13889
v 3.61111 3.35930 -6.13889
v 3.61111 3.90930 -6.13889
v 3.25000 5.34924 -6.13889
v 3.61111 3.35930 -6.13889
v 3.97222 2.61131 -6.13889
v 3.97222 3.16131 -6.13889
v 3.61111 3.90930 -6.13889
v 3.97222 2.61131 -6.13889
v 4.33333 2.45632 -6.13889
v 4.33333 3.00632 -6.13889
v 3.97222 3.16131 -6.13889
v 4.33333 2.45632 -6.13889
v 4.69444 2.41641 -6.13889
v 4.69444 2.96641 -6.13889
v 4.33333 3.00632 -6.13889
v 4.69444 2.41641 -6.13889
v 5.05556 2.38885 -6.13889
v 5.05556 2.93885 -6.13889
v 4.69444 2.96641 -6.13889
v 5.05556 2.38885 -6.13889
v 5.41667 2.35429 -6.13889
v 5.41667 2.90429 -6.13889
v 5.05556 2.93885 -6.13889
v 5.41667 2.35429 -6.13889
v 5.77778 1.49746 -6.13889
v 5.77778 2.04746 -6.13889
v 5.41667 2.90429 -6.13889
v 5.77778 1.49746 -6.13889
v 6.13889 0.96892 -6.13889
v 6.13889 1.51892 -6.13889
v 5.77778 2.04746 -6.13889
v 6.13889 0.96892 -6.13889
v 6.50000 0.94924 -6.13889
v 6.50000 1.49924 -6.13889
v 6.13889 1.51892 -6.13889
v -7.22222 1.50808 -5.77778
v -6.86111 2.81193 -5.77778
v -6.86111 3.36193 -5.77778
v -7.22222 2.05808 -5.77778
v -6.86111 2.81193 -5.77778
v -6.50000 4.64876 -5.77778
v -6.50000 5.19876 -5.77778
v -6.86111 3.36193 -5.77778
v -6.50000 4.64876 -5.77778
v -6.13889 6.64087 -5.77778
v -6.13889 7.19087 -5.77778
v -6.50000 5.19876 -5.77778
v -6.13889 6.64087 -5.77778
v -5.77778 8.18611 -5.77778
v -5.77778 8.73611 -5.77778
v -6.13889 7.19087 -5.77778
v -1.08333 8.40841 -5.77778
v -0.72222 7.83821 -5.77778
v -0.72222 8.38821 -5.77778
v -1.08333 8.95841 -5.77778
v -0.72222 7.83821 -5.77778
v -0.36111 7.83985 -5.77778
v -0.36111 8.38985 -5.77778
v -0.72222 8.38821 -5.77778
v -0.36111 7.83985 -5.77778
v 0.00000 7.84067 -5.77778
v 0.00000 8.39067 -5.77778
v -0.36111 8.38985 -5.77778
v 0.00000 7.84067 -5.77778
v 0.36111 7.84075 -5.77778
v 0.36111 8.39075 -5.77778
v 0.00000 8.39067 -5.77778
v 0.36111 7.84075 -5.77778
v 0.72222 7.84123 -5.77778
v 0.72222 8.39123 -5.77778
v 0.36111 8.39075 -5.77778
v 0.72222 7.84123 -5.77778
v 1.08333 7.79154 -5.77778
v 1.08333 8.34154 -5.77778
v 0.72222 8.39123 -5.77778
v 1.08333 7.79154 -5.77778
v 1.44444 7.61320 -5.77778
v 1.44444 8.16320 -5.77778
v 1.08333 8.34154 -5.77778
v 1.44444 7.61320 -5.77778
v 1.80556 7.48268 -5.77778
v 1.80556 8.03268 -5.77778
v 1.44444 8.16320 -5.77778
v 1.80556 7.48268 -5.77778
v 2.16667 7.39895 -5.77778
v 2.16667 7.94895 -5.77778
v 1.80556 8.03268 -5.77778
v 2.16667 7.39895 -5.77778
v 2.52778 7.27453 -5.77778
v 2.52778 7.82453 -5.77778
v 2.16667 7.94895 -5.77778
v 2.52778 7.27453 -5.77778
v 2.88889 7.05899 -5.77778
v 2.88889 7.60899 -5.77778
v 2.52778 7.82453 -5.77778
v 2.88889 7.05899 -5.77778
v 3.25000 6.06886 -5.77778
v 3.25000 6.61886 -5.77778
v 2.88889 7.60899 -5.77778
v 3.25000 6.06886 -5.77778
v 3.61111 4.92215 -5.77778
v 3.61111 5.47215 -5.77778
v 3.25000 6.61886 -5.77778
v 3.61111 4.92215 -5.77778
v 3.97222 4.18436 -5.77778
v 3.97222 4.73436 -5.77778
v 3.61111 5.47215 -5.77778
v 3.97222 4.18436 -5.77778
v 4.33333 3.96950 -5.77778
v 4.33333 4.51950 -5.77778
v 3.97222 4.73436 -5.77778
v 4.33333 3.96950 -5.77778
v 4.69444 3.94021 -5.77778
v 4.69444 4.49021 -5.77778
v 4.33333 4.51950 -5.77778
v 4.69444 3.94021 -5.77778
v 5.05556 3.92360 -5.77778
v 5.05556 4.47360 -5.77778
v 4.69444 4.49021 -5.77778
v 5.05556 3.92360 -5.77778
v 5.41667 3.57959 -5.77778
v 5.41667 4.12959 -5.77778
v 5.05556 4.47360 -5.77778
v 5.41667 3.57959 -5.77778
v 5.77778 2.56509 -5.77778
v 5.77778 3.11509 -5.77778
v 5.41667 4.12959 -5.77778
v 5.77778 2.56509 -5.77778
v 6.13889 2.17357 -5.77778
v 6.13889 2.72357 -5.77778
v 5.77778 3.11509 -5.77778
v 6.86111 0.00000 -5.77778
v 7.22222 0.00000 -5.77778
v 7.22222 0.55000 -5.77778
v 6.86111 0.55000 -5.77778
v -6.86111 4.01766 -5.41667
v -6.50000 5.72362 -5.41667
v -6.50000 6.27362 -5.41667
v -6.86111 4.56766 -5.41667
v -6.50000 5.72362 -5.41667
v -6.13889 7.44761 -5.41667
v -6.13889 7.99761 -5.41667
v -6.50000 6.27362 -5.41667
v -6.13889 7.44761 -5.41667
v -5.77778 8.17822 -5.41667
v -5.77778 8.72822 -5.41667
v -6.13889 7.99761 -5.41667
v 2.88889 8.30294 -5.41667
v 3.25000 7.24499 -5.41667
v 3.25000 7.79499 -5.41667
v 2.88889 8.85294 -5.41667
v 3.61111 6.32576 -5.41667
v 3.97222 5.73847 -5.41667
v 3.97222 6.28847 -5.41667
v 3.61111 6.87576 -5.41667
v 3.97222 5.73847 -5.41667
v 4.33333 5.61324 -5.41667
v 4.33333 6.16324 -5.41667
v 3.97222 6.28847 -5.41667
v 4.33333 5.61324 -5.41667
v 4.69444 5.65868 -5.41667
v 4.69444 6.20868 -5.41667
v 4.33333 6.16324 -5.41667
v 4.69444 5.65868 -5.41667
v 5.05556 5.68273 -5.41667
v 5.05556 6.23273 -5.41667
v 4.69444 6.20868 -5.41667
v 5.05556 5.68273 -5.41667
v 5.41667 4.85357 -5.41667
v 5.41667 5.40357 -5.41667
v 5.05556 6.23273 -5.41667
v 5.41667 4.85357 -5.41667
v 5.77778 3.96610 -5.41667
v 5.77778 4.51610 -5.41667
v 5.41667 5.40357 -5.41667
v 5.77778 3.96610 -5.41667
v 6.13889 2.40839 -5.41667
v 6.13889 2.95839 -5.41667
v 5.77778 4.51610 -5.41667
v 6.13889 2.40839 -5.41667
v 6.50000 1.29694 -5.41667
v 6.50000 1.84694 -5.41667
v 6.13889 2.95839 -5.41667
v 6.50000 1.29694 -5.41667
v 6.86111 0.81134 -5.41667
v 6.86111 1.36134 -5.41667
v 6.50000 1.84694 -5.41667
v -7.58333 1.11108 -5.05556
v -7.22222 2.72251 -5.05556
v -7.22222 3.27251 -5.05556
v -7.58333 1.66108 -5.05556
v -7.22222 2.72251 -5.05556
v -6.86111 4.64117 -5.05556
v -6.86111 5.19117 -5.05556
v -7.22222 3.27251 -5.05556
v -6.86111 4.64117 -5.05556
v -6.50000 6.60174 -5.05556
v -6.50000 7.15174 -5.05556
v -6.86111 5.19117 -5.05556
v 5.41667 6.45794 -5.05556
v 5.77778 4.62106 -5.05556
v 5.77778 5.17106 -5.05556
v 5.41667 7.00794 -5.05556
v 5.77778 4.62106 -5.05556
v 6.13889 3.19251 -5.05556
v 6.13889 3.74251 -5.05556
v 5.77778 5.17106 -5.05556
v 7.22222 0.00000 -5.05556
v 7.58333 0.00000 -5.05556
v 7.58333 0.55000 -5.05556
v 7.22222 0.55000 -5.05556
v -7.58333 1.78790 -4.69444
v -7.22222 3.39828 -4.69444
v -7.22222 3.94828 -4.69444
v -7.58333 2.33790 -4.69444
v -7.22222 3.39828 -4.69444
v -6.86111 5.12814 -4.69444
v -6.86111 5.67814 -4.69444
v -7.22222 3.94828 -4.69444
v -6.86111 5.12814 -4.69444
v -6.50000 6.83640 -4.69444
v -6.50000 7.38640 -4.69444
v -6.86111 5.67814 -4.69444
v -6.50000 6.83640 -4.69444
v -6.13889 8.11130 -4.69444
v -6.13889 8.66130 -4.69444
v -6.50000 7.38640 -4.69444
v 5.77778 5.45974 -4.69444
v 6.13889 3.59997 -4.69444
v 6.13889 4.14997 -4.69444
v 5.77778 6.00974 -4.69444
v 6.13889 3.59997 -4.69444
v 6.50000 2.14109 -4.69444
v 6.50000 2.69109 -4.69444
v 6.13889 4.14997 -4.69444
v 6.50000 2.14109 -4.69444
v 6.86111 1.13606 -4.69444
v 6.86111 1.68606 -4.69444
v 6.50000 2.69109 -4.69444
v 6.86111 1.13606 -4.69444
v 7.22222 0.71998 -4.69444
v 7.22222 1.26998 -4.69444
v 6.86111 1.68606 -4.69444
v 7.58333 0.00000 -4.69444
v 7.94444 0.00000 -4.69444
v 7.94444 0.55000 -4.69444
v 7.58333 0.55000 -4.69444
v -6.86111 5.88036 -4.33333
v -6.50000 7.37183 -4.33333
v -6.50000 7.92183 -4.33333
v -6.86111 6.43036 -4.33333
v -6.50000 7.37183 -4.33333
v -6.13889 7.91264 -4.33333
v -6.13889 8.46264 -4.33333
v -6.50000 7.92183 -4.33333
v 5.77778 5.99890 -4.33333
v 6.13889 4.21207 -4.33333
v 6.13889 4.76207 -4.33333
v 5.77778 6.54890 -4.33333
v 6.13889 4.21207 -4.33333
v 6.50000 2.85632 -4.33333
v 6.50000 3.40632 -4.33333
v 6.13889 4.76207 -4.33333
v 6.50000 2.85632 -4.33333
v 6.86111 2.02119 -4.33333
v 6.86111 2.57119 -4.33333
v 6.50000 3.40632 -4.33333
v 6.86111 2.02119 -4.33333
v 7.22222 1.07771 -4.33333
v 7.22222 1.62771 -4.33333
v 6.86111 2.57119 -4.33333
v 7.22222 1.07771 -4.33333
v 7.58333 0.69140 -4.33333
v 7.58333 1.24140 -4.33333
v 7.22222 1.62771 -4.33333
v -8.30556 0.25254 -3.97222
v -7.94444 1.53510 -3.97222
v -7.94444 2.08510 -3.97222
v -8.30556 0.80254 -3.97222
v -7.94444 1.53510 -3.97222
v -7.58333 3.17261 -3.97222
v -7.58333 3.72261 -3.97222
v -7.94444 2.08510 -3.97222
v 2.52778 8.78471 -3.97222
v 2.88889 8.01811 -3.97222
v 2.88889 8.56811 -3.97222
v 2.52778 9.33471 -3.97222
v 2.88889 8.01811 -3.97222
v 3.25000 7.46381 -3.97222
v 3.25000 8.01381 -3.97222
v 2.88889 8.56811 -3.97222
v 3.25000 7.46381 -3.97222
v 3.61111 7.25866 -3.97222
v 3.61111 7.80866 -3.97222
v 3.25000 8.01381 -3.97222
v 6.13889 5.22777 -3.97222
v 6.50000 3.94517 -3.97222
v 6.50000 4.49517 -3.97222
v 6.13889 5.77777 -3.97222
v 6.50000 3.94517 -3.97222
v 6.86111 2.73332 -3.97222
v 6.86111 3.28332 -3.97222
v 6.50000 4.49517 -3.97222
v 7.94444 0.00000 -3.97222
v 8.30556 0.00000 -3.97222
v 8.30556 0.55000 -3.97222
v 7.94444 0.55000 -3.97222
v -8.30556 0.70121 -3.61111
v -7.94444 2.08595 -3.61111
v -7.94444 2.63595 -3.61111
v -8.30556 1.25121 -3.61111
v -7.94444 2.08595 -3.61111
v -7.58333 3.52256 -3.61111
v -7.58333 4.07256 -3.61111
v -7.94444 2.63595 -3.61111
v 2.88889 8.58823 -3.61111
v 3.25000 7.98521 -3.61111
v 3.25000 8.53521 -3.61111
v 2.88889 9.13823 -3.61111
v 3.25000 7.98521 -3.61111
v 3.61111 7.75752 -3.61111
v 3.61111 8.30752 -3.61111
v 3.25000 8.53521 -3.61111
v 6.50000 4.68128 -3.61111
v 6.86111 3.11691 -3.61111
v 6.86111 3.66691 -3.61111
v 6.50000 5.23128 -3.61111
v 6.86111 3.11691 -3.61111
v 7.22222 1.89187 -3.61111
v 7.22222 2.44187 -3.61111
v 6.86111 3.66691 -3.61111
v 7.22222 1.89187 -3.61111
v 7.58333 1.02914 -3.61111
v 7.58333 1.57914 -3.61111
v 7.22222 2.44187 -3.61111
v 7.58333 1.02914 -3.61111
v 7.94444 0.68091 -3.61111
v 7.94444 1.23091 -3.61111
v 7.58333 1.57914 -3.61111
v -8.66667 0.70093 -3.25000
v -8.30556 2.11994 -3.25000
v -8.30556 2.66994 -3.25000
v -8.66667 1.25093 -3.25000
v -8.30556 2.11994 -3.25000
v -7.94444 2.91605 -3.25000
v -7.94444 3.46605 -3.25000
v -8.30556 2.66994 -3.25000
v -7.94444 2.91605 -3.25000
v -7.58333 3.94615 -3.25000
v -7.58333 4.49615 -3.25000
v -7.94444 3.46605 -3.25000
v -7.58333 3.94615 -3.25000
v -7.22222 5.07651 -3.25000
v -7.22222 5.62651 -3.25000
v -7.58333 4.49615 -3.25000
v -7.22222 5.07651 -3.25000
v -6.86111 6.39928 -3.25000
v -6.86111 6.94928 -3.25000
v -7.22222 5.62651 -3.25000
v -6.86111 6.39928 -3.25000
v -6.50000 7.62893 -3.25000
v -6.50000 8.17893 -3.25000
v -6.86111 6.94928 -3.25000
v 3.25000 8.48202 -3.25000
v 3.61111 8.21184 -3.25000
v 3.61111 8.76184 -3.25000
v 3.25000 9.03202 -3.25000
v 3.61111 8.21184 -3.25000
v 3.97222 8.04069 -3.25000
v 3.97222 8.59069 -3.25000
v 3.61111 8.76184 -3.25000
v 6.50000 5.13591 -3.25000
v 6.86111 3.69028 -3.25000
v 6.86111 4.24028 -3.25000
v 6.50000 5.68591 -3.25000
v 6.86111 3.69028 -3.25000
v 7.22222 2.59891 -3.25000
v 7.22222 3.14891 -3.25000
v 6.86111 4.24028 -3.25000
v -7.22222 5.57596 -2.88889
v -6.86111 6.84196 -2.88889
v -6.86111 7.39196 -2.88889
v -7.22222 6.12596 -2.88889
v -6.86111 6.84196 -2.88889
v -6.50000 7.47223 -2.88889
v -6.50000 8.02223 -2.88889
v -6.86111 7.39196 -2.88889
v 3.61111 8.86590 -2.88889
v 3.97222 8.63580 -2.88889
v 3.97222 9.18580 -2.88889
v 3.61111 9.41590 -2.88889
v -8.66667 1.71423 -2.52778
v -8.30556 2.77252 -2.52778
v -8.30556 3.32252 -2.52778
v -8.66667 2.26423 -2.52778
v -8.30556 2.77252 -2.52778
v -7.94444 3.74818 -2.52778
v -7.94444 4.29818 -2.52778
v -8.30556 3.32252 -2.52778
v -9.38889 0.82156 -2.16667
v -9.02778 1.51653 -2.16667
v -9.02778 2.06653 -2.16667
v -9.38889 1.37156 -2.16667
v -8.30556 3.22245 -2.16667
v -7.94444 3.86026 -2.16667
v -7.94444 4.41026 -2.16667
v -8.30556 3.77245 -2.16667
v -7.94444 3.86026 -2.16667
v -7.58333 4.78505 -2.16667
v -7.58333 5.33505 -2.16667
v -7.94444 4.41026 -2.16667
v -7.58333 4.78505 -2.16667
v -7.22222 6.20727 -2.16667
v -7.22222 6.75727 -2.16667
v -7.58333 5.33505 -2.16667
v -7.22222 6.20727 -2.16667
v -6.86111 7.58638 -2.16667
v -6.86111 8.13638 -2.16667
v -7.22222 6.75727 -2.16667
v -9.38889 1.31599 -1.80556
v -9.02778 1.77858 -1.80556
v -9.02778 2.32858 -1.80556
v -9.38889 1.86599 -1.80556
v -7.94444 4.66036 -1.80556
v -7.58333 5.56342 -1.80556
v -7.58333 6.11342 -1.80556
v -7.94444 5.21036 -1.80556
v -7.58333 5.56342 -1.80556
v -7.22222 7.04027 -1.80556
v -7.22222 7.59027 -1.80556
v -7.58333 6.11342 -1.80556
v -7.22222 7.04027 -1.80556
v -6.86111 7.66450 -1.80556
v -6.86111 8.21450 -1.80556
v -7.22222 7.59027 -1.80556
v -9.02778 1.97984 -1.08333
v -8.66667 3.12468 -1.08333
v -8.66667 3.67468 -1.08333
v -9.02778 2.52984 -1.08333
v -8.66667 3.12468 -1.08333
v -8.30556 4.31647 -1.08333
v -8.30556 4.86647 -1.08333
v -8.66667 3.67468 -1.08333
v -7.94444 5.58224 -1.08333
v -7.58333 7.07308 -1.08333
v -7.58333 7.62308 -1.08333
v -7.94444 6.13224 -1.08333
v -9.02778 3.14109 -0.72222
v -8.66667 3.65387 -0.72222
v -8.66667 4.20387 -0.72222
v -9.02778 3.69109 -0.72222
v -8.66667 3.65387 -0.72222
v -8.30556 4.74184 -0.72222
v -8.30556 5.29184 -0.72222
v -8.66667 4.20387 -0.72222
v -8.30556 4.74184 -0.72222
v -7.94444 6.03314 -0.72222
v -7.94444 6.58314 -0.72222
v -8.30556 5.29184 -0.72222
v -7.94444 6.03314 -0.72222
v -7.58333 7.47883 -0.72222
v -7.58333 8.02883 -0.72222
v -7.94444 6.58314 -0.72222
v -7.58333 7.47883 -0.72222
v -7.22222 8.59792 -0.72222
v -7.22222 9.14792 -0.72222
v -7.58333 8.02883 -0.72222
v -9.38889 1.41195 -0.36111
v -9.02778 2.70627 -0.36111
v -9.02778 3.25627 -0.36111
v -9.38889 1.96195 -0.36111
v -9.02778 2.70627 -0.36111
v -8.66667 4.16852 -0.36111
v -8.66667 4.71852 -0.36111
v -9.02778 3.25627 -0.36111
v -8.66667 4.16852 -0.36111
v -8.30556 5.41610 -0.36111
v -8.30556 5.96610 -0.36111
v -8.66667 4.71852 -0.36111
v -7.58333 7.95925 -0.36111
v -7.22222 8.38253 -0.36111
v -7.22222 8.93253 -0.36111
v -7.58333 8.50925 -0.36111
v -7.22222 8.38253 -0.36111
v -6.86111 8.01495 -0.36111
v -6.86111 8.56495 -0.36111
v -7.22222 8.93253 -0.36111
v -9.38889 0.57691 0.00000
v -9.02778 1.92130 0.00000
v -9.02778 2.47130 0.00000
v -9.38889 1.12691 0.00000
v -9.02778 1.92130 0.00000
v -8.66667 3.45418 0.00000
v -8.66667 4.00418 0.00000
v -9.02778 2.47130 0.00000
v -8.66667 3.45418 0.00000
v -8.30556 5.10829 0.00000
v -8.30556 5.65829 0.00000
v -8.66667 4.00418 0.00000
v -8.30556 5.10829 0.00000
v -7.94444 6.85715 0.00000
v -7.94444 7.40715 0.00000
v -8.30556 5.65829 0.00000
v -7.94444 6.85715 0.00000
v -7.58333 8.39723 0.00000
v -7.58333 8.94723 0.00000
v -7.94444 7.40715 0.00000
v 7.58333 1.95975 0.72222
v 7.94444 0.68589 0.72222
v 7.94444 1.23589 0.72222
v 7.58333 2.50975 0.72222
v 7.94444 0.68589 0.72222
v 8.30556 0.00012 0.72222
v 8.30556 0.55012 0.72222
v 7.94444 1.23589 0.72222
v 8.30556 0.00012 0.72222
v 8.66667 0.00000 0.72222
v 8.66667 0.55000 0.72222
v 8.30556 0.55012 0.72222
v 6.86111 6.36749 1.08333
v 7.22222 4.25503 1.08333
v 7.22222 4.80503 1.08333
v 6.86111 6.91749 1.08333
v 7.22222 4.25503 1.08333
v 7.58333 2.41028 1.08333
v 7.58333 2.96028 1.08333
v 7.22222 4.80503 1.08333
v 7.58333 2.41028 1.08333
v 7.94444 1.17750 1.08333
v 7.94444 1.72750 1.08333
v 7.58333 2.96028 1.08333
v 7.94444 1.17750 1.08333
v 8.30556 0.66850 1.08333
v 8.30556 1.21850 1.08333
v 7.94444 1.72750 1.08333
v 6.86111 6.90873 1.44444
v 7.22222 5.02830 1.44444
v 7.22222 5.57830 1.44444
v 6.86111 7.45873 1.44444
v 7.22222 5.02830 1.44444
v 7.58333 3.36872 1.44444
v 7.58333 3.91872 1.44444
v 7.22222 5.57830 1.44444
v -8.30556 3.08403 2.16667
v -7.94444 4.67728 2.16667
v -7.94444 5.22728 2.16667
v -8.30556 3.63403 2.16667
v -7.94444 4.67728 2.16667
v -7.58333 6.26881 2.16667
v -7.58333 6.81881 2.16667
v -7.94444 5.22728 2.16667
v -7.58333 6.26881 2.16667
v -7.22222 6.14988 2.16667
v -7.22222 6.69988 2.16667
v -7.58333 6.81881 2.16667
v 8.30556 0.80937 2.16667
v 8.66667 0.00000 2.16667
v 8.66667 0.55000 2.16667
v 8.30556 1.35937 2.16667
v 8.66667 0.00000 2.16667
v 9.02778 0.00000 2.16667
v 9.02778 0.55000 2.16667
v 8.66667 0.55000 2.16667
v -8.66667 1.60995 2.52778
v -8.30556 2.62697 2.52778
v -8.30556 3.17697 2.52778
v -8.66667 2.15995 2.52778
v -8.30556 2.62697 2.52778
v -7.94444 3.75625 2.52778
v -7.94444 4.30625 2.52778
v -8.30556 3.17697 2.52778
v -7.94444 3.75625 2.52778
v -7.58333 5.23227 2.52778
v -7.58333 5.78227 2.52778
v -7.94444 4.30625 2.52778
v -7.58333 5.23227 2.52778
v -7.22222 5.94064 2.52778
v -7.22222 6.49064 2.52778
v -7.58333 5.78227 2.52778
v -7.22222 5.94064 2.52778
v -6.86111 5.88153 2.52778
v -6.86111 6.43153 2.52778
v -7.22222 6.49064 2.52778
v 7.58333 3.90309 2.52778
v 7.94444 2.39100 2.52778
v 7.94444 2.94100 2.52778
v 7.58333 4.45309 2.52778
v 7.94444 2.39100 2.52778
v 8.30556 1.24613 2.52778
v 8.30556 1.79613 2.52778
v 7.94444 2.94100 2.52778
v 8.30556 1.24613 2.52778
v 8.66667 0.78180 2.52778
v 8.66667 1.33180 2.52778
v 8.30556 1.79613 2.52778
v -9.02778 0.58032 2.88889
v -8.66667 0.90975 2.88889
v -8.66667 1.45975 2.88889
v -9.02778 1.13032 2.88889
v -7.94444 2.90111 2.88889
v -7.58333 4.40592 2.88889
v -7.58333 4.95592 2.88889
v -7.94444 3.45111 2.88889
v -7.58333 4.40592 2.88889
v -7.22222 5.00071 2.88889
v -7.22222 5.55071 2.88889
v -7.58333 4.95592 2.88889
v -7.22222 5.00071 2.88889
v -6.86111 5.73305 2.88889
v -6.86111 6.28305 2.88889
v -7.22222 5.55071 2.88889
v -6.86111 5.73305 2.88889
v -6.50000 5.71695 2.88889
v -6.50000 6.26695 2.88889
v -6.86111 6.28305 2.88889
v -6.50000 5.71695 2.88889
v -6.13889 5.94163 2.88889
v -6.13889 6.49163 2.88889
v -6.50000 6.26695 2.88889
v 0.00000 8.49279 2.88889
v 0.36111 8.40068 2.88889
v 0.36111 8.95068 2.88889
v 0.00000 9.04279 2.88889
v 0.36111 8.40068 2.88889
v 0.72222 8.37333 2.88889
v 0.72222 8.92333 2.88889
v 0.36111 8.95068 2.88889
v 0.72222 8.37333 2.88889
v 1.08333 8.38014 2.88889
v 1.08333 8.93014 2.88889
v 0.72222 8.92333 2.88889
v 1.08333 8.38014 2.88889
v 1.44444 8.35347 2.88889
v 1.44444 8.90347 2.88889
v 1.08333 8.93014 2.88889
v 1.44444 8.35347 2.88889
v 1.80556 8.28449 2.88889
v 1.80556 8.83449 2.88889
v 1.44444 8.90347 2.88889
v 7.22222 6.07554 2.88889
v 7.58333 4.51554 2.88889
v 7.58333 5.06554 2.88889
v 7.22222 6.62554 2.88889
v 7.58333 4.51554 2.88889
v 7.94444 3.19126 2.88889
v 7.94444 3.74126 2.88889
v 7.58333 5.06554 2.88889
v -8.30556 1.37520 3.25000
v -7.94444 2.32336 3.25000
v -7.94444 2.87336 3.25000
v -8.30556 1.92520 3.25000
v -7.94444 2.32336 3.25000
v -7.58333 2.75791 3.25000
v -7.58333 3.30791 3.25000
v -7.94444 2.87336 3.25000
v -7.58333 2.75791 3.25000
v -7.22222 3.39761 3.25000
v -7.22222 3.94761 3.25000
v -7.58333 3.30791 3.25000
v -7.22222 3.39761 3.25000
v -6.86111 4.23369 3.25000
v -6.86111 4.78369 3.25000
v -7.22222 3.94761 3.25000
v -6.86111 4.23369 3.25000
v -6.50000 4.85336 3.25000
v -6.50000 5.40336 3.25000
v -6.86111 4.78369 3.25000
v -6.50000 4.85336 3.25000
v -6.13889 5.84011 3.25000
v -6.13889 6.39011 3.25000
v -6.50000 5.40336 3.25000
v -6.13889 5.84011 3.25000
v -5.77778 6.08988 3.25000
v -5.77778 6.63988 3.25000
v -6.13889 6.39011 3.25000
v -5.77778 6.08988 3.25000
v -5.41667 6.35565 3.25000
v -5.41667 6.90565 3.25000
v -5.77778 6.63988 3.25000
v 0.00000 7.69738 3.25000
v 0.36111 7.61414 3.25000
v 0.36111 8.16414 3.25000
v 0.00000 8.24738 3.25000
v 0.36111 7.61414 3.25000
v 0.72222 7.63108 3.25000
v 0.72222 8.18108 3.25000
v 0.36111 8.16414 3.25000
v 0.72222 7.63108 3.25000
v 1.08333 7.66634 3.25000
v 1.08333 8.21634 3.25000
v 0.72222 8.18108 3.25000
v 1.08333 7.66634 3.25000
v 1.44444 7.67143 3.25000
v 1.44444 8.22143 3.25000
v 1.08333 8.21634 3.25000
v 1.44444 7.67143 3.25000
v 1.80556 7.64477 3.25000
v 1.80556 8.19477 3.25000
v 1.44444 8.22143 3.25000
v 7.22222 6.67655 3.25000
v 7.58333 5.08364 3.25000
v 7.58333 5.63364 3.25000
v 7.22222 7.22655 3.25000
v 7.58333 5.08364 3.25000
v 7.94444 3.37855 3.25000
v 7.94444 3.92855 3.25000
v 7.58333 5.63364 3.25000
v 8.66667 0.84195 3.25000
v 9.02778 0.00000 3.25000
v 9.02778 0.55000 3.25000
v 8.66667 1.39195 3.25000
v 9.02778 0.00000 3.25000
v 9.38889 0.00000 3.25000
v 9.38889 0.55000 3.25000
v 9.02778 0.55000 3.25000
v -7.94444 1.43067 3.61111
v -7.58333 1.67425 3.61111
v -7.58333 2.22425 3.61111
v -7.94444 1.98067 3.61111
v -7.58333 1.67425 3.61111
v -7.22222 2.38418 3.61111
v -7.22222 2.93418 3.61111
v -7.58333 2.22425 3.61111
v -7.22222 2.38418 3.61111
v -6.86111 2.82956 3.61111
v -6.86111 3.37956 3.61111
v -7.22222 2.93418 3.61111
v -6.86111 2.82956 3.61111
v -6.50000 3.48537 3.61111
v -6.50000 4.03537 3.61111
v -6.86111 3.37956 3.61111
v -6.50000 3.48537 3.61111
v -6.13889 4.53199 3.61111
v -6.13889 5.08199 3.61111
v -6.50000 4.03537 3.61111
v -6.13889 4.53199 3.61111
v -5.77778 5.39088 3.61111
v -5.77778 5.94088 3.61111
v -6.13889 5.08199 3.61111
v -5.77778 5.39088 3.61111
v -5.41667 6.43267 3.61111
v -5.41667 6.98267 3.61111
v -5.77778 5.94088 3.61111
v -5.41667 6.43267 3.61111
v -5.05556 6.68833 3.61111
v -5.05556 7.23833 3.61111
v -5.41667 6.98267 3.61111
v 6.86111 6.72386 3.61111
v 7.22222 5.50483 3.61111
v 7.22222 6.05483 3.61111
v 6.86111 7.27386 3.61111
v 7.22222 5.50483 3.61111
v 7.58333 4.34869 3.61111
v 7.58333 4.89869 3.61111
v 7.22222 6.05483 3.61111
v 7.58333 4.34869 3.61111
v 7.94444 3.06824 3.61111
v 7.94444 3.61824 3.61111
v 7.58333 4.89869 3.61111
v 7.94444 3.06824 3.61111
v 8.30556 2.28298 3.61111
v 8.30556 2.83298 3.61111
v 7.94444 3.61824 3.61111
v 8.30556 2.28298 3.61111
v 8.66667 1.30540 3.61111
v 8.66667 1.85540 3.61111
v 8.30556 2.83298 3.61111
v 8.66667 1.30540 3.61111
v 9.02778 0.89741 3.61111
v 9.02778 1.44741 3.61111
v 8.66667 1.85540 3.61111
v 9.02778 0.89741 3.61111
v 9.38889 0.00000 3.61111
v 9.38889 0.55000 3.61111
v 9.02778 1.44741 3.61111
v -7.94444 0.58626 3.97222
v -7.58333 0.91602 3.97222
v -7.58333 1.46602 3.97222
v -7.94444 1.13626 3.97222
v -7.22222 1.47724 3.97222
v -6.86111 1.72493 3.97222
v -6.86111 2.27493 3.97222
v -7.22222 2.02724 3.97222
v -6.86111 1.72493 3.97222
v -6.50000 2.44750 3.97222
v -6.50000 2.99750 3.97222
v -6.86111 2.27493 3.97222
v -6.50000 2.44750 3.97222
v -6.13889 3.04664 3.97222
v -6.13889 3.59664 3.97222
v -6.50000 2.99750 3.97222
v -6.13889 3.04664 3.97222
v -5.77778 3.89944 3.97222
v -5.77778 4.44944 3.97222
v -6.13889 3.59664 3.97222
v -5.77778 3.89944 3.97222
v -5.41667 5.23539 3.97222
v -5.41667 5.78539 3.97222
v -5.77778 4.44944 3.97222
v -5.41667 5.23539 3.97222
v -5.05556 6.74640 3.97222
v -5.05556 7.29640 3.97222
v -5.41667 5.78539 3.97222
v -5.05556 6.74640 3.97222
v -4.69444 6.98638 3.97222
v -4.69444 7.53638 3.97222
v -5.05556 7.29640 3.97222
v -4.69444 6.98638 3.97222
v -4.33333 7.23806 3.97222
v -4.33333 7.78806 3.97222
v -4.69444 7.53638 3.97222
v -4.33333 7.23806 3.97222
v -3.97222 7.50216 3.97222
v -3.97222 8.05216 3.97222
v -4.33333 7.78806 3.97222
v -3.97222 7.50216 3.97222
v -3.61111 7.77893 3.97222
v -3.61111 8.32893 3.97222
v -3.97222 8.05216 3.97222
v -3.61111 7.77893 3.97222
v -3.25000 8.06797 3.97222
v -3.25000 8.61797 3.97222
v -3.61111 8.32893 3.97222
v -3.25000 8.06797 3.97222
v -2.88889 7.88543 3.97222
v -2.88889 8.43543 3.97222
v -3.25000 8.61797 3.97222
v -2.88889 7.88543 3.97222
v -2.52778 7.71218 3.97222
v -2.52778 8.26218 3.97222
v -2.88889 8.43543 3.97222
v -2.52778 7.71218 3.97222
v -2.16667 7.55471 3.97222
v -2.16667 8.10471 3.97222
v -2.52778 8.26218 3.97222
v -2.16667 7.55471 3.97222
v -1.80556 7.46392 3.97222
v -1.80556 8.01392 3.97222
v -2.16667 8.10471 3.97222
v -1.80556 7.46392 3.97222
v -1.44444 7.52215 3.97222
v -1.44444 8.07215 3.97222
v -1.80556 8.01392 3.97222
v -1.44444 7.52215 3.97222
v -1.08333 7.64718 3.97222
v -1.08333 8.19718 3.97222
v -1.44444 8.07215 3.97222
v 6.50000 6.96972 3.97222
v 6.86111 5.56527 3.97222
v 6.86111 6.11527 3.97222
v 6.50000 7.51972 3.97222
v 6.86111 5.56527 3.97222
v 7.22222 4.32290 3.97222
v 7.22222 4.87290 3.97222
v 6.86111 6.11527 3.97222
v 7.22222 4.32290 3.97222
v 7.58333 3.04801 3.97222
v 7.58333 3.59801 3.97222
v 7.22222 4.87290 3.97222
v 7.58333 3.04801 3.97222
v 7.94444 2.24321 3.97222
v 7.94444 2.79321 3.97222
v 7.58333 3.59801 3.97222
v 7.94444 2.24321 3.97222
v 8.30556 1.26910 3.97222
v 8.30556 1.81910 3.97222
v 7.94444 2.79321 3.97222
v 8.66667 0.86519 3.97222
v 9.02778 0.00000 3.97222
v 9.02778 0.55000 3.97222
v 8.66667 1.41519 3.97222
v -7.22222 0.60800 4.33333
v -6.86111 0.94418 4.33333
v -6.86111 1.49418 4.33333
v -7.22222 1.15800 4.33333
v -6.50000 1.51384 4.33333
v -6.13889 1.86681 4.33333
v -6.13889 2.41681 4.33333
v -6.50000 2.06384 4.33333
v -6.13889 1.86681 4.33333
v -5.77778 2.75465 4.33333
v -5.77778 3.30465 4.33333
v -6.13889 2.41681 4.33333
v -5.77778 2.75465 4.33333
v -5.41667 4.12963 4.33333
v -5.41667 4.67963 4.33333
v -5.77778 3.30465 4.33333
v -5.41667 4.12963 4.33333
v -5.05556 5.01505 4.33333
v -5.05556 5.56505 4.33333
v -5.41667 4.67963 4.33333
v -5.05556 5.01505 4.33333
v -4.69444 5.18938 4.33333
v -4.69444 5.73938 4.33333
v -5.05556 5.56505 4.33333
v -4.69444 5.18938 4.33333
v -4.33333 5.37093 4.33333
v -4.33333 5.92093 4.33333
v -4.69444 5.73938 4.33333
v -4.33333 5.37093 4.33333
v -3.97222 5.56022 4.33333
v -3.97222 6.11022 4.33333
v -4.33333 5.92093 4.33333
v -3.97222 5.56022 4.33333
v -3.61111 5.75745 4.33333
v -3.61111 6.30745 4.33333
v -3.97222 6.11022 4.33333
v -3.61111 5.75745 4.33333
v -3.25000 5.96239 4.33333
v -3.25000 6.51239 4.33333
v -3.61111 6.30745 4.33333
v -3.25000 5.96239 4.33333
v -2.88889 5.78489 4.33333
v -2.88889 6.33489 4.33333
v -3.25000 6.51239 4.33333
v -2.88889 5.78489 4.33333
v -2.52778 5.61494 4.33333
v -2.52778 6.16494 4.33333
v -2.88889 6.33489 4.33333
v -2.52778 5.61494 4.33333
v -2.16667 5.48191 4.33333
v -2.16667 6.03191 4.33333
v -2.52778 6.16494 4.33333
v -2.16667 5.48191 4.33333
v -1.80556 5.75611 4.33333
v -1.80556 6.30611 4.33333
v -2.16667 6.03191 4.33333
v -1.80556 5.75611 4.33333
v -1.44444 6.63043 4.33333
v -1.44444 7.18043 4.33333
v -1.80556 6.30611 4.33333
v -1.44444 6.63043 4.33333
v -1.08333 7.45604 4.33333
v -1.08333 8.00604 4.33333
v -1.44444 7.18043 4.33333
v -1.08333 7.45604 4.33333
v -0.72222 7.30597 4.33333
v -0.72222 7.85597 4.33333
v -1.08333 8.00604 4.33333
v 6.13889 7.74707 4.33333
v 6.50000 5.90334 4.33333
v 6.50000 6.45334 4.33333
v 6.13889 8.29707 4.33333
v 6.50000 5.90334 4.33333
v 6.86111 4.49022 4.33333
v 6.86111 5.04022 4.33333
v 6.50000 6.45334 4.33333
v 6.86111 4.49022 4.33333
v 7.22222 3.11076 4.33333
v 7.22222 3.66076 4.33333
v 6.86111 5.04022 4.33333
v 7.22222 3.11076 4.33333
v 7.58333 2.24691 4.33333
v 7.58333 2.79691 4.33333
v 7.22222 3.66076 4.33333
v 7.58333 2.24691 4.33333
v 7.94444 1.25228 4.33333
v 7.94444 1.80228 4.33333
v 7.58333 2.79691 4.33333
v 8.30556 0.84413 4.33333
v 8.66667 0.00000 4.33333
v 8.66667 0.55000 4.33333
v 8.30556 1.39413 4.33333
v -6.86111 0.63391 4.69444
v -6.50000 0.62073 4.69444
v -6.50000 1.17073 4.69444
v -6.86111 1.18391 4.69444
v -6.50000 0.62073 4.69444
v -6.13889 1.02514 4.69444
v -6.13889 1.57514 4.69444
v -6.50000 1.17073 4.69444
v -5.77778 2.00903 4.69444
v -5.41667 2.92539 4.69444
v -5.41667 3.47539 4.69444
v -5.77778 2.55903 4.69444
v -5.41667 2.92539 4.69444
v -5.05556 3.30074 4.69444
v -5.05556 3.85074 4.69444
v -5.41667 3.47539 4.69444
v -5.05556 3.30074 4.69444
v -4.69444 3.41554 4.69444
v -4.69444 3.96554 4.69444
v -5.05556 3.85074 4.69444
v -4.69444 3.41554 4.69444
v -4.33333 3.53439 4.69444
v -4.33333 4.08439 4.69444
v -4.69444 3.96554 4.69444
v -4.33333 3.53439 4.69444
v -3.97222 3.65766 4.69444
v -3.97222 4.20766 4.69444
v -4.33333 4.08439 4.69444
v -3.97222 3.65766 4.69444
v -3.61111 3.78552 4.69444
v -3.61111 4.33552 4.69444
v -3.97222 4.20766 4.69444
v -3.61111 3.78552 4.69444
v -3.25000 3.91789 4.69444
v -3.25000 4.46789 4.69444
v -3.61111 4.33552 4.69444
v -3.25000 3.91789 4.69444
v -2.88889 3.76776 4.69444
v -2.88889 4.31776 4.69444
v -3.25000 4.46789 4.69444
v -2.88889 3.76776 4.69444
v -2.52778 3.62460 4.69444
v -2.52778 4.17460 4.69444
v -2.88889 4.31776 4.69444
v -2.52778 3.62460 4.69444
v -2.16667 3.54148 4.69444
v -2.16667 4.09148 4.69444
v -2.52778 4.17460 4.69444
v -2.16667 3.54148 4.69444
v -1.80556 3.98313 4.69444
v -1.80556 4.53313 4.69444
v -2.16667 4.09148 4.69444
v -1.80556 3.98313 4.69444
v -1.44444 5.07675 4.69444
v -1.44444 5.62675 4.69444
v -1.80556 4.53313 4.69444
v -1.44444 5.07675 4.69444
v -1.08333 6.20543 4.69444
v -1.08333 6.75543 4.69444
v -1.44444 5.62675 4.69444
v -1.08333 6.20543 4.69444
v -0.72222 7.02008 4.69444
v -0.72222 7.57008 4.69444
v -1.08333 6.75543 4.69444
v -0.72222 7.02008 4.69444
v -0.36111 6.51029 4.69444
v -0.36111 7.06029 4.69444
v -0.72222 7.57008 4.69444
v 5.77778 8.69041 4.69444
v 6.13889 6.65207 4.69444
v 6.13889 7.20207 4.69444
v 5.77778 9.24041 4.69444
v 6.13889 6.65207 4.69444
v 6.50000 4.89420 4.69444
v 6.50000 5.44420 4.69444
v 6.13889 7.20207 4.69444
v 6.50000 4.89420 4.69444
v 6.86111 3.30641 4.69444
v 6.86111 3.85641 4.69444
v 6.50000 5.44420 4.69444
v 6.86111 3.30641 4.69444
v 7.22222 2.32458 4.69444
v 7.22222 2.87458 4.69444
v 6.86111 3.85641 4.69444
v 7.22222 2.32458 4.69444
v 7.58333 1.26695 4.69444
v 7.58333 1.81695 4.69444
v 7.22222 2.87458 4.69444
v 7.94444 0.83858 4.69444
v 8.30556 0.00000 4.69444
v 8.30556 0.55000 4.69444
v 7.94444 1.38858 4.69444
v -6.13889 0.68432 5.05556
v -5.77778 1.11038 5.05556
v -5.77778 1.66038 5.05556
v -6.13889 1.23432 5.05556
v -5.41667 1.83107 5.05556
v -5.05556 1.89596 5.05556
v -5.05556 2.44596 5.05556
v -5.41667 2.38107 5.05556
v -5.05556 1.89596 5.05556
v -4.69444 1.96265 5.05556
v -4.69444 2.51265 5.05556
v -5.05556 2.44596 5.05556
v -4.69444 1.96265 5.05556
v -4.33333 2.03143 5.05556
v -4.33333 2.58143 5.05556
v -4.69444 2.51265 5.05556
v -4.33333 2.03143 5.05556
v -3.97222 2.10256 5.05556
v -3.97222 2.65256 5.05556
v -4.33333 2.58143 5.05556
v -3.97222 2.10256 5.05556
v -3.61111 2.17625 5.05556
v -3.61111 2.72625 5.05556
v -3.97222 2.65256 5.05556
v -3.61111 2.17625 5.05556
v -3.25000 2.25252 5.05556
v -3.25000 2.80252 5.05556
v -3.61111 2.72625 5.05556
v -3.25000 2.25252 5.05556
v -2.88889 2.14394 5.05556
v -2.88889 2.69394 5.05556
v -3.25000 2.80252 5.05556
v -2.88889 2.14394 5.05556
v -2.52778 2.04486 5.05556
v -2.52778 2.59486 5.05556
v -2.88889 2.69394 5.05556
v -2.52778 2.04486 5.05556
v -2.16667 2.03033 5.05556
v -2.16667 2.58033 5.05556
v -2.52778 2.59486 5.05556
v -2.16667 2.03033 5.05556
v -1.80556 2.63257 5.05556
v -1.80556 3.18257 5.05556
v -2.16667 2.58033 5.05556
v -1.80556 2.63257 5.05556
v -1.44444 3.90723 5.05556
v -1.44444 4.45723 5.05556
v -1.80556 3.18257 5.05556
v -1.44444 3.90723 5.05556
v -1.08333 5.09104 5.05556
v -1.08333 5.64104 5.05556
v -1.44444 4.45723 5.05556
v -1.08333 5.09104 5.05556
v -0.72222 5.67950 5.05556
v -0.72222 6.22950 5.05556
v -1.08333 5.64104 5.05556
v -0.72222 5.67950 5.05556
v -0.36111 6.10490 5.05556
v -0.36111 6.65490 5.05556
v -0.72222 6.22950 5.05556
v -0.36111 6.10490 5.05556
v 0.00000 5.51199 5.05556
v 0.00000 6.06199 5.05556
v -0.36111 6.65490 5.05556
v 5.41667 9.50000 5.05556
v 5.77778 7.43455 5.05556
v 5.77778 7.98455 5.05556
v 5.41667 10.05000 5.05556
v 5.77778 7.43455 5.05556
v 6.13889 5.50282 5.05556
v 6.13889 6.05282 5.05556
v 5.77778 7.98455 5.05556
v 6.13889 5.50282 5.05556
v 6.50000 3.64622 5.05556
v 6.50000 4.19622 5.05556
v 6.13889 6.05282 5.05556
v 6.50000 3.64622 5.05556
v 6.86111 2.49975 5.05556
v 6.86111 3.04975 5.05556
v 6.50000 4.19622 5.05556
v 6.86111 2.49975 5.05556
v 7.22222 1.32770 5.05556
v 7.22222 1.87770 5.05556
v 6.86111 3.04975 5.05556
v 7.58333 0.85582 5.05556
v 7.94444 0.00000 5.05556
v 7.94444 0.55000 5.05556
v 7.58333 1.40582 5.05556
v -5.77778 0.74117 5.41667
v -5.41667 0.76869 5.41667
v -5.41667 1.31869 5.41667
v -5.77778 1.29117 5.41667
v -5.41667 0.76869 5.41667
v -5.05556 0.79678 5.41667
v -5.05556 1.34678 5.41667
v -5.41667 1.31869 5.41667
v -5.05556 0.79678 5.41667
v -4.69444 0.82559 5.41667
v -4.69444 1.37559 5.41667
v -5.05556 1.34678 5.41667
v -4.69444 0.82559 5.41667
v -4.33333 0.85530 5.41667
v -4.33333 1.40530 5.41667
v -4.69444 1.37559 5.41667
v -4.33333 0.85530 5.41667
v -3.97222 0.88611 5.41667
v -3.97222 1.43611 5.41667
v -4.33333 1.40530 5.41667
v -3.97222 0.88611 5.41667
v -3.61111 0.91823 5.41667
v -3.61111 1.46823 5.41667
v -3.97222 1.43611 5.41667
v -3.61111 0.91823 5.41667
v -3.25000 0.95175 5.41667
v -3.25000 1.50175 5.41667
v -3.61111 1.46823 5.41667
v -3.25000 0.95175 5.41667
v -2.88889 0.89616 5.41667
v -2.88889 1.44616 5.41667
v -3.25000 1.50175 5.41667
v -2.88889 0.89616 5.41667
v -2.52778 0.86810 5.41667
v -2.52778 1.41810 5.41667
v -2.88889 1.44616 5.41667
v -2.52778 0.86810 5.41667
v -2.16667 1.00265 5.41667
v -2.16667 1.55265 5.41667
v -2.52778 1.41810 5.41667
v -2.16667 1.00265 5.41667
v -1.80556 1.86577 5.41667
v -1.80556 2.41577 5.41667
v -2.16667 1.55265 5.41667
v -1.44444 3.24540 5.41667
v -1.08333 4.00832 5.41667
v -1.08333 4.55832 5.41667
v -1.44444 3.79540 5.41667
v -1.08333 4.00832 5.41667
v -0.72222 4.53671 5.41667
v -0.72222 5.08671 5.41667
v -1.08333 4.55832 5.41667
v -0.72222 4.53671 5.41667
v -0.36111 5.11776 5.41667
v -0.36111 5.66776 5.41667
v -0.72222 5.08671 5.41667
v -0.36111 5.11776 5.41667
v 0.00000 5.24079 5.41667
v 0.00000 5.79079 5.41667
v -0.36111 5.66776 5.41667
v 5.05556 9.50000 5.41667
v 5.41667 8.00034 5.41667
v 5.41667 8.55034 5.41667
v 5.05556 10.05000 5.41667
v 5.41667 8.00034 5.41667
v 5.77778 6.03719 5.41667
v 5.77778 6.58719 5.41667
v 5.41667 8.55034 5.41667
v 5.77778 6.03719 5.41667
v 6.13889 4.04674 5.41667
v 6.13889 4.59674 5.41667
v 5.77778 6.58719 5.41667
v 6.13889 4.04674 5.41667
v 6.50000 2.75336 5.41667
v 6.50000 3.30336 5.41667
v 6.13889 4.59674 5.41667
v 6.50000 2.75336 5.41667
v 6.86111 1.43752 5.41667
v 6.86111 1.98752 5.41667
v 6.50000 3.30336 5.41667
v 6.86111 1.43752 5.41667
v 7.22222 0.90139 5.41667
v 7.22222 1.45139 5.41667
v 6.86111 1.98752 5.41667
v 7.22222 0.90139 5.41667
v 7.58333 0.00000 5.41667
v 7.58333 0.55000 5.41667
v 7.22222 1.45139 5.41667
v -1.80556 1.82117 5.77778
v -1.44444 2.62315 5.77778
v -1.44444 3.17315 5.77778
v -1.80556 2.37117 5.77778
v -0.72222 3.85086 5.77778
v -0.36111 4.39872 5.77778
v -0.36111 4.94872 5.77778
v -0.72222 4.40086 5.77778
v -0.36111 4.39872 5.77778
v 0.00000 5.07887 5.77778
v 0.00000 5.62887 5.77778
v -0.36111 4.94872 5.77778
v 0.00000 5.07887 5.77778
v 0.36111 5.13223 5.77778
v 0.36111 5.68223 5.77778
v 0.00000 5.62887 5.77778
v 4.33333 9.06740 5.77778
v 4.69444 8.43020 5.77778
v 4.69444 8.98020 5.77778
v 4.33333 9.61740 5.77778
v 4.69444 8.43020 5.77778
v 5.05556 7.64769 5.77778
v 5.05556 8.19769 5.77778
v 4.69444 8.98020 5.77778
v 5.05556 7.64769 5.77778
v 5.41667 6.24786 5.77778
v 5.41667 6.79786 5.77778
v 5.05556 8.19769 5.77778
v 5.41667 6.24786 5.77778
v 5.77778 4.30375 5.77778
v 5.77778 4.85375 5.77778
v 5.41667 6.79786 5.77778
v 5.77778 4.30375 5.77778
v 6.13889 2.97588 5.77778
v 6.13889 3.52588 5.77778
v 5.77778 4.85375 5.77778
v 6.13889 2.97588 5.77778
v 6.50000 1.57228 5.77778
v 6.50000 2.12228 5.77778
v 6.13889 3.52588 5.77778
v 6.50000 1.57228 5.77778
v 6.86111 0.97046 5.77778
v 6.86111 1.52046 5.77778
v 6.50000 2.12228 5.77778
v 6.86111 0.97046 5.77778
v 7.22222 0.00000 5.77778
v 7.22222 0.55000 5.77778
v 6.86111 1.52046 5.77778
v -1.08333 3.05473 6.13889
v -0.72222 3.30261 6.13889
v -0.72222 3.85261 6.13889
v -1.08333 3.60473 6.13889
v -0.72222 3.30261 6.13889
v -0.36111 3.53924 6.13889
v -0.36111 4.08924 6.13889
v -0.72222 3.85261 6.13889
v -0.36111 3.53924 6.13889
v 0.00000 3.97084 6.13889
v 0.00000 4.52084 6.13889
v -0.36111 4.08924 6.13889
v 0.00000 3.97084 6.13889
v 0.36111 5.13805 6.13889
v 0.36111 5.68805 6.13889
v 0.00000 4.52084 6.13889
v 0.36111 5.13805 6.13889
v 0.72222 5.43133 6.13889
v 0.72222 5.98133 6.13889
v 0.36111 5.68805 6.13889
v 3.61111 7.54249 6.13889
v 3.97222 8.04309 6.13889
v 3.97222 8.59309 6.13889
v 3.61111 8.09249 6.13889
v 3.97222 8.04309 6.13889
v 4.33333 7.04744 6.13889
v 4.33333 7.59744 6.13889
v 3.97222 8.59309 6.13889
v 4.33333 7.04744 6.13889
v 4.69444 5.84575 6.13889
v 4.69444 6.39575 6.13889
v 4.33333 7.59744 6.13889
v 4.69444 5.84575 6.13889
v 5.05556 4.97905 6.13889
v 5.05556 5.52905 6.13889
v 4.69444 6.39575 6.13889
v 5.05556 4.97905 6.13889
v 5.41667 4.26112 6.13889
v 5.41667 4.81112 6.13889
v 5.05556 5.52905 6.13889
v 5.41667 4.26112 6.13889
v 5.77778 3.04608 6.13889
v 5.77778 3.59608 6.13889
v 5.41667 4.81112 6.13889
v 5.77778 3.04608 6.13889
v 6.13889 1.64875 6.13889
v 6.13889 2.19875 6.13889
v 5.77778 3.59608 6.13889
v 6.13889 1.64875 6.13889
v 6.50000 1.04353 6.13889
v 6.50000 1.59353 6.13889
v 6.13889 2.19875 6.13889
v 6.50000 1.04353 6.13889
v 6.86111 0.00000 6.13889
v 6.86111 0.55000 6.13889
v 6.50000 1.59353 6.13889
v -1.44444 2.42834 6.50000
v -1.08333 2.44674 6.50000
v -1.08333 2.99674 6.50000
v -1.44444 2.97834 6.50000
v 0.72222 5.70135 6.50000
v 1.08333 5.98674 6.50000
v 1.08333 6.53674 6.50000
v 0.72222 6.25135 6.50000
v 3.61111 6.85901 6.50000
v 3.97222 6.02867 6.50000
v 3.97222 6.57867 6.50000
v 3.61111 7.40901 6.50000
v 3.97222 6.02867 6.50000
v 4.33333 5.07390 6.50000
v 4.33333 5.62390 6.50000
v 3.97222 6.57867 6.50000
v 4.33333 5.07390 6.50000
v 4.69444 3.80399 6.50000
v 4.69444 4.35399 6.50000
v 4.33333 5.62390 6.50000
v 4.69444 3.80399 6.50000
v 5.05556 2.88270 6.50000
v 5.05556 3.43270 6.50000
v 4.69444 4.35399 6.50000
v 5.05556 2.88270 6.50000
v 5.41667 2.52745 6.50000
v 5.41667 3.07745 6.50000
v 5.05556 3.43270 6.50000
v 5.41667 2.52745 6.50000
v 5.77778 1.63070 6.50000
v 5.77778 2.18070 6.50000
v 5.41667 3.07745 6.50000
v 5.77778 1.63070 6.50000
v 6.13889 1.05913 6.50000
v 6.13889 1.60913 6.50000
v 5.77778 2.18070 6.50000
v 6.13889 1.05913 6.50000
v 6.50000 0.00000 6.50000
v 6.50000 0.55000 6.50000
v 6.13889 1.60913 6.50000
v 0.36111 4.10891 6.86111
v 0.72222 5.08596 6.86111
v 0.72222 5.63596 6.86111
v 0.36111 4.65891 6.86111
v 0.72222 5.08596 6.86111
v 1.08333 6.08238 6.86111
v 1.08333 6.63238 6.86111
v 0.72222 5.63596 6.86111
v 1.08333 6.08238 6.86111
v 1.44444 6.05319 6.86111
v 1.44444 6.60319 6.86111
v 1.08333 6.63238 6.86111
v 1.44444 6.05319 6.86111
v 1.80556 5.98137 6.86111
v 1.80556 6.53137 6.86111
v 1.44444 6.60319 6.86111
v 1.80556 5.98137 6.86111
v 2.16667 5.96720 6.86111
v 2.16667 6.51720 6.86111
v 1.80556 6.53137 6.86111
v 2.16667 5.96720 6.86111
v 2.52778 5.93595 6.86111
v 2.52778 6.48595 6.86111
v 2.16667 6.51720 6.86111
v 2.52778 5.93595 6.86111
v 2.88889 5.83131 6.86111
v 2.88889 6.38131 6.86111
v 2.52778 6.48595 6.86111
v 2.88889 5.83131 6.86111
v 3.25000 5.82611 6.86111
v 3.25000 6.37611 6.86111
v 2.88889 6.38131 6.86111
v 3.25000 5.82611 6.86111
v 3.61111 4.96747 6.86111
v 3.61111 5.51747 6.86111
v 3.25000 6.37611 6.86111
v 3.61111 4.96747 6.86111
v 3.97222 4.17230 6.86111
v 3.97222 4.72230 6.86111
v 3.61111 5.51747 6.86111
v 3.97222 4.17230 6.86111
v 4.33333 3.15095 6.86111
v 4.33333 3.70095 6.86111
v 3.97222 4.72230 6.86111
v 4.33333 3.15095 6.86111
v 4.69444 2.42841 6.86111
v 4.69444 2.97841 6.86111
v 4.33333 3.70095 6.86111
v 4.69444 2.42841 6.86111
v 5.05556 1.41434 6.86111
v 5.05556 1.96434 6.86111
v 4.69444 2.97841 6.86111
v 5.05556 1.41434 6.86111
v 5.41667 0.95972 6.86111
v 5.41667 1.50972 6.86111
v 5.05556 1.96434 6.86111
v 5.41667 0.95972 6.86111
v 5.77778 0.97070 6.86111
v 5.77778 1.52070 6.86111
v 5.41667 1.50972 6.86111
v 5.77778 0.97070 6.86111
v 6.13889 0.00000 6.86111
v 6.13889 0.55000 6.86111
v 5.77778 1.52070 6.86111
v 0.36111 3.55257 7.22222
v 0.72222 4.35677 7.22222
v 0.72222 4.90677 7.22222
v 0.36111 4.10257 7.22222
v 0.72222 4.35677 7.22222
v 1.08333 4.73385 7.22222
v 1.08333 5.28385 7.22222
v 0.72222 4.90677 7.22222
v 1.08333 4.73385 7.22222
v 1.44444 4.45250 7.22222
v 1.44444 5.00250 7.22222
v 1.08333 5.28385 7.22222
v 1.44444 4.45250 7.22222
v 1.80556 4.14139 7.22222
v 1.80556 4.69139 7.22222
v 1.44444 5.00250 7.22222
v 1.80556 4.14139 7.22222
v 2.16667 4.00214 7.22222
v 2.16667 4.55214 7.22222
v 1.80556 4.69139 7.22222
v 2.16667 4.00214 7.22222
v 2.52778 3.94142 7.22222
v 2.52778 4.49142 7.22222
v 2.16667 4.55214 7.22222
v 2.52778 3.94142 7.22222
v 2.88889 4.05527 7.22222
v 2.88889 4.60527 7.22222
v 2.52778 4.49142 7.22222
v 2.88889 4.05527 7.22222
v 3.25000 4.25810 7.22222
v 3.25000 4.80810 7.22222
v 2.88889 4.60527 7.22222
v 3.25000 4.25810 7.22222
v 3.61111 3.48856 7.22222
v 3.61111 4.03856 7.22222
v 3.25000 4.80810 7.22222
v 3.61111 3.48856 7.22222
v 3.97222 2.59117 7.22222
v 3.97222 3.14117 7.22222
v 3.61111 4.03856 7.22222
v 3.97222 2.59117 7.22222
v 4.33333 1.99830 7.22222
v 4.33333 2.54830 7.22222
v 3.97222 3.14117 7.22222
v 4.33333 1.99830 7.22222
v 4.69444 1.16477 7.22222
v 4.69444 1.71477 7.22222
v 4.33333 2.54830 7.22222
v 4.69444 1.16477 7.22222
v 5.05556 0.80869 7.22222
v 5.05556 1.35869 7.22222
v 4.69444 1.71477 7.22222
v 5.05556 0.80869 7.22222
v 5.41667 0.00000 7.22222
v 5.41667 0.55000 7.22222
v 5.05556 1.35869 7.22222
v 0.36111 2.80386 7.58333
v 0.72222 3.16904 7.58333
v 0.72222 3.71904 7.58333
v 0.36111 3.35386 7.58333
v 0.72222 3.16904 7.58333
v 1.08333 3.10217 7.58333
v 1.08333 3.65217 7.58333
v 0.72222 3.71904 7.58333
v 1.08333 3.10217 7.58333
v 1.44444 2.69237 7.58333
v 1.44444 3.24237 7.58333
v 1.08333 3.65217 7.58333
v 1.44444 2.69237 7.58333
v 1.80556 2.35103 7.58333
v 1.80556 2.90103 7.58333
v 1.44444 3.24237 7.58333
v 1.80556 2.35103 7.58333
v 2.16667 2.22219 7.58333
v 2.16667 2.77219 7.58333
v 1.80556 2.90103 7.58333
v 2.16667 2.22219 7.58333
v 2.52778 2.19454 7.58333
v 2.52778 2.74454 7.58333
v 2.16667 2.77219 7.58333
v 2.52778 2.19454 7.58333
v 2.88889 2.38421 7.58333
v 2.88889 2.93421 7.58333
v 2.52778 2.74454 7.58333
v 2.88889 2.38421 7.58333
v 3.25000 3.00280 7.58333
v 3.25000 3.55280 7.58333
v 2.88889 2.93421 7.58333
v 3.25000 3.00280 7.58333
v 3.61111 2.17505 7.58333
v 3.61111 2.72505 7.58333
v 3.25000 3.55280 7.58333
v 3.61111 2.17505 7.58333
v 3.97222 1.65223 7.58333
v 3.97222 2.20223 7.58333
v 3.61111 2.72505 7.58333
v 3.97222 1.65223 7.58333
v 4.33333 0.94597 7.58333
v 4.33333 1.49597 7.58333
v 3.97222 2.20223 7.58333
v 4.69444 0.66273 7.58333
v 5.05556 0.00000 7.58333
v 5.05556 0.55000 7.58333
v 4.69444 1.21273 7.58333
v 0.00000 1.79016 7.94444
v 0.36111 1.54361 7.94444
v 0.36111 2.09361 7.94444
v 0.00000 2.34016 7.94444
v 0.36111 1.54361 7.94444
v 0.72222 1.71144 7.94444
v 0.72222 2.26144 7.94444
v 0.36111 2.09361 7.94444
v 0.72222 1.71144 7.94444
v 1.08333 1.51142 7.94444
v 1.08333 2.06142 7.94444
v 0.72222 2.26144 7.94444
v 1.08333 1.51142 7.94444
v 1.44444 1.27135 7.94444
v 1.44444 1.82135 7.94444
v 1.08333 2.06142 7.94444
v 1.44444 1.27135 7.94444
v 1.80556 1.10917 7.94444
v 1.80556 1.65917 7.94444
v 1.44444 1.82135 7.94444
v 1.80556 1.10917 7.94444
v 2.16667 1.05469 7.94444
v 2.16667 1.60469 7.94444
v 1.80556 1.65917 7.94444
v 2.16667 1.05469 7.94444
v 2.52778 1.03907 7.94444
v 2.52778 1.58907 7.94444
v 2.16667 1.60469 7.94444
v 2.52778 1.03907 7.94444
v 2.88889 1.24169 7.94444
v 2.88889 1.79169 7.94444
v 2.52778 1.58907 7.94444
v 2.88889 1.24169 7.94444
v 3.25000 1.84909 7.94444
v 3.25000 2.39909 7.94444
v 2.88889 1.79169 7.94444
v 3.25000 1.84909 7.94444
v 3.61111 1.38064 7.94444
v 3.61111 1.93064 7.94444
v 3.25000 2.39909 7.94444
v 3.61111 1.38064 7.94444
v 3.97222 0.76843 7.94444
v 3.97222 1.31843 7.94444
v 3.61111 1.93064 7.94444
v 4.33333 0.53731 7.94444
v 4.69444 0.00000 7.94444
v 4.69444 0.55000 7.94444
v 4.33333 1.08731 7.94444
v 0.00000 0.68198 8.30556
v 0.36111 0.75010 8.30556
v 0.36111 1.30010 8.30556
v 0.00000 1.23198 8.30556
v 0.36111 0.75010 8.30556
v 0.72222 0.54486 8.30556
v 0.72222 1.09486 8.30556
v 0.36111 1.30010 8.30556
v 0.72222 0.54486 8.30556
v 1.08333 0.46335 8.30556
v 1.08333 1.01335 8.30556
v 0.72222 1.09486 8.30556
v 1.08333 0.46335 8.30556
v 1.44444 0.39881 8.30556
v 1.44444 0.94881 8.30556
v 1.08333 1.01335 8.30556
v 3.25000 0.94749 8.30556
v 3.61111 0.61838 8.30556
v 3.61111 1.16838 8.30556
v 3.25000 1.49749 8.30556
v 3.97222 0.43006 8.30556
v 4.33333 0.00000 8.30556
v 4.33333 0.55000 8.30556
v 3.97222 0.98006 8.30556
v -5.05556 0.25226 -7.94444
v -5.05556 1.65703 -7.58333
v -5.05556 2.20703 -7.58333
v -5.05556 0.80226 -7.94444
v -4.69444 0.70095 -7.94444
v -4.69444 2.22221 -7.58333
v -4.69444 2.77221 -7.58333
v -4.69444 1.25095 -7.94444
v -4.33333 1.28928 -7.94444
v -4.33333 2.63586 -7.58333
v -4.33333 3.18586 -7.58333
v -4.33333 1.83928 -7.94444
v -2.88889 2.68372 -7.94444
v -2.88889 3.19008 -7.58333
v -2.88889 3.74008 -7.58333
v -2.88889 3.23372 -7.94444
v -5.41667 1.22318 -7.58333
v -5.41667 2.84236 -7.22222
v -5.41667 3.39236 -7.22222
v -5.41667 1.77318 -7.58333
v -5.05556 1.65703 -7.58333
v -5.05556 3.34784 -7.22222
v -5.05556 3.89784 -7.22222
v -5.05556 2.20703 -7.58333
v -4.33333 2.63586 -7.58333
v -4.33333 3.79573 -7.22222
v -4.33333 4.34573 -7.22222
v -4.33333 3.18586 -7.58333
v -3.97222 3.18289 -7.58333
v -3.97222 3.99127 -7.22222
v -3.97222 4.54127 -7.22222
v -3.97222 3.73289 -7.58333
v -3.25000 3.77067 -7.58333
v -3.25000 4.64488 -7.22222
v -3.25000 5.19488 -7.22222
v -3.25000 4.32067 -7.58333
v -2.88889 3.19008 -7.58333
v -2.88889 4.04950 -7.22222
v -2.88889 4.59950 -7.22222
v -2.88889 3.74008 -7.58333
v -1.80556 2.65895 -7.58333
v -1.80556 3.06183 -7.22222
v -1.80556 3.61183 -7.22222
v -1.80556 3.20895 -7.58333
v -6.13889 1.02914 -7.22222
v -6.13889 2.38710 -6.86111
v -6.13889 2.93710 -6.86111
v -6.13889 1.57914 -7.22222
v -5.77778 1.67117 -7.22222
v -5.77778 2.98961 -6.86111
v -5.77778 3.53961 -6.86111
v -5.77778 2.22117 -7.22222
v -5.41667 2.84236 -7.22222
v -5.41667 4.39044 -6.86111
v -5.41667 4.94044 -6.86111
v -5.41667 3.39236 -7.22222
v -3.97222 3.99127 -7.22222
v -3.97222 4.93599 -6.86111
v -3.97222 5.48599 -6.86111
v -3.97222 4.54127 -7.22222
v -3.25000 4.64488 -7.22222
v -3.25000 5.58001 -6.86111
v -3.25000 6.13001 -6.86111
v -3.25000 5.19488 -7.22222
v -2.16667 3.67084 -7.22222
v -2.16667 4.63341 -6.86111
v -2.16667 5.18341 -6.86111
v -2.16667 4.22084 -7.22222
v -0.72222 2.81649 -7.22222
v -0.72222 3.29186 -6.86111
v -0.72222 3.84186 -6.86111
v -0.72222 3.36649 -7.22222
v 2.16667 1.14937 -7.22222
v 2.16667 2.75355 -6.86111
v 2.16667 3.30355 -6.86111
v 2.16667 1.69937 -7.22222
v -7.22222 1.01046 -6.86111
v -7.22222 1.01330 -6.50000
v -7.22222 1.56330 -6.50000
v -7.22222 1.56046 -6.86111
v -6.13889 2.38710 -6.86111
v -6.13889 4.10928 -6.50000
v -6.13889 4.65928 -6.50000
v -6.13889 2.93710 -6.86111
v -5.77778 2.98961 -6.86111
v -5.77778 4.66549 -6.50000
v -5.77778 5.21549 -6.50000
v -5.77778 3.53961 -6.86111
v -5.41667 4.39044 -6.86111
v -5.41667 5.80224 -6.50000
v -5.41667 6.35224 -6.50000
v -5.41667 4.94044 -6.86111
v -3.97222 4.93599 -6.86111
v -3.97222 6.06711 -6.50000
v -3.97222 6.61711 -6.50000
v -3.97222 5.48599 -6.86111
v -2.16667 4.63341 -6.86111
v -2.16667 5.94024 -6.50000
v -2.16667 6.49024 -6.50000
v -2.16667 5.18341 -6.86111
v -1.08333 3.81974 -6.86111
v -1.08333 4.79522 -6.50000
v -1.08333 5.34522 -6.50000
v -1.08333 4.36974 -6.86111
v 2.52778 2.34747 -6.86111
v 2.52778 4.14367 -6.50000
v 2.52778 4.69367 -6.50000
v 2.52778 2.89747 -6.86111
v 2.88889 1.78937 -6.86111
v 2.88889 3.73711 -6.50000
v 2.88889 4.28711 -6.50000
v 2.88889 2.33937 -6.86111
v 3.61111 1.15639 -6.86111
v 3.61111 1.93524 -6.50000
v 3.61111 2.48524 -6.50000
v 3.61111 1.70639 -6.86111
v -7.22222 1.01330 -6.50000
v -7.22222 0.99373 -6.13889
v -7.22222 1.54373 -6.13889
v -7.22222 1.56330 -6.50000
v -6.86111 2.36312 -6.50000
v -6.86111 2.35324 -6.13889
v -6.86111 2.90324 -6.13889
v -6.86111 2.91312 -6.50000
v -6.13889 4.10928 -6.50000
v -6.13889 6.18069 -6.13889
v -6.13889 6.73069 -6.13889
v -6.13889 4.65928 -6.50000
v -5.77778 4.66549 -6.50000
v -5.77778 6.61756 -6.13889
v -5.77778 7.16756 -6.13889
v -5.77778 5.21549 -6.50000
v -5.41667 5.80224 -6.50000
v -5.41667 7.41890 -6.13889
v -5.41667 7.96890 -6.13889
v -5.41667 6.35224 -6.50000
v -3.97222 6.06711 -6.50000
v -3.97222 7.41365 -6.13889
v -3.97222 7.96365 -6.13889
v -3.97222 6.61711 -6.50000
v -2.52778 6.62994 -6.50000
v -2.52778 8.31079 -6.13889
v -2.52778 8.86079 -6.13889
v -2.52778 7.17994 -6.50000
v -2.16667 5.94024 -6.50000
v -2.16667 7.73164 -6.13889
v -2.16667 8.28164 -6.13889
v -2.16667 6.49024 -6.50000
v -1.08333 4.79522 -6.50000
v -1.08333 6.18135 -6.13889
v -1.08333 6.73135 -6.13889
v -1.08333 5.34522 -6.50000
v 2.88889 3.73711 -6.50000
v 2.88889 5.48779 -6.13889
v 2.88889 6.03779 -6.13889
v 2.88889 4.28711 -6.50000
v 3.25000 3.21938 -6.50000
v 3.25000 4.79924 -6.13889
v 3.25000 5.34924 -6.13889
v 3.25000 3.76938 -6.50000
v 3.61111 1.93524 -6.50000
v 3.61111 3.35930 -6.13889
v 3.61111 3.90930 -6.13889
v 3.61111 2.48524 -6.50000
v 5.77778 1.04020 -6.50000
v 5.77778 1.49746 -6.13889
v 5.77778 2.04746 -6.13889
v 5.77778 1.59020 -6.50000
v -7.22222 0.99373 -6.13889
v -7.22222 1.50808 -5.77778
v -7.22222 2.05808 -5.77778
v -7.22222 1.54373 -6.13889
v -6.86111 2.35324 -6.13889
v -6.86111 2.81193 -5.77778
v -6.86111 3.36193 -5.77778
v -6.86111 2.90324 -6.13889
v -6.50000 4.13646 -6.13889
v -6.50000 4.64876 -5.77778
v -6.50000 5.19876 -5.77778
v -6.50000 4.68646 -6.13889
v -6.13889 6.18069 -6.13889
v -6.13889 6.64087 -5.77778
v -6.13889 7.19087 -5.77778
v -6.13889 6.73069 -6.13889
v -5.77778 6.61756 -6.13889
v -5.77778 8.18611 -5.77778
v -5.77778 8.73611 -5.77778
v -5.77778 7.16756 -6.13889
v -5.41667 7.41890 -6.13889
v -5.41667 8.15085 -5.77778
v -5.41667 8.70085 -5.77778
v -5.41667 7.96890 -6.13889
v -3.25000 7.51573 -6.13889
v -3.25000 7.29003 -5.77778
v -3.25000 7.84003 -5.77778
v -3.25000 8.06573 -6.13889
v -2.52778 8.31079 -6.13889
v -2.52778 8.34076 -5.77778
v -2.52778 8.89076 -5.77778
v -2.52778 8.86079 -6.13889
v -2.16667 7.73164 -6.13889
v -2.16667 8.69550 -5.77778
v -2.16667 9.24550 -5.77778
v -2.16667 8.28164 -6.13889
v -1.44444 6.85738 -6.13889
v -1.44444 9.14646 -5.77778
v -1.44444 9.69646 -5.77778
v -1.44444 7.40738 -6.13889
v -1.08333 6.18135 -6.13889
v -1.08333 8.40841 -5.77778
v -1.08333 8.95841 -5.77778
v -1.08333 6.73135 -6.13889
v 2.88889 5.48779 -6.13889
v 2.88889 7.05899 -5.77778
v 2.88889 7.60899 -5.77778
v 2.88889 6.03779 -6.13889
v 3.25000 4.79924 -6.13889
v 3.25000 6.06886 -5.77778
v 3.25000 6.61886 -5.77778
v 3.25000 5.34924 -6.13889
v 3.61111 3.35930 -6.13889
v 3.61111 4.92215 -5.77778
v 3.61111 5.47215 -5.77778
v 3.61111 3.90930 -6.13889
v 5.41667 2.35429 -6.13889
v 5.41667 3.57959 -5.77778
v 5.41667 4.12959 -5.77778
v 5.41667 2.90429 -6.13889
v 5.77778 1.49746 -6.13889
v 5.77778 2.56509 -5.77778
v 5.77778 3.11509 -5.77778
v 5.77778 2.04746 -6.13889
v 6.50000 0.94924 -6.13889
v 6.50000 0.89781 -5.77778
v 6.50000 1.44781 -5.77778
v 6.50000 1.49924 -6.13889
v -7.58333 0.96945 -5.77778
v -7.58333 0.98735 -5.41667
v -7.58333 1.53735 -5.41667
v -7.58333 1.51945 -5.77778
v -7.22222 1.50808 -5.77778
v -7.22222 2.41608 -5.41667
v -7.22222 2.96608 -5.41667
v -7.22222 2.05808 -5.77778
v -6.86111 2.81193 -5.77778
v -6.86111 4.01766 -5.41667
v -6.86111 4.56766 -5.41667
v -6.86111 3.36193 -5.77778
v -6.50000 4.64876 -5.77778
v -6.50000 5.72362 -5.41667
v -6.50000 6.27362 -5.41667
v -6.50000 5.19876 -5.77778
v -6.13889 6.64087 -5.77778
v -6.13889 7.44761 -5.41667
v -6.13889 7.99761 -5.41667
v -6.13889 7.19087 -5.77778
v -1.44444 9.14646 -5.77778
v -1.44444 9.48245 -5.41667
v -1.44444 10.03245 -5.41667
v -1.44444 9.69646 -5.77778
v -1.08333 8.40841 -5.77778
v -1.08333 9.50000 -5.41667
v -1.08333 10.05000 -5.41667
v -1.08333 8.95841 -5.77778
v 2.88889 7.05899 -5.77778
v 2.88889 8.30294 -5.41667
v 2.88889 8.85294 -5.41667
v 2.88889 7.60899 -5.77778
v 3.25000 6.06886 -5.77778
v 3.25000 7.24499 -5.41667
v 3.25000 7.79499 -5.41667
v 3.25000 6.61886 -5.77778
v 3.61111 4.92215 -5.77778
v 3.61111 6.32576 -5.41667
v 3.61111 6.87576 -5.41667
v 3.61111 5.47215 -5.77778
v 5.41667 3.57959 -5.77778
v 5.41667 4.85357 -5.41667
v 5.41667 5.40357 -5.41667
v 5.41667 4.12959 -5.77778
v 6.13889 2.17357 -5.77778
v 6.13889 2.40839 -5.41667
v 6.13889 2.95839 -5.41667
v 6.13889 2.72357 -5.77778
v 6.50000 0.89781 -5.77778
v 6.50000 1.29694 -5.41667
v 6.50000 1.84694 -5.41667
v 6.50000 1.44781 -5.77778
v -7.58333 0.98735 -5.41667
v -7.58333 1.11108 -5.05556
v -7.58333 1.66108 -5.05556
v -7.58333 1.53735 -5.41667
v -7.22222 2.41608 -5.41667
v -7.22222 2.72251 -5.05556
v -7.22222 3.27251 -5.05556
v -7.22222 2.96608 -5.41667
v -6.86111 4.01766 -5.41667
v -6.86111 4.64117 -5.05556
v -6.86111 5.19117 -5.05556
v -6.86111 4.56766 -5.41667
v -6.50000 5.72362 -5.41667
v -6.50000 6.60174 -5.05556
v -6.50000 7.15174 -5.05556
v -6.50000 6.27362 -5.41667
v -6.13889 7.44761 -5.41667
v -6.13889 8.21677 -5.05556
v -6.13889 8.76677 -5.05556
v -6.13889 7.99761 -5.41667
v 1.80556 9.47567 -5.41667
v 1.80556 9.46326 -5.05556
v 1.80556 10.01326 -5.05556
v 1.80556 10.02567 -5.41667
v 2.88889 8.30294 -5.41667
v 2.88889 7.86179 -5.05556
v 2.88889 8.41179 -5.05556
v 2.88889 8.85294 -5.41667
v 3.25000 7.24499 -5.41667
v 3.25000 7.49039 -5.05556
v 3.25000 8.04039 -5.05556
v 3.25000 7.79499 -5.41667
v 3.61111 6.32576 -5.41667
v 3.61111 7.26037 -5.05556
v 3.61111 7.81037 -5.05556
v 3.61111 6.87576 -5.41667
v 5.05556 5.68273 -5.41667
v 5.05556 7.36706 -5.05556
v 5.05556 7.91706 -5.05556
v 5.05556 6.23273 -5.41667
v 5.41667 4.85357 -5.41667
v 5.41667 6.45794 -5.05556
v 5.41667 7.00794 -5.05556
v 5.41667 5.40357 -5.41667
v 5.77778 3.96610 -5.41667
v 5.77778 4.62106 -5.05556
v 5.77778 5.17106 -5.05556
v 5.77778 4.51610 -5.41667
v 6.13889 2.40839 -5.41667
v 6.13889 3.19251 -5.05556
v 6.13889 3.74251 -5.05556
v 6.13889 2.95839 -5.41667
v 6.50000 1.29694 -5.41667
v 6.50000 1.93248 -5.05556
v 6.50000 2.48248 -5.05556
v 6.50000 1.84694 -5.41667
v 6.86111 0.81134 -5.41667
v 6.86111 0.77208 -5.05556
v 6.86111 1.32208 -5.05556
v 6.86111 1.36134 -5.41667
v -7.58333 1.11108 -5.05556
v -7.58333 1.78790 -4.69444
v -7.58333 2.33790 -4.69444
v -7.58333 1.66108 -5.05556
v -7.22222 2.72251 -5.05556
v -7.22222 3.39828 -4.69444
v -7.22222 3.94828 -4.69444
v -7.22222 3.27251 -5.05556
v -6.86111 4.64117 -5.05556
v -6.86111 5.12814 -4.69444
v -6.86111 5.67814 -4.69444
v -6.86111 5.19117 -5.05556
v -6.50000 6.60174 -5.05556
v -6.50000 6.83640 -4.69444
v -6.50000 7.38640 -4.69444
v -6.50000 7.15174 -5.05556
v 1.80556 9.46326 -5.05556
v 1.80556 9.50000 -4.69444
v 1.80556 10.05000 -4.69444
v 1.80556 10.01326 -5.05556
v 2.16667 8.84701 -5.05556
v 2.16667 8.90477 -4.69444
v 2.16667 9.45477 -4.69444
v 2.16667 9.39701 -5.05556
v 2.52778 8.32564 -5.05556
v 2.52778 8.22795 -4.69444
v 2.52778 8.77795 -4.69444
v 2.52778 8.87564 -5.05556
v 5.05556 7.36706 -5.05556
v 5.05556 7.14708 -4.69444
v 5.05556 7.69708 -4.69444
v 5.05556 7.91706 -5.05556
v 5.41667 6.45794 -5.05556
v 5.41667 7.13831 -4.69444
v 5.41667 7.68831 -4.69444
v 5.41667 7.00794 -5.05556
v 5.77778 4.62106 -5.05556
v 5.77778 5.45974 -4.69444
v 5.77778 6.00974 -4.69444
v 5.77778 5.17106 -5.05556
v 6.13889 3.19251 -5.05556
v 6.13889 3.59997 -4.69444
v 6.13889 4.14997 -4.69444
v 6.13889 3.74251 -5.05556
v 6.50000 1.93248 -5.05556
v 6.50000 2.14109 -4.69444
v 6.50000 2.69109 -4.69444
v 6.50000 2.48248 -5.05556
v 6.86111 0.77208 -5.05556
v 6.86111 1.13606 -4.69444
v 6.86111 1.68606 -4.69444
v 6.86111 1.32208 -5.05556
v -7.94444 0.98587 -4.69444
v -7.94444 1.13931 -4.33333
v -7.94444 1.68931 -4.33333
v -7.94444 1.53587 -4.69444
v -7.58333 1.78790 -4.69444
v -7.58333 2.77813 -4.33333
v -7.58333 3.32813 -4.33333
v -7.58333 2.33790 -4.69444
v -7.22222 3.39828 -4.69444
v -7.22222 4.44961 -4.33333
v -7.22222 4.99961 -4.33333
v -7.22222 3.94828 -4.69444
v -6.86111 5.12814 -4.69444
v -6.86111 5.88036 -4.33333
v -6.86111 6.43036 -4.33333
v -6.86111 5.67814 -4.69444
v -6.50000 6.83640 -4.69444
v -6.50000 7.37183 -4.33333
v -6.50000 7.92183 -4.33333
v -6.50000 7.38640 -4.69444
v 5.41667 7.13831 -4.69444
v 5.41667 6.95491 -4.33333
v 5.41667 7.50491 -4.33333
v 5.41667 7.68831 -4.69444
v 5.77778 5.45974 -4.69444
v 5.77778 5.99890 -4.33333
v 5.77778 6.54890 -4.33333
v 5.77778 6.00974 -4.69444
v 6.13889 3.59997 -4.69444
v 6.13889 4.21207 -4.33333
v 6.13889 4.76207 -4.33333
v 6.13889 4.14997 -4.69444
v 6.50000 2.14109 -4.69444
v 6.50000 2.85632 -4.33333
v 6.50000 3.40632 -4.33333
v 6.50000 2.69109 -4.69444
v 7.22222 0.71998 -4.69444
v 7.22222 1.07771 -4.33333
v 7.22222 1.62771 -4.33333
v 7.22222 1.26998 -4.69444
v -7.94444 1.13931 -4.33333
v -7.94444 1.53510 -3.97222
v -7.94444 2.08510 -3.97222
v -7.94444 1.68931 -4.33333
v -7.58333 2.77813 -4.33333
v -7.58333 3.17261 -3.97222
v -7.58333 3.72261 -3.97222
v -7.58333 3.32813 -4.33333
v -7.22222 4.44961 -4.33333
v -7.22222 4.85626 -3.97222
v -7.22222 5.40626 -3.97222
v -7.22222 4.99961 -4.33333
v -6.86111 5.88036 -4.33333
v -6.86111 6.50567 -3.97222
v -6.86111 7.05567 -3.97222
v -6.86111 6.43036 -4.33333
v -6.50000 7.37183 -4.33333
v -6.50000 7.99721 -3.97222
v -6.50000 8.54721 -3.97222
v -6.50000 7.92183 -4.33333
v 2.52778 8.37892 -4.33333
v 2.52778 8.78471 -3.97222
v 2.52778 9.33471 -3.97222
v 2.52778 8.92892 -4.33333
v 2.88889 7.65591 -4.33333
v 2.88889 8.01811 -3.97222
v 2.88889 8.56811 -3.97222
v 2.88889 8.20591 -4.33333
v 5.41667 6.95491 -4.33333
v 5.41667 6.80365 -3.97222
v 5.41667 7.35365 -3.97222
v 5.41667 7.50491 -4.33333
v 5.77778 5.99890 -4.33333
v 5.77778 6.66373 -3.97222
v 5.77778 7.21373 -3.97222
v 5.77778 6.54890 -4.33333
v 6.13889 4.21207 -4.33333
v 6.13889 5.22777 -3.97222
v 6.13889 5.77777 -3.97222
v 6.13889 4.76207 -4.33333
v 6.50000 2.85632 -4.33333
v 6.50000 3.94517 -3.97222
v 6.50000 4.49517 -3.97222
v 6.50000 3.40632 -4.33333
v 6.86111 2.02119 -4.33333
v 6.86111 2.73332 -3.97222
v 6.86111 3.28332 -3.97222
v 6.86111 2.57119 -4.33333
v 7.58333 0.69140 -4.33333
v 7.58333 0.67458 -3.97222
v 7.58333 1.22458 -3.97222
v 7.58333 1.24140 -4.33333
v -8.30556 0.25254 -3.97222
v -8.30556 0.70121 -3.61111
v -8.30556 1.25121 -3.61111
v -8.30556 0.80254 -3.97222
v -7.94444 1.53510 -3.97222
v -7.94444 2.08595 -3.61111
v -7.94444 2.63595 -3.61111
v -7.94444 2.08510 -3.97222
v -7.58333 3.17261 -3.97222
v -7.58333 3.52256 -3.61111
v -7.58333 4.07256 -3.61111
v -7.58333 3.72261 -3.97222
v -7.22222 4.85626 -3.97222
v -7.22222 4.92600 -3.61111
v -7.22222 5.47600 -3.61111
v -7.22222 5.40626 -3.97222
v -6.86111 6.50567 -3.97222
v -6.86111 6.40333 -3.61111
v -6.86111 6.95333 -3.61111
v -6.86111 7.05567 -3.97222
v 2.52778 8.78471 -3.97222
v 2.52778 9.37739 -3.61111
v 2.52778 9.92739 -3.61111
v 2.52778 9.33471 -3.97222
v 2.88889 8.01811 -3.97222
v 2.88889 8.58823 -3.61111
v 2.88889 9.13823 -3.61111
v 2.88889 8.56811 -3.97222
v 5.77778 6.66373 -3.97222
v 5.77778 6.48854 -3.61111
v 5.77778 7.03854 -3.61111
v 5.77778 7.21373 -3.97222
v 6.13889 5.22777 -3.97222
v 6.13889 6.30256 -3.61111
v 6.13889 6.85256 -3.61111
v 6.13889 5.77777 -3.97222
v 6.50000 3.94517 -3.97222
v 6.50000 4.68128 -3.61111
v 6.50000 5.23128 -3.61111
v 6.50000 4.49517 -3.97222
v 6.86111 2.73332 -3.97222
v 6.86111 3.11691 -3.61111
v 6.86111 3.66691 -3.61111
v 6.86111 3.28332 -3.97222
v 7.22222 1.66680 -3.97222
v 7.22222 1.89187 -3.61111
v 7.22222 2.44187 -3.61111
v 7.22222 2.21680 -3.97222
v 7.58333 0.67458 -3.97222
v 7.58333 1.02914 -3.61111
v 7.58333 1.57914 -3.61111
v 7.58333 1.22458 -3.97222
v -8.30556 0.70121 -3.61111
v -8.30556 2.11994 -3.25000
v -8.30556 2.66994 -3.25000
v -8.30556 1.25121 -3.61111
v -7.94444 2.08595 -3.61111
v -7.94444 2.91605 -3.25000
v -7.94444 3.46605 -3.25000
v -7.94444 2.63595 -3.61111
v -7.58333 3.52256 -3.61111
v -7.58333 3.94615 -3.25000
v -7.58333 4.49615 -3.25000
v -7.58333 4.07256 -3.61111
v -7.22222 4.92600 -3.61111
v -7.22222 5.07651 -3.25000
v -7.22222 5.62651 -3.25000
v -7.22222 5.47600 -3.61111
v -6.86111 6.40333 -3.61111
v -6.86111 6.39928 -3.25000
v -6.86111 6.94928 -3.25000
v -6.86111 6.95333 -3.61111
v 2.52778 9.37739 -3.61111
v 2.52778 9.50000 -3.25000
v 2.52778 10.05000 -3.25000
v 2.52778 9.92739 -3.61111
v 2.88889 8.58823 -3.61111
v 2.88889 9.16373 -3.25000
v 2.88889 9.71373 -3.25000
v 2.88889 9.13823 -3.61111
v 6.13889 6.30256 -3.61111
v 6.13889 6.10144 -3.25000
v 6.13889 6.65144 -3.25000
v 6.13889 6.85256 -3.61111
v 6.50000 4.68128 -3.61111
v 6.50000 5.13591 -3.25000
v 6.50000 5.68591 -3.25000
v 6.50000 5.23128 -3.61111
v 6.86111 3.11691 -3.61111
v 6.86111 3.69028 -3.25000
v 6.86111 4.24028 -3.25000
v 6.86111 3.66691 -3.61111
v 7.22222 1.89187 -3.61111
v 7.22222 2.59891 -3.25000
v 7.22222 3.14891 -3.25000
v 7.22222 2.44187 -3.61111
v 7.94444 0.68091 -3.61111
v 7.94444 0.67517 -3.25000
v 7.94444 1.22517 -3.25000
v 7.94444 1.23091 -3.61111
v -8.66667 0.70093 -3.25000
v -8.66667 1.28900 -2.88889
v -8.66667 1.83900 -2.88889
v -8.66667 1.25093 -3.25000
v -8.30556 2.11994 -3.25000
v -8.30556 2.57780 -2.88889
v -8.30556 3.12780 -2.88889
v -8.30556 2.66994 -3.25000
v -7.94444 2.91605 -3.25000
v -7.94444 3.77140 -2.88889
v -7.94444 4.32140 -2.88889
v -7.94444 3.46605 -3.25000
v -7.58333 3.94615 -3.25000
v -7.58333 4.70509 -2.88889
v -7.58333 5.25509 -2.88889
v -7.58333 4.49615 -3.25000
v -7.22222 5.07651 -3.25000
v -7.22222 5.57596 -2.88889
v -7.22222 6.12596 -2.88889
v -7.22222 5.62651 -3.25000
v -6.86111 6.39928 -3.25000
v -6.86111 6.84196 -2.88889
v -6.86111 7.39196 -2.88889
v -6.86111 6.94928 -3.25000
v 2.88889 9.16373 -3.25000
v 2.88889 9.50000 -2.88889
v 2.88889 10.05000 -2.88889
v 2.88889 9.71373 -3.25000
v 6.13889 6.10144 -3.25000
v 6.13889 6.34939 -2.88889
v 6.13889 6.89939 -2.88889
v 6.13889 6.65144 -3.25000
v 6.50000 5.13591 -3.25000
v 6.50000 6.12711 -2.88889
v 6.50000 6.67711 -2.88889
v 6.50000 5.68591 -3.25000
v 6.86111 3.69028 -3.25000
v 6.86111 4.48280 -2.88889
v 6.86111 5.03280 -2.88889
v 6.86111 4.24028 -3.25000
v 7.22222 2.59891 -3.25000
v 7.22222 2.89938 -2.88889
v 7.22222 3.44938 -2.88889
v 7.22222 3.14891 -3.25000
v 7.58333 1.61961 -3.25000
v 7.58333 1.63422 -2.88889
v 7.58333 2.18422 -2.88889
v 7.58333 2.16961 -3.25000
v 7.94444 0.67517 -3.25000
v 7.94444 0.67151 -2.88889
v 7.94444 1.22151 -2.88889
v 7.94444 1.22517 -3.25000
v -8.66667 1.28900 -2.88889
v -8.66667 1.71423 -2.52778
v -8.66667 2.26423 -2.52778
v -8.66667 1.83900 -2.88889
v -8.30556 2.57780 -2.88889
v -8.30556 2.77252 -2.52778
v -8.30556 3.32252 -2.52778
v -8.30556 3.12780 -2.88889
v -7.94444 3.77140 -2.88889
v -7.94444 3.74818 -2.52778
v -7.94444 4.29818 -2.52778
v -7.94444 4.32140 -2.88889
v -7.58333 4.70509 -2.88889
v -7.58333 4.76632 -2.52778
v -7.58333 5.31632 -2.52778
v -7.58333 5.25509 -2.88889
v -7.22222 5.57596 -2.88889
v -7.22222 6.06748 -2.52778
v -7.22222 6.61748 -2.52778
v -7.22222 6.12596 -2.88889
v -6.86111 6.84196 -2.88889
v -6.86111 7.58492 -2.52778
v -6.86111 8.13492 -2.52778
v -6.86111 7.39196 -2.88889
v 6.50000 6.12711 -2.88889
v 6.50000 6.35644 -2.52778
v 6.50000 6.90644 -2.52778
v 6.50000 6.67711 -2.88889
v 6.86111 4.48280 -2.88889
v 6.86111 4.60707 -2.52778
v 6.86111 5.15707 -2.52778
v 6.86111 5.03280 -2.88889
v 7.22222 2.89938 -2.88889
v 7.22222 2.95478 -2.52778
v 7.22222 3.50478 -2.52778
v 7.22222 3.44938 -2.88889
v 7.58333 1.63422 -2.88889
v 7.58333 1.64844 -2.52778
v 7.58333 2.19844 -2.52778
v 7.58333 2.18422 -2.88889
v 7.94444 0.67151 -2.88889
v 7.94444 0.66773 -2.52778
v 7.94444 1.21773 -2.52778
v 7.94444 1.22151 -2.88889
v -9.02778 1.17310 -2.52778
v -9.02778 1.51653 -2.16667
v -9.02778 2.06653 -2.16667
v -9.02778 1.72310 -2.52778
v -8.66667 1.71423 -2.52778
v -8.66667 2.86867 -2.16667
v -8.66667 3.41867 -2.16667
v -8.66667 2.26423 -2.52778
v -8.30556 2.77252 -2.52778
v -8.30556 3.22245 -2.16667
v -8.30556 3.77245 -2.16667
v -8.30556 3.32252 -2.52778
v -7.94444 3.74818 -2.52778
v -7.94444 3.86026 -2.16667
v -7.94444 4.41026 -2.16667
v -7.94444 4.29818 -2.52778
v -7.58333 4.76632 -2.52778
v -7.58333 4.78505 -2.16667
v -7.58333 5.33505 -2.16667
v -7.58333 5.31632 -2.52778
v -7.22222 6.06748 -2.52778
v -7.22222 6.20727 -2.16667
v -7.22222 6.75727 -2.16667
v -7.22222 6.61748 -2.52778
v 6.50000 6.35644 -2.52778
v 6.50000 6.62759 -2.16667
v 6.50000 7.17759 -2.16667
v 6.50000 6.90644 -2.52778
v 6.86111 4.60707 -2.52778
v 6.86111 4.73975 -2.16667
v 6.86111 5.28975 -2.16667
v 6.86111 5.15707 -2.52778
v 7.22222 2.95478 -2.52778
v 7.22222 3.00967 -2.16667
v 7.22222 3.55967 -2.16667
v 7.22222 3.50478 -2.52778
v 7.58333 1.64844 -2.52778
v 7.58333 1.66208 -2.16667
v 7.58333 2.21208 -2.16667
v 7.58333 2.19844 -2.52778
v 7.94444 0.66773 -2.52778
v 7.94444 0.66375 -2.16667
v 7.94444 1.21375 -2.16667
v 7.94444 1.21773 -2.52778
v -9.38889 0.82156 -2.16667
v -9.38889 1.31599 -1.80556
v -9.38889 1.86599 -1.80556
v -9.38889 1.37156 -2.16667
v -9.02778 1.51653 -2.16667
v -9.02778 1.77858 -1.80556
v -9.02778 2.32858 -1.80556
v -9.02778 2.06653 -2.16667
v -8.30556 3.22245 -2.16667
v -8.30556 3.96651 -1.80556
v -8.30556 4.51651 -1.80556
v -8.30556 3.77245 -2.16667
v -7.94444 3.86026 -2.16667
v -7.94444 4.66036 -1.80556
v -7.94444 5.21036 -1.80556
v -7.94444 4.41026 -2.16667
v -7.58333 4.78505 -2.16667
v -7.58333 5.56342 -1.80556
v -7.58333 6.11342 -1.80556
v -7.58333 5.33505 -2.16667
v -7.22222 6.20727 -2.16667
v -7.22222 7.04027 -1.80556
v -7.22222 7.59027 -1.80556
v -7.22222 6.75727 -2.16667
v 6.50000 6.62759 -2.16667
v 6.50000 6.91750 -1.80556
v 6.50000 7.46750 -1.80556
v 6.50000 7.17759 -2.16667
v 6.86111 4.73975 -2.16667
v 6.86111 4.87840 -1.80556
v 6.86111 5.42840 -1.80556
v 6.86111 5.28975 -2.16667
v 7.22222 3.00967 -2.16667
v 7.22222 3.06388 -1.80556
v 7.22222 3.61388 -1.80556
v 7.22222 3.55967 -2.16667
v 7.58333 1.66208 -2.16667
v 7.58333 1.67507 -1.80556
v 7.58333 2.22507 -1.80556
v 7.58333 2.21208 -2.16667
v 7.94444 0.66375 -2.16667
v 7.94444 0.65956 -1.80556
v 7.94444 1.20956 -1.80556
v 7.94444 1.21375 -2.16667
v -9.38889 1.31599 -1.80556
v -9.38889 1.74364 -1.44444
v -9.38889 2.29364 -1.44444
v -9.38889 1.86599 -1.80556
v -9.02778 1.77858 -1.80556
v -9.02778 1.93683 -1.44444
v -9.02778 2.48683 -1.44444
v -9.02778 2.32858 -1.80556
v -8.66667 2.96697 -1.80556
v -8.66667 3.05167 -1.44444
v -8.66667 3.60167 -1.44444
v -8.66667 3.51697 -1.80556
v -8.30556 3.96651 -1.80556
v -8.30556 4.08690 -1.44444
v -8.30556 4.63690 -1.44444
v -8.30556 4.51651 -1.80556
v -7.94444 4.66036 -1.80556
v -7.94444 5.16904 -1.44444
v -7.94444 5.71904 -1.44444
v -7.94444 5.21036 -1.80556
v -7.58333 5.56342 -1.80556
v -7.58333 6.65483 -1.44444
v -7.58333 7.20483 -1.44444
v -7.58333 6.11342 -1.80556
v -7.22222 7.04027 -1.80556
v -7.22222 8.19917 -1.44444
v -7.22222 8.74917 -1.44444
v -7.22222 7.59027 -1.80556
v 6.50000 6.91750 -1.80556
v 6.50000 7.16630 -1.44444
v 6.50000 7.71630 -1.44444
v 6.50000 7.46750 -1.80556
v 6.86111 4.87840 -1.80556
v 6.86111 5.01630 -1.44444
v 6.86111 5.56630 -1.44444
v 6.86111 5.42840 -1.80556
v 7.22222 3.06388 -1.80556
v 7.22222 3.11980 -1.44444
v 7.22222 3.66980 -1.44444
v 7.22222 3.61388 -1.80556
v 7.58333 1.67507 -1.80556
v 7.58333 1.68797 -1.44444
v 7.58333 2.23797 -1.44444
v 7.58333 2.22507 -1.80556
v 7.94444 0.65956 -1.80556
v 7.94444 0.65524 -1.44444
v 7.94444 1.20524 -1.44444
v 7.94444 1.20956 -1.80556
v -9.02778 1.93683 -1.44444
v -9.02778 1.97984 -1.08333
v -9.02778 2.52984 -1.08333
v -9.02778 2.48683 -1.44444
v -8.66667 3.05167 -1.44444
v -8.66667 3.12468 -1.08333
v -8.66667 3.67468 -1.08333
v -8.66667 3.60167 -1.44444
v -8.30556 4.08690 -1.44444
v -8.30556 4.31647 -1.08333
v -8.30556 4.86647 -1.08333
v -8.30556 4.63690 -1.44444
v -7.94444 5.16904 -1.44444
v -7.94444 5.58224 -1.08333
v -7.94444 6.13224 -1.08333
v -7.94444 5.71904 -1.44444
v -7.58333 6.65483 -1.44444
v -7.58333 7.07308 -1.08333
v -7.58333 7.62308 -1.08333
v -7.58333 7.20483 -1.44444
v 6.50000 7.16630 -1.44444
v 6.50000 7.43921 -1.08333
v 6.50000 7.98921 -1.08333
v 6.50000 7.71630 -1.44444
v 6.86111 5.01630 -1.44444
v 6.86111 5.21515 -1.08333
v 6.86111 5.76515 -1.08333
v 6.86111 5.56630 -1.44444
v 7.22222 3.11980 -1.44444
v 7.22222 3.20256 -1.08333
v 7.22222 3.75256 -1.08333
v 7.22222 3.66980 -1.44444
v 7.58333 1.68797 -1.44444
v 7.58333 1.70519 -1.08333
v 7.58333 2.25519 -1.08333
v 7.58333 2.23797 -1.44444
v 7.94444 0.65524 -1.44444
v 7.94444 0.65124 -1.08333
v 7.94444 1.20124 -1.08333
v 7.94444 1.20524 -1.44444
v -9.02778 1.97984 -1.08333
v -9.02778 3.14109 -0.72222
v -9.02778 3.69109 -0.72222
v -9.02778 2.52984 -1.08333
v -8.66667 3.12468 -1.08333
v -8.66667 3.65387 -0.72222
v -8.66667 4.20387 -0.72222
v -8.66667 3.67468 -1.08333
v -8.30556 4.31647 -1.08333
v -8.30556 4.74184 -0.72222
v -8.30556 5.29184 -0.72222
v -8.30556 4.86647 -1.08333
v -7.94444 5.58224 -1.08333
v -7.94444 6.03314 -0.72222
v -7.94444 6.58314 -0.72222
v -7.94444 6.13224 -1.08333
v -7.58333 7.07308 -1.08333
v -7.58333 7.47883 -0.72222
v -7.58333 8.02883 -0.72222
v -7.58333 7.62308 -1.08333
v 6.50000 7.43921 -1.08333
v 6.50000 7.78713 -0.72222
v 6.50000 8.33713 -0.72222
v 6.50000 7.98921 -1.08333
v 6.86111 5.21515 -1.08333
v 6.86111 5.54943 -0.72222
v 6.86111 6.09943 -0.72222
v 6.86111 5.76515 -1.08333
v 7.22222 3.20256 -1.08333
v 7.22222 3.36639 -0.72222
v 7.22222 3.91639 -0.72222
v 7.22222 3.75256 -1.08333
v 7.58333 1.70519 -1.08333
v 7.58333 1.73959 -0.72222
v 7.58333 2.28959 -0.72222
v 7.58333 2.25519 -1.08333
v 7.94444 0.65124 -1.08333
v 7.94444 0.64878 -0.72222
v 7.94444 1.19878 -0.72222
v 7.94444 1.20124 -1.08333
v -9.02778 3.14109 -0.72222
v -9.02778 2.70627 -0.36111
v -9.02778 3.25627 -0.36111
v -9.02778 3.69109 -0.72222
v -8.66667 3.65387 -0.72222
v -8.66667 4.16852 -0.36111
v -8.66667 4.71852 -0.36111
v -8.66667 4.20387 -0.72222
v -8.30556 4.74184 -0.72222
v -8.30556 5.41610 -0.36111
v -8.30556 5.96610 -0.36111
v -8.30556 5.29184 -0.72222
v -7.94444 6.03314 -0.72222
v -7.94444 6.58135 -0.36111
v -7.94444 7.13135 -0.36111
v -7.94444 6.58314 -0.72222
v -7.58333 7.47883 -0.72222
v -7.58333 7.95925 -0.36111
v -7.58333 8.50925 -0.36111
v -7.58333 8.02883 -0.72222
v 6.50000 7.78713 -0.72222
v 6.50000 8.09954 -0.36111
v 6.50000 8.64954 -0.36111
v 6.50000 8.33713 -0.72222
v 6.86111 5.54943 -0.72222
v 6.86111 5.91533 -0.36111
v 6.86111 6.46533 -0.36111
v 6.86111 6.09943 -0.72222
v 7.22222 3.36639 -0.72222
v 7.22222 3.58309 -0.36111
v 7.22222 4.13309 -0.36111
v 7.22222 3.91639 -0.72222
v 7.58333 1.73959 -0.72222
v 7.58333 1.78947 -0.36111
v 7.58333 2.33947 -0.36111
v 7.58333 2.28959 -0.72222
v 7.94444 0.64878 -0.72222
v 7.94444 0.64825 -0.36111
v 7.94444 1.19825 -0.36111
v 7.94444 1.19878 -0.72222
v -9.38889 1.41195 -0.36111
v -9.38889 0.57691 0.00000
v -9.38889 1.12691 0.00000
v -9.38889 1.96195 -0.36111
v -9.02778 2.70627 -0.36111
v -9.02778 1.92130 0.00000
v -9.02778 2.47130 0.00000
v -9.02778 3.25627 -0.36111
v -8.66667 4.16852 -0.36111
v -8.66667 3.45418 0.00000
v -8.66667 4.00418 0.00000
v -8.66667 4.71852 -0.36111
v -8.30556 5.41610 -0.36111
v -8.30556 5.10829 0.00000
v -8.30556 5.65829 0.00000
v -8.30556 5.96610 -0.36111
v -7.94444 6.58135 -0.36111
v -7.94444 6.85715 0.00000
v -7.94444 7.40715 0.00000
v -7.94444 7.13135 -0.36111
v 6.50000 8.09954 -0.36111
v 6.50000 8.31980 0.00000
v 6.50000 8.86980 0.00000
v 6.50000 8.64954 -0.36111
v 6.86111 5.91533 -0.36111
v 6.86111 6.14848 0.00000
v 6.86111 6.69848 0.00000
v 6.86111 6.46533 -0.36111
v 7.22222 3.58309 -0.36111
v 7.22222 3.72983 0.00000
v 7.22222 4.27983 0.00000
v 7.22222 4.13309 -0.36111
v 7.58333 1.78947 -0.36111
v 7.58333 1.82839 0.00000
v 7.58333 2.37839 0.00000
v 7.58333 2.33947 -0.36111
v 7.94444 0.64825 -0.36111
v 7.94444 0.64829 0.00000
v 7.94444 1.19829 0.00000
v 7.94444 1.19825 -0.36111
v -9.38889 0.57691 0.00000
v -9.38889 0.09691 0.36111
v -9.38889 0.64691 0.36111
v -9.38889 1.12691 0.00000
v -9.02778 1.92130 0.00000
v -9.02778 1.40478 0.36111
v -9.02778 1.95478 0.36111
v -9.02778 2.47130 0.00000
v -8.66667 3.45418 0.00000
v -8.66667 2.92440 0.36111
v -8.66667 3.47440 0.36111
v -8.66667 4.00418 0.00000
v -8.30556 5.10829 0.00000
v -8.30556 4.59124 0.36111
v -8.30556 5.14124 0.36111
v -8.30556 5.65829 0.00000
v -7.94444 6.85715 0.00000
v -7.94444 6.38048 0.36111
v -7.94444 6.93048 0.36111
v -7.94444 7.40715 0.00000
v -7.58333 8.39723 0.00000
v -7.58333 7.98136 0.36111
v -7.58333 8.53136 0.36111
v -7.58333 8.94723 0.00000
v 6.50000 8.31980 0.00000
v 6.50000 8.18094 0.36111
v 6.50000 8.73094 0.36111
v 6.50000 8.86980 0.00000
v 6.86111 6.14848 0.00000
v 6.86111 6.14155 0.36111
v 6.86111 6.69155 0.36111
v 6.86111 6.69848 0.00000
v 7.22222 3.72983 0.00000
v 7.22222 3.75984 0.36111
v 7.22222 4.30984 0.36111
v 7.22222 4.27983 0.00000
v 7.58333 1.82839 0.00000
v 7.58333 1.84860 0.36111
v 7.58333 2.39860 0.36111
v 7.58333 2.37839 0.00000
v 7.94444 0.64829 0.00000
v 7.94444 0.66637 0.36111
v 7.94444 1.21637 0.36111
v 7.94444 1.19829 0.00000
v -9.38889 0.09691 0.36111
v -9.38889 0.00582 0.72222
v -9.38889 0.55582 0.72222
v -9.38889 0.64691 0.36111
v -9.02778 1.40478 0.36111
v -9.02778 1.20806 0.72222
v -9.02778 1.75806 0.72222
v -9.02778 1.95478 0.36111
v -8.66667 2.92440 0.36111
v -8.66667 2.64132 0.72222
v -8.66667 3.19132 0.72222
v -8.66667 3.47440 0.36111
v -8.30556 4.59124 0.36111
v -8.30556 4.24950 0.72222
v -8.30556 4.79950 0.72222
v -8.30556 5.14124 0.36111
v -7.94444 6.38048 0.36111
v -7.94444 6.01121 0.72222
v -7.94444 6.56121 0.72222
v -7.94444 6.93048 0.36111
v -7.58333 7.98136 0.36111
v -7.58333 7.62034 0.72222
v -7.58333 8.17034 0.72222
v -7.58333 8.53136 0.36111
v 6.50000 8.18094 0.36111
v 6.50000 8.01586 0.72222
v 6.50000 8.56586 0.72222
v 6.50000 8.73094 0.36111
v 6.86111 6.14155 0.36111
v 6.86111 6.15364 0.72222
v 6.86111 6.70364 0.72222
v 6.86111 6.69155 0.36111
v 7.22222 3.75984 0.36111
v 7.22222 3.89002 0.72222
v 7.22222 4.44002 0.72222
v 7.22222 4.30984 0.36111
v 7.58333 1.84860 0.36111
v 7.58333 1.95975 0.72222
v 7.58333 2.50975 0.72222
v 7.58333 2.39860 0.36111
v 7.94444 0.66637 0.36111
v 7.94444 0.68589 0.72222
v 7.94444 1.23589 0.72222
v 7.94444 1.21637 0.36111
v -9.02778 1.20806 0.72222
v -9.02778 1.07674 1.08333
v -9.02778 1.62674 1.08333
v -9.02778 1.75806 0.72222
v -8.66667 2.64132 0.72222
v -8.66667 2.40361 1.08333
v -8.66667 2.95361 1.08333
v -8.66667 3.19132 0.72222
v -8.30556 4.24950 0.72222
v -8.30556 3.93471 1.08333
v -8.30556 4.48471 1.08333
v -8.30556 4.79950 0.72222
v -7.94444 6.01121 0.72222
v -7.94444 5.65268 1.08333
v -7.94444 6.20268 1.08333
v -7.94444 6.56121 0.72222
v 6.50000 8.01586 0.72222
v 6.50000 7.87888 1.08333
v 6.50000 8.42888 1.08333
v 6.50000 8.56586 0.72222
v 6.86111 6.15364 0.72222
v 6.86111 6.36749 1.08333
v 6.86111 6.91749 1.08333
v 6.86111 6.70364 0.72222
v 7.22222 3.89002 0.72222
v 7.22222 4.25503 1.08333
v 7.22222 4.80503 1.08333
v 7.22222 4.44002 0.72222
v 7.58333 1.95975 0.72222
v 7.58333 2.41028 1.08333
v 7.58333 2.96028 1.08333
v 7.58333 2.50975 0.72222
v 7.94444 0.68589 0.72222
v 7.94444 1.17750 1.08333
v 7.94444 1.72750 1.08333
v 7.94444 1.23589 0.72222
v -9.02778 1.07674 1.08333
v -9.02778 0.95090 1.44444
v -9.02778 1.50090 1.44444
v -9.02778 1.62674 1.08333
v -8.66667 2.40361 1.08333
v -8.66667 2.17105 1.44444
v -8.66667 2.72105 1.44444
v -8.66667 2.95361 1.08333
v -8.30556 3.93471 1.08333
v -8.30556 3.62450 1.44444
v -8.30556 4.17450 1.44444
v -8.30556 4.48471 1.08333
v -7.94444 5.65268 1.08333
v -7.94444 5.29789 1.44444
v -7.94444 5.84789 1.44444
v -7.94444 6.20268 1.08333
v 6.50000 7.87888 1.08333
v 6.50000 7.76429 1.44444
v 6.50000 8.31429 1.44444
v 6.50000 8.42888 1.08333
v 6.86111 6.36749 1.08333
v 6.86111 6.90873 1.44444
v 6.86111 7.45873 1.44444
v 6.86111 6.91749 1.08333
v 7.22222 4.25503 1.08333
v 7.22222 5.02830 1.44444
v 7.22222 5.57830 1.44444
v 7.22222 4.80503 1.08333
v 7.58333 2.41028 1.08333
v 7.58333 3.36872 1.44444
v 7.58333 3.91872 1.44444
v 7.58333 2.96028 1.08333
v 7.94444 1.17750 1.08333
v 7.94444 1.96707 1.44444
v 7.94444 2.51707 1.44444
v 7.94444 1.72750 1.08333
v 8.30556 0.66850 1.08333
v 8.30556 0.71945 1.44444
v 8.30556 1.26945 1.44444
v 8.30556 1.21850 1.08333
v -9.02778 0.95090 1.44444
v -9.02778 0.83434 1.80556
v -9.02778 1.38434 1.80556
v -9.02778 1.50090 1.44444
v -8.66667 2.17105 1.44444
v -8.66667 1.95541 1.80556
v -8.66667 2.50541 1.80556
v -8.66667 2.72105 1.44444
v -8.30556 3.62450 1.44444
v -8.30556 3.33645 1.80556
v -8.30556 3.88645 1.80556
v -8.30556 4.17450 1.44444
v -7.94444 5.29789 1.44444
v -7.94444 4.96773 1.80556
v -7.94444 5.51773 1.80556
v -7.94444 5.84789 1.44444
v 6.50000 7.76429 1.44444
v 6.50000 7.66809 1.80556
v 6.50000 8.21809 1.80556
v 6.50000 8.31429 1.44444
v 6.86111 6.90873 1.44444
v 6.86111 7.45562 1.80556
v 6.86111 8.00562 1.80556
v 6.86111 7.45873 1.44444
v 7.22222 5.02830 1.44444
v 7.22222 5.68206 1.80556
v 7.22222 6.23206 1.80556
v 7.22222 5.57830 1.44444
v 7.58333 3.36872 1.44444
v 7.58333 3.70416 1.80556
v 7.58333 4.25416 1.80556
v 7.58333 3.91872 1.44444
v 7.94444 1.96707 1.44444
v 7.94444 2.05139 1.80556
v 7.94444 2.60139 1.80556
v 7.94444 2.51707 1.44444
v 8.30556 0.71945 1.44444
v 8.30556 0.77718 1.80556
v 8.30556 1.32718 1.80556
v 8.30556 1.26945 1.44444
v -9.02778 0.83434 1.80556
v -9.02778 0.73258 2.16667
v -9.02778 1.28258 2.16667
v -9.02778 1.38434 1.80556
v -8.66667 1.95541 1.80556
v -8.66667 1.76691 2.16667
v -8.66667 2.31691 2.16667
v -8.66667 2.50541 1.80556
v -8.30556 3.33645 1.80556
v -8.30556 3.08403 2.16667
v -8.30556 3.63403 2.16667
v -8.30556 3.88645 1.80556
v -7.94444 4.96773 1.80556
v -7.94444 4.67728 2.16667
v -7.94444 5.22728 2.16667
v -7.94444 5.51773 1.80556
v 6.86111 7.45562 1.80556
v 6.86111 7.32922 2.16667
v 6.86111 7.87922 2.16667
v 6.86111 8.00562 1.80556
v 7.22222 5.68206 1.80556
v 7.22222 5.61973 2.16667
v 7.22222 6.16973 2.16667
v 7.22222 6.23206 1.80556
v 7.58333 3.70416 1.80556
v 7.58333 3.71544 2.16667
v 7.58333 4.26544 2.16667
v 7.58333 4.25416 1.80556
v 7.94444 2.05139 1.80556
v 7.94444 2.08853 2.16667
v 7.94444 2.63853 2.16667
v 7.94444 2.60139 1.80556
v 8.30556 0.77718 1.80556
v 8.30556 0.80937 2.16667
v 8.30556 1.35937 2.16667
v 8.30556 1.32718 1.80556
v -9.02778 0.73258 2.16667
v -9.02778 0.64800 2.52778
v -9.02778 1.19800 2.52778
v -9.02778 1.28258 2.16667
v -8.66667 1.76691 2.16667
v -8.66667 1.60995 2.52778
v -8.66667 2.15995 2.52778
v -8.66667 2.31691 2.16667
v -8.30556 3.08403 2.16667
v -8.30556 2.62697 2.52778
v -8.30556 3.17697 2.52778
v -8.30556 3.63403 2.16667
v -7.94444 4.67728 2.16667
v -7.94444 3.75625 2.52778
v -7.94444 4.30625 2.52778
v -7.94444 5.22728 2.16667
v 6.86111 7.32922 2.16667
v 6.86111 7.10610 2.52778
v 6.86111 7.65610 2.52778
v 6.86111 7.87922 2.16667
v 7.22222 5.61973 2.16667
v 7.22222 5.65015 2.52778
v 7.22222 6.20015 2.52778
v 7.22222 6.16973 2.16667
v 7.58333 3.71544 2.16667
v 7.58333 3.90309 2.52778
v 7.58333 4.45309 2.52778
v 7.58333 4.26544 2.16667
v 7.94444 2.08853 2.16667
v 7.94444 2.39100 2.52778
v 7.94444 2.94100 2.52778
v 7.94444 2.63853 2.16667
v 8.30556 0.80937 2.16667
v 8.30556 1.24613 2.52778
v 8.30556 1.79613 2.52778
v 8.30556 1.35937 2.16667
v -9.02778 0.64800 2.52778
v -9.02778 0.58032 2.88889
v -9.02778 1.13032 2.88889
v -9.02778 1.19800 2.52778
v -8.66667 1.60995 2.52778
v -8.66667 0.90975 2.88889
v -8.66667 1.45975 2.88889
v -8.66667 2.15995 2.52778
v -8.30556 2.62697 2.52778
v -8.30556 1.72674 2.88889
v -8.30556 2.27674 2.88889
v -8.30556 3.17697 2.52778
v -7.94444 3.75625 2.52778
v -7.94444 2.90111 2.88889
v -7.94444 3.45111 2.88889
v -7.94444 4.30625 2.52778
v -7.58333 5.23227 2.52778
v -7.58333 4.40592 2.88889
v -7.58333 4.95592 2.88889
v -7.58333 5.78227 2.52778
v 6.86111 7.10610 2.52778
v 6.86111 6.86253 2.88889
v 6.86111 7.41253 2.88889
v 6.86111 7.65610 2.52778
v 7.22222 5.65015 2.52778
v 7.22222 6.07554 2.88889
v 7.22222 6.62554 2.88889
v 7.22222 6.20015 2.52778
v 7.58333 3.90309 2.52778
v 7.58333 4.51554 2.88889
v 7.58333 5.06554 2.88889
v 7.58333 4.45309 2.52778
v 7.94444 2.39100 2.52778
v 7.94444 3.19126 2.88889
v 7.94444 3.74126 2.88889
v 7.94444 2.94100 2.52778
v 8.30556 1.24613 2.52778
v 8.30556 1.93256 2.88889
v 8.30556 2.48256 2.88889
v 8.30556 1.79613 2.52778
v 8.66667 0.78180 2.52778
v 8.66667 0.81240 2.88889
v 8.66667 1.36240 2.88889
v 8.66667 1.33180 2.52778
v -8.66667 0.90975 2.88889
v -8.66667 0.52410 3.25000
v -8.66667 1.07410 3.25000
v -8.66667 1.45975 2.88889
v -8.30556 1.72674 2.88889
v -8.30556 1.37520 3.25000
v -8.30556 1.92520 3.25000
v -8.30556 2.27674 2.88889
v -7.94444 2.90111 2.88889
v -7.94444 2.32336 3.25000
v -7.94444 2.87336 3.25000
v -7.94444 3.45111 2.88889
v -7.58333 4.40592 2.88889
v -7.58333 2.75791 3.25000
v -7.58333 3.30791 3.25000
v -7.58333 4.95592 2.88889
v -7.22222 5.00071 2.88889
v -7.22222 3.39761 3.25000
v -7.22222 3.94761 3.25000
v -7.22222 5.55071 2.88889
v 6.86111 6.86253 2.88889
v 6.86111 6.66427 3.25000
v 6.86111 7.21427 3.25000
v 6.86111 7.41253 2.88889
v 7.22222 6.07554 2.88889
v 7.22222 6.67655 3.25000
v 7.22222 7.22655 3.25000
v 7.22222 6.62554 2.88889
v 7.58333 4.51554 2.88889
v 7.58333 5.08364 3.25000
v 7.58333 5.63364 3.25000
v 7.58333 5.06554 2.88889
v 7.94444 3.19126 2.88889
v 7.94444 3.37855 3.25000
v 7.94444 3.92855 3.25000
v 7.94444 3.74126 2.88889
v 8.30556 1.93256 2.88889
v 8.30556 1.93485 3.25000
v 8.30556 2.48485 3.25000
v 8.30556 2.48256 2.88889
v 8.66667 0.81240 2.88889
v 8.66667 0.84195 3.25000
v 8.66667 1.39195 3.25000
v 8.66667 1.36240 2.88889
v -8.66667 0.52410 3.25000
v -8.66667 0.55957 3.61111
v -8.66667 1.10957 3.61111
v -8.66667 1.07410 3.25000
v -8.30556 1.37520 3.25000
v -8.30556 0.88133 3.61111
v -8.30556 1.43133 3.61111
v -8.30556 1.92520 3.25000
v -7.94444 2.32336 3.25000
v -7.94444 1.43067 3.61111
v -7.94444 1.98067 3.61111
v -7.94444 2.87336 3.25000
v -7.58333 2.75791 3.25000
v -7.58333 1.67425 3.61111
v -7.58333 2.22425 3.61111
v -7.58333 3.30791 3.25000
v -7.22222 3.39761 3.25000
v -7.22222 2.38418 3.61111
v -7.22222 2.93418 3.61111
v -7.22222 3.94761 3.25000
v -6.86111 4.23369 3.25000
v -6.86111 2.82956 3.61111
v -6.86111 3.37956 3.61111
v -6.86111 4.78369 3.25000
v -6.50000 4.85336 3.25000
v -6.50000 3.48537 3.61111
v -6.50000 4.03537 3.61111
v -6.50000 5.40336 3.25000
v 7.22222 6.67655 3.25000
v 7.22222 5.50483 3.61111
v 7.22222 6.05483 3.61111
v 7.22222 7.22655 3.25000
v 7.58333 5.08364 3.25000
v 7.58333 4.34869 3.61111
v 7.58333 4.89869 3.61111
v 7.58333 5.63364 3.25000
v 7.94444 3.37855 3.25000
v 7.94444 3.06824 3.61111
v 7.94444 3.61824 3.61111
v 7.94444 3.92855 3.25000
v 8.30556 1.93485 3.25000
v 8.30556 2.28298 3.61111
v 8.30556 2.83298 3.61111
v 8.30556 2.48485 3.25000
v 8.66667 0.84195 3.25000
v 8.66667 1.30540 3.61111
v 8.66667 1.85540 3.61111
v 8.66667 1.39195 3.25000
v -8.30556 0.88133 3.61111
v -8.30556 0.59476 3.97222
v -8.30556 1.14476 3.97222
v -8.30556 1.43133 3.61111
v -7.58333 1.67425 3.61111
v -7.58333 0.91602 3.97222
v -7.58333 1.46602 3.97222
v -7.58333 2.22425 3.61111
v -7.22222 2.38418 3.61111
v -7.22222 1.47724 3.97222
v -7.22222 2.02724 3.97222
v -7.22222 2.93418 3.61111
v -6.86111 2.82956 3.61111
v -6.86111 1.72493 3.97222
v -6.86111 2.27493 3.97222
v -6.86111 3.37956 3.61111
v -6.50000 3.48537 3.61111
v -6.50000 2.44750 3.97222
v -6.50000 2.99750 3.97222
v -6.50000 4.03537 3.61111
v -6.13889 4.53199 3.61111
v -6.13889 3.04664 3.97222
v -6.13889 3.59664 3.97222
v -6.13889 5.08199 3.61111
v -5.77778 5.39088 3.61111
v -5.77778 3.89944 3.97222
v -5.77778 4.44944 3.97222
v -5.77778 5.94088 3.61111
v 6.86111 6.72386 3.61111
v 6.86111 5.56527 3.97222
v 6.86111 6.11527 3.97222
v 6.86111 7.27386 3.61111
v 7.22222 5.50483 3.61111
v 7.22222 4.32290 3.97222
v 7.22222 4.87290 3.97222
v 7.22222 6.05483 3.61111
v 7.58333 4.34869 3.61111
v 7.58333 3.04801 3.97222
v 7.58333 3.59801 3.97222
v 7.58333 4.89869 3.61111
v 7.94444 3.06824 3.61111
v 7.94444 2.24321 3.97222
v 7.94444 2.79321 3.97222
v 7.94444 3.61824 3.61111
v 8.30556 2.28298 3.61111
v 8.30556 1.26910 3.97222
v 8.30556 1.81910 3.97222
v 8.30556 2.83298 3.61111
v 9.02778 0.89741 3.61111
v 9.02778 0.00000 3.97222
v 9.02778 0.55000 3.97222
v 9.02778 1.44741 3.61111
v -7.58333 0.91602 3.97222
v -7.58333 0.61870 4.33333
v -7.58333 1.16870 4.33333
v -7.58333 1.46602 3.97222
v -6.86111 1.72493 3.97222
v -6.86111 0.94418 4.33333
v -6.86111 1.49418 4.33333
v -6.86111 2.27493 3.97222
v -6.50000 2.44750 3.97222
v -6.50000 1.51384 4.33333
v -6.50000 2.06384 4.33333
v -6.50000 2.99750 3.97222
v -6.13889 3.04664 3.97222
v -6.13889 1.86681 4.33333
v -6.13889 2.41681 4.33333
v -6.13889 3.59664 3.97222
v -5.77778 3.89944 3.97222
v -5.77778 2.75465 4.33333
v -5.77778 3.30465 4.33333
v -5.77778 4.44944 3.97222
v -5.41667 5.23539 3.97222
v -5.41667 4.12963 4.33333
v -5.41667 4.67963 4.33333
v -5.41667 5.78539 3.97222
v 6.50000 6.96972 3.97222
v 6.50000 5.90334 4.33333
v 6.50000 6.45334 4.33333
v 6.50000 7.51972 3.97222
v 6.86111 5.56527 3.97222
v 6.86111 4.49022 4.33333
v 6.86111 5.04022 4.33333
v 6.86111 6.11527 3.97222
v 7.22222 4.32290 3.97222
v 7.22222 3.11076 4.33333
v 7.22222 3.66076 4.33333
v 7.22222 4.87290 3.97222
v 7.58333 3.04801 3.97222
v 7.58333 2.24691 4.33333
v 7.58333 2.79691 4.33333
v 7.58333 3.59801 3.97222
v 7.94444 2.24321 3.97222
v 7.94444 1.25228 4.33333
v 7.94444 1.80228 4.33333
v 7.94444 2.79321 3.97222
v 8.66667 0.86519 3.97222
v 8.66667 0.00000 4.33333
v 8.66667 0.55000 4.33333
v 8.66667 1.41519 3.97222
v -6.86111 0.94418 4.33333
v -6.86111 0.63391 4.69444
v -6.86111 1.18391 4.69444
v -6.86111 1.49418 4.33333
v -6.13889 1.86681 4.33333
v -6.13889 1.02514 4.69444
v -6.13889 1.57514 4.69444
v -6.13889 2.41681 4.33333
v -5.77778 2.75465 4.33333
v -5.77778 2.00903 4.69444
v -5.77778 2.55903 4.69444
v -5.77778 3.30465 4.33333
v -5.41667 4.12963 4.33333
v -5.41667 2.92539 4.69444
v -5.41667 3.47539 4.69444
v -5.41667 4.67963 4.33333
v -1.80556 5.75611 4.33333
v -1.80556 3.98313 4.69444
v -1.80556 4.53313 4.69444
v -1.80556 6.30611 4.33333
v -1.44444 6.63043 4.33333
v -1.44444 5.07675 4.69444
v -1.44444 5.62675 4.69444
v -1.44444 7.18043 4.33333
v 6.13889 7.74707 4.33333
v 6.13889 6.65207 4.69444
v 6.13889 7.20207 4.69444
v 6.13889 8.29707 4.33333
v 6.50000 5.90334 4.33333
v 6.50000 4.89420 4.69444
v 6.50000 5.44420 4.69444
v 6.50000 6.45334 4.33333
v 6.86111 4.49022 4.33333
v 6.86111 3.30641 4.69444
v 6.86111 3.85641 4.69444
v 6.86111 5.04022 4.33333
v 7.22222 3.11076 4.33333
v 7.22222 2.32458 4.69444
v 7.22222 2.87458 4.69444
v 7.22222 3.66076 4.33333
v 7.58333 2.24691 4.33333
v 7.58333 1.26695 4.69444
v 7.58333 1.81695 4.69444
v 7.58333 2.79691 4.33333
v 8.30556 0.84413 4.33333
v 8.30556 0.00000 4.69444
v 8.30556 0.55000 4.69444
v 8.30556 1.39413 4.33333
v -7.22222 0.00000 4.69444
v -7.22222 0.00000 5.05556
v -7.22222 0.55000 5.05556
v -7.22222 0.55000 4.69444
v -6.13889 1.02514 4.69444
v -6.13889 0.68432 5.05556
v -6.13889 1.23432 5.05556
v -6.13889 1.57514 4.69444
v -5.77778 2.00903 4.69444
v -5.77778 1.11038 5.05556
v -5.77778 1.66038 5.05556
v -5.77778 2.55903 4.69444
v -2.16667 3.54148 4.69444
v -2.16667 2.03033 5.05556
v -2.16667 2.58033 5.05556
v -2.16667 4.09148 4.69444
v -1.80556 3.98313 4.69444
v -1.80556 2.63257 5.05556
v -1.80556 3.18257 5.05556
v -1.80556 4.53313 4.69444
v -1.44444 5.07675 4.69444
v -1.44444 3.90723 5.05556
v -1.44444 4.45723 5.05556
v -1.44444 5.62675 4.69444
v -1.08333 6.20543 4.69444
v -1.08333 5.09104 5.05556
v -1.08333 5.64104 5.05556
v -1.08333 6.75543 4.69444
v -0.72222 7.02008 4.69444
v -0.72222 5.67950 5.05556
v -0.72222 6.22950 5.05556
v -0.72222 7.57008 4.69444
v -0.36111 6.51029 4.69444
v -0.36111 6.10490 5.05556
v -0.36111 6.65490 5.05556
v -0.36111 7.06029 4.69444
v 3.97222 8.59846 4.69444
v 3.97222 8.85550 5.05556
v 3.97222 9.40550 5.05556
v 3.97222 9.14846 4.69444
v 5.77778 8.69041 4.69444
v 5.77778 7.43455 5.05556
v 5.77778 7.98455 5.05556
v 5.77778 9.24041 4.69444
v 6.13889 6.65207 4.69444
v 6.13889 5.50282 5.05556
v 6.13889 6.05282 5.05556
v 6.13889 7.20207 4.69444
v 6.50000 4.89420 4.69444
v 6.50000 3.64622 5.05556
v 6.50000 4.19622 5.05556
v 6.50000 5.44420 4.69444
v 6.86111 3.30641 4.69444
v 6.86111 2.49975 5.05556
v 6.86111 3.04975 5.05556
v 6.86111 3.85641 4.69444
v 7.22222 2.32458 4.69444
v 7.22222 1.32770 5.05556
v 7.22222 1.87770 5.05556
v 7.22222 2.87458 4.69444
v 7.58333 1.26695 4.69444
v 7.58333 0.85582 5.05556
v 7.58333 1.40582 5.05556
v 7.58333 1.81695 4.69444
v 7.94444 0.83858 4.69444
v 7.94444 0.00000 5.05556
v 7.94444 0.55000 5.05556
v 7.94444 1.38858 4.69444
v -6.50000 0.00000 5.05556
v -6.50000 0.00000 5.41667
v -6.50000 0.55000 5.41667
v -6.50000 0.55000 5.05556
v -5.77778 1.11038 5.05556
v -5.77778 0.74117 5.41667
v -5.77778 1.29117 5.41667
v -5.77778 1.66038 5.05556
v -2.16667 2.03033 5.05556
v -2.16667 1.00265 5.41667
v -2.16667 1.55265 5.41667
v -2.16667 2.58033 5.05556
v -1.80556 2.63257 5.05556
v -1.80556 1.86577 5.41667
v -1.80556 2.41577 5.41667
v -1.80556 3.18257 5.05556
v -1.44444 3.90723 5.05556
v -1.44444 3.24540 5.41667
v -1.44444 3.79540 5.41667
v -1.44444 4.45723 5.05556
v -1.08333 5.09104 5.05556
v -1.08333 4.00832 5.41667
v -1.08333 4.55832 5.41667
v -1.08333 5.64104 5.05556
v -0.36111 6.10490 5.05556
v -0.36111 5.11776 5.41667
v -0.36111 5.66776 5.41667
v -0.36111 6.65490 5.05556
v 3.61111 8.11182 5.05556
v 3.61111 8.18846 5.41667
v 3.61111 8.73846 5.41667
v 3.61111 8.66182 5.05556
v 3.97222 8.85550 5.05556
v 3.97222 8.85806 5.41667
v 3.97222 9.40806 5.41667
v 3.97222 9.40550 5.05556
v 5.41667 9.50000 5.05556
v 5.41667 8.00034 5.41667
v 5.41667 8.55034 5.41667
v 5.41667 10.05000 5.05556
v 5.77778 7.43455 5.05556
v 5.77778 6.03719 5.41667
v 5.77778 6.58719 5.41667
v 5.77778 7.98455 5.05556
v 6.13889 5.50282 5.05556
v 6.13889 4.04674 5.41667
v 6.13889 4.59674 5.41667
v 6.13889 6.05282 5.05556
v 6.50000 3.64622 5.05556
v 6.50000 2.75336 5.41667
v 6.50000 3.30336 5.41667
v 6.50000 4.19622 5.05556
v 6.86111 2.49975 5.05556
v 6.86111 1.43752 5.41667
v 6.86111 1.98752 5.41667
v 6.86111 3.04975 5.05556
v 7.22222 1.32770 5.05556
v 7.22222 0.90139 5.41667
v 7.22222 1.45139 5.41667
v 7.22222 1.87770 5.05556
v 7.58333 0.85582 5.05556
v 7.58333 0.00000 5.41667
v 7.58333 0.55000 5.41667
v 7.58333 1.40582 5.05556
v -6.13889 0.00000 5.41667
v -6.13889 0.00000 5.77778
v -6.13889 0.55000 5.77778
v -6.13889 0.55000 5.41667
v -2.16667 1.00265 5.41667
v -2.16667 0.43903 5.77778
v -2.16667 0.98903 5.77778
v -2.16667 1.55265 5.41667
v -1.80556 1.86577 5.41667
v -1.80556 1.82117 5.77778
v -1.80556 2.37117 5.77778
v -1.80556 2.41577 5.41667
v -1.44444 3.24540 5.41667
v -1.44444 2.62315 5.77778
v -1.44444 3.17315 5.77778
v -1.44444 3.79540 5.41667
v -1.08333 4.00832 5.41667
v -1.08333 3.34945 5.77778
v -1.08333 3.89945 5.77778
v -1.08333 4.55832 5.41667
v -0.72222 4.53671 5.41667
v -0.72222 3.85086 5.77778
v -0.72222 4.40086 5.77778
v -0.72222 5.08671 5.41667
v 3.61111 8.18846 5.41667
v 3.61111 8.01297 5.77778
v 3.61111 8.56297 5.77778
v 3.61111 8.73846 5.41667
v 3.97222 8.85806 5.41667
v 3.97222 8.58832 5.77778
v 3.97222 9.13832 5.77778
v 3.97222 9.40806 5.41667
v 5.05556 9.50000 5.41667
v 5.05556 7.64769 5.77778
v 5.05556 8.19769 5.77778
v 5.05556 10.05000 5.41667
v 5.41667 8.00034 5.41667
v 5.41667 6.24786 5.77778
v 5.41667 6.79786 5.77778
v 5.41667 8.55034 5.41667
v 5.77778 6.03719 5.41667
v 5.77778 4.30375 5.77778
v 5.77778 4.85375 5.77778
v 5.77778 6.58719 5.41667
v 6.13889 4.04674 5.41667
v 6.13889 2.97588 5.77778
v 6.13889 3.52588 5.77778
v 6.13889 4.59674 5.41667
v 6.50000 2.75336 5.41667
v 6.50000 1.57228 5.77778
v 6.50000 2.12228 5.77778
v 6.50000 3.30336 5.41667
v 6.86111 1.43752 5.41667
v 6.86111 0.97046 5.77778
v 6.86111 1.52046 5.77778
v 6.86111 1.98752 5.41667
v 7.22222 0.90139 5.41667
v 7.22222 0.00000 5.77778
v 7.22222 0.55000 5.77778
v 7.22222 1.45139 5.41667
v -2.16667 0.43903 5.77778
v -2.16667 0.55758 6.13889
v -2.16667 1.10758 6.13889
v -2.16667 0.98903 5.77778
v -1.80556 1.82117 5.77778
v -1.80556 1.37523 6.13889
v -1.80556 1.92523 6.13889
v -1.80556 2.37117 5.77778
v -1.44444 2.62315 5.77778
v -1.44444 2.40635 6.13889
v -1.44444 2.95635 6.13889
v -1.44444 3.17315 5.77778
v -1.08333 3.34945 5.77778
v -1.08333 3.05473 6.13889
v -1.08333 3.60473 6.13889
v -1.08333 3.89945 5.77778
v -0.72222 3.85086 5.77778
v -0.72222 3.30261 6.13889
v -0.72222 3.85261 6.13889
v -0.72222 4.40086 5.77778
v -0.36111 4.39872 5.77778
v -0.36111 3.53924 6.13889
v -0.36111 4.08924 6.13889
v -0.36111 4.94872 5.77778
v 4.33333 9.06740 5.77778
v 4.33333 7.04744 6.13889
v 4.33333 7.59744 6.13889
v 4.33333 9.61740 5.77778
v 4.69444 8.43020 5.77778
v 4.69444 5.84575 6.13889
v 4.69444 6.39575 6.13889
v 4.69444 8.98020 5.77778
v 5.05556 7.64769 5.77778
v 5.05556 4.97905 6.13889
v 5.05556 5.52905 6.13889
v 5.05556 8.19769 5.77778
v 5.41667 6.24786 5.77778
v 5.41667 4.26112 6.13889
v 5.41667 4.81112 6.13889
v 5.41667 6.79786 5.77778
v 5.77778 4.30375 5.77778
v 5.77778 3.04608 6.13889
v 5.77778 3.59608 6.13889
v 5.77778 4.85375 5.77778
v 6.13889 2.97588 5.77778
v 6.13889 1.64875 6.13889
v 6.13889 2.19875 6.13889
v 6.13889 3.52588 5.77778
v 6.50000 1.57228 5.77778
v 6.50000 1.04353 6.13889
v 6.50000 1.59353 6.13889
v 6.50000 2.12228 5.77778
v 6.86111 0.97046 5.77778
v 6.86111 0.00000 6.13889
v 6.86111 0.55000 6.13889
v 6.86111 1.52046 5.77778
v -2.16667 0.55758 6.13889
v -2.16667 0.61794 6.50000
v -2.16667 1.16794 6.50000
v -2.16667 1.10758 6.13889
v -1.80556 1.37523 6.13889
v -1.80556 1.43352 6.50000
v -1.80556 1.98352 6.50000
v -1.80556 1.92523 6.13889
v -1.44444 2.40635 6.13889
v -1.44444 2.42834 6.50000
v -1.44444 2.97834 6.50000
v -1.44444 2.95635 6.13889
v -0.36111 3.53924 6.13889
v -0.36111 2.67347 6.50000
v -0.36111 3.22347 6.50000
v -0.36111 4.08924 6.13889
v 0.00000 3.97084 6.13889
v 0.00000 3.32574 6.50000
v 0.00000 3.87574 6.50000
v 0.00000 4.52084 6.13889
v 3.61111 7.54249 6.13889
v 3.61111 6.85901 6.50000
v 3.61111 7.40901 6.50000
v 3.61111 8.09249 6.13889
v 3.97222 8.04309 6.13889
v 3.97222 6.02867 6.50000
v 3.97222 6.57867 6.50000
v 3.97222 8.59309 6.13889
v 4.33333 7.04744 6.13889
v 4.33333 5.07390 6.50000
v 4.33333 5.62390 6.50000
v 4.33333 7.59744 6.13889
v 4.69444 5.84575 6.13889
v 4.69444 3.80399 6.50000
v 4.69444 4.35399 6.50000
v 4.69444 6.39575 6.13889
v 5.05556 4.97905 6.13889
v 5.05556 2.88270 6.50000
v 5.05556 3.43270 6.50000
v 5.05556 5.52905 6.13889
v 5.41667 4.26112 6.13889
v 5.41667 2.52745 6.50000
v 5.41667 3.07745 6.50000
v 5.41667 4.81112 6.13889
v 5.77778 3.04608 6.13889
v 5.77778 1.63070 6.50000
v 5.77778 2.18070 6.50000
v 5.77778 3.59608 6.13889
v 6.13889 1.64875 6.13889
v 6.13889 1.05913 6.50000
v 6.13889 1.60913 6.50000
v 6.13889 2.19875 6.13889
v 6.50000 1.04353 6.13889
v 6.50000 0.00000 6.50000
v 6.50000 0.55000 6.50000
v 6.50000 1.59353 6.13889
v -1.80556 1.43352 6.50000
v -1.80556 1.55215 6.86111
v -1.80556 2.10215 6.86111
v -1.80556 1.98352 6.50000
v -0.36111 2.67347 6.50000
v -0.36111 2.65922 6.86111
v -0.36111 3.20922 6.86111
v -0.36111 3.22347 6.50000
v 0.00000 3.32574 6.50000
v 0.00000 3.14438 6.86111
v 0.00000 3.69438 6.86111
v 0.00000 3.87574 6.50000
v 0.36111 4.39463 6.50000
v 0.36111 4.10891 6.86111
v 0.36111 4.65891 6.86111
v 0.36111 4.94463 6.50000
v 3.61111 6.85901 6.50000
v 3.61111 4.96747 6.86111
v 3.61111 5.51747 6.86111
v 3.61111 7.40901 6.50000
v 3.97222 6.02867 6.50000
v 3.97222 4.17230 6.86111
v 3.97222 4.72230 6.86111
v 3.97222 6.57867 6.50000
v 4.33333 5.07390 6.50000
v 4.33333 3.15095 6.86111
v 4.33333 3.70095 6.86111
v 4.33333 5.62390 6.50000
v 4.69444 3.80399 6.50000
v 4.69444 2.42841 6.86111
v 4.69444 2.97841 6.86111
v 4.69444 4.35399 6.50000
v 5.41667 2.52745 6.50000
v 5.41667 0.95972 6.86111
v 5.41667 1.50972 6.86111
v 5.41667 3.07745 6.50000
v 5.77778 1.63070 6.50000
v 5.77778 0.97070 6.86111
v 5.77778 1.52070 6.86111
v 5.77778 2.18070 6.50000
v 6.13889 1.05913 6.50000
v 6.13889 0.00000 6.86111
v 6.13889 0.55000 6.86111
v 6.13889 1.60913 6.50000
v 0.00000 3.14438 6.86111
v 0.00000 3.06470 7.22222
v 0.00000 3.61470 7.22222
v 0.00000 3.69438 6.86111
v 0.36111 4.10891 6.86111
v 0.36111 3.55257 7.22222
v 0.36111 4.10257 7.22222
v 0.36111 4.65891 6.86111
v 0.72222 5.08596 6.86111
v 0.72222 4.35677 7.22222
v 0.72222 4.90677 7.22222
v 0.72222 5.63596 6.86111
v 3.25000 5.82611 6.86111
v 3.25000 4.25810 7.22222
v 3.25000 4.80810 7.22222
v 3.25000 6.37611 6.86111
v 3.61111 4.96747 6.86111
v 3.61111 3.48856 7.22222
v 3.61111 4.03856 7.22222
v 3.61111 5.51747 6.86111
v 3.97222 4.17230 6.86111
v 3.97222 2.59117 7.22222
v 3.97222 3.14117 7.22222
v 3.97222 4.72230 6.86111
v 4.33333 3.15095 6.86111
v 4.33333 1.99830 7.22222
v 4.33333 2.54830 7.22222
v 4.33333 3.70095 6.86111
v 4.69444 2.42841 6.86111
v 4.69444 1.16477 7.22222
v 4.69444 1.71477 7.22222
v 4.69444 2.97841 6.86111
v 5.05556 1.41434 6.86111
v 5.05556 0.80869 7.22222
v 5.05556 1.35869 7.22222
v 5.05556 1.96434 6.86111
v 5.77778 0.97070 6.86111
v 5.77778 0.00000 7.22222
v 5.77778 0.55000 7.22222
v 5.77778 1.52070 6.86111
v 0.36111 3.55257 7.22222
v 0.36111 2.80386 7.58333
v 0.36111 3.35386 7.58333
v 0.36111 4.10257 7.22222
v 3.25000 4.25810 7.22222
v 3.25000 3.00280 7.58333
v 3.25000 3.55280 7.58333
v 3.25000 4.80810 7.22222
v 3.61111 3.48856 7.22222
v 3.61111 2.17505 7.58333
v 3.61111 2.72505 7.58333
v 3.61111 4.03856 7.22222
v 3.97222 2.59117 7.22222
v 3.97222 1.65223 7.58333
v 3.97222 2.20223 7.58333
v 3.97222 3.14117 7.22222
v 4.33333 1.99830 7.22222
v 4.33333 0.94597 7.58333
v 4.33333 1.49597 7.58333
v 4.33333 2.54830 7.22222
v 5.05556 0.80869 7.22222
v 5.05556 0.00000 7.58333
v 5.05556 0.55000 7.58333
v 5.05556 1.35869 7.22222
v 2.88889 2.38421 7.58333
v 2.88889 1.24169 7.94444
v 2.88889 1.79169 7.94444
v 2.88889 2.93421 7.58333
v 3.25000 3.00280 7.58333
v 3.25000 1.84909 7.94444
v 3.25000 2.39909 7.94444
v 3.25000 3.55280 7.58333
v 3.61111 2.17505 7.58333
v 3.61111 1.38064 7.94444
v 3.61111 1.93064 7.94444
v 3.61111 2.72505 7.58333
v 3.97222 1.65223 7.58333
v 3.97222 0.76843 7.94444
v 3.97222 1.31843 7.94444
v 3.97222 2.20223 7.58333
v 4.69444 0.66273 7.58333
v 4.69444 0.00000 7.94444
v 4.69444 0.55000 7.94444
v 4.69444 1.21273 7.58333
v 2.88889 1.24169 7.94444
v 2.88889 0.54413 8.30556
v 2.88889 1.09413 8.30556
v 2.88889 1.79169 7.94444
v 3.25000 1.84909 7.94444
v 3.25000 0.94749 8.30556
v 3.25000 1.49749 8.30556
v 3.25000 2.39909 7.94444
v 3.61111 1.38064 7.94444
v 3.61111 0.61838 8.30556
v 3.61111 1.16838 8.30556
v 3.61111 1.93064 7.94444
v 4.33333 0.53731 7.94444
v 4.33333 0.00000 8.30556
v 4.33333 0.55000 8.30556
v 4.33333 1.08731 7.94444
v 3.97222 0.43006 8.30556
v 3.97222 0.00000 8.66667
v 3.97222 0.55000 8.66667
v 3.97222 0.98006 8.30556
f 5330 5331 5332
f 5330 5332 5333
f 5334 5335 5336
f 5334 5336 5337
f 5338 5339 5340
f 5338 5340 5341
f 5342 5343 5344
f 5342 5344 5345
f 5346 5347 5348
f 5346 5348 5349
f 5350 5351 5352
f 5350 5352 5353
f 5354 5355 5356
f 5354 5356 5357
f 5358 5359 5360
f 5358 5360 5361
f 5362 5363 5364
f 5362 5364 5365
f 5366 5367 5368
f 5366 5368 5369
f 5370 5371 5372
f 5370 5372 5373
f 5374 5375 5376
f 5374 5376 5377
f 5378 5379 5380
f 5378 5380 5381
f 5382 5383 5384
f 5382 5384 5385
f 5386 5387 5388
f 5386 5388 5389
f 5390 5391 5392
f 5390 5392 5393
f 5394 5395 5396
f 5394 5396 5397
f 5398 5399 5400
f 5398 5400 5401
f 5402 5403 5404
f 5402 5404 5405
f 5406 5407 5408
f 5406 5408 5409
f 5410 5411 5412
f 5410 5412 5413
f 5414 5415 5416
f 5414 5416 5417
f 5418 5419 5420
f 5418 5420 5421
f 5422 5423 5424
f 5422 5424 5425
f 5426 5427 5428
f 5426 5428 5429
f 5430 5431 5432
f 5430 5432 5433
f 5434 5435 5436
f 5434 5436 5437
f 5438 5439 5440
f 5438 5440 5441
f 5442 5443 5444
f 5442 5444 5445
f 5446 5447 5448
f 5446 5448 5449
f 5450 5451 5452
f 5450 5452 5453
f 5454 5455 5456
f 5454 5456 5457
f 5458 5459 5460
f 5458 5460 5461
f 5462 5463 5464
f 5462 5464 5465
f 5466 5467 5468
f 5466 5468 5469
f 5470 5471 5472
f 5470 5472 5473
f 5474 5475 5476
f 5474 5476 5477
f 5478 5479 5480
f 5478 5480 5481
f 5482 5483 5484
f 5482 5484 5485
f 5486 5487 5488
f 5486 5488 5489
f 5490 5491 5492
f 5490 5492 5493
f 5494 5495 5496
f 5494 5496 5497
f 5498 5499 5500
f 5498 5500 5501
f 5502 5503 5504
f 5502 5504 5505
f 5506 5507 5508
f 5506 5508 5509
f 5510 5511 5512
f 5510 5512 5513
f 5514 5515 5516
f 5514 5516 5517
f 5518 5519 5520
f 5518 5520 5521
f 5522 5523 5524
f 5522 5524 5525
f 5526 5527 5528
f 5526 5528 5529
f 5530 5531 5532
f 5530 5532 5533
f 5534 5535 5536
f 5534 5536 5537
f 5538 5539 5540
f 5538 5540 5541
f 5542 5543 5544
f 5542 5544 5545
f 5546 5547 5548
f 5546 5548 5549
f 5550 5551 5552
f 5550 5552 5553
f 5554 5555 5556
f 5554 5556 5557
f 5558 5559 5560
f 5558 5560 5561
f 5562 5563 5564
f 5562 5564 5565
f 5566 5567 5568
f 5566 5568 5569
f 5570 5571 5572
f 5570 5572 5573
f 5574 5575 5576
f 5574 5576 5577
f 5578 5579 5580
f 5578 5580 5581
f 5582 5583 5584
f 5582 5584 5585
f 5586 5587 5588
f 5586 5588 5589
f 5590 5591 5592
f 5590 5592 5593
f 5594 5595 5596
f 5594 5596 5597
f 5598 5599 5600
f 5598 5600 5601
f 5602 5603 5604
f 5602 5604 5605
f 5606 5607 5608
f 5606 5608 5609
f 5610 5611 5612
f 5610 5612 5613
f 5614 5615 5616
f 5614 5616 5617
f 5618 5619 5620
f 5618 5620 5621
f 5622 5623 5624
f 5622 5624 5625
f 5626 5627 5628
f 5626 5628 5629
f 5630 5631 5632
f 5630 5632 5633
f 5634 5635 5636
f 5634 5636 5637
f 5638 5639 5640
f 5638 5640 5641
f 5642 5643 5644
f 5642 5644 5645
f 5646 5647 5648
f 5646 5648 5649
f 5650 5651 5652
f 5650 5652 5653
f 5654 5655 5656
f 5654 5656 5657
f 5658 5659 5660
f 5658 5660 5661
f 5662 5663 5664
f 5662 5664 5665
f 5666 5667 5668
f 5666 5668 5669
f 5670 5671 5672
f 5670 5672 5673
f 5674 5675 5676
f 5674 5676 5677
f 5678 5679 5680
f 5678 5680 5681
f 5682 5683 5684
f 5682 5684 5685
f 5686 5687 5688
f 5686 5688 5689
f 5690 5691 5692
f 5690 5692 5693
f 5694 5695 5696
f 5694 5696 5697
f 5698 5699 5700
f 5698 5700 5701
f 5702 5703 5704
f 5702 5704 5705
f 5706 5707 5708
f 5706 5708 5709
f 5710 5711 5712
f 5710 5712 5713
f 5714 5715 5716
f 5714 5716 5717
f 5718 5719 5720
f 5718 5720 5721
f 5722 5723 5724
f 5722 5724 5725
f 5726 5727 5728
f 5726 5728 5729
f 5730 5731 5732
f 5730 5732 5733
f 5734 5735 5736
f 5734 5736 5737
f 5738 5739 5740
f 5738 5740 5741
f 5742 5743 5744
f 5742 5744 5745
f 5746 5747 5748
f 5746 5748 5749
f 5750 5751 5752
f 5750 5752 5753
f 5754 5755 5756
f 5754 5756 5757
f 5758 5759 5760
f 5758 5760 5761
f 5762 5763 5764
f 5762 5764 5765
f 5766 5767 5768
f 5766 5768 5769
f 5770 5771 5772
f 5770 5772 5773
f 5774 5775 5776
f 5774 5776 5777
f 5778 5779 5780
f 5778 5780 5781
f 5782 5783 5784
f 5782 5784 5785
f 5786 5787 5788
f 5786 5788 5789
f 5790 5791 5792
f 5790 5792 5793
f 5794 5795 5796
f 5794 5796 5797
f 5798 5799 5800
f 5798 5800 5801
f 5802 5803 5804
f 5802 5804 5805
f 5806 5807 5808
f 5806 5808 5809
f 5810 5811 5812
f 5810 5812 5813
f 5814 5815 5816
f 5814 5816 5817
f 5818 5819 5820
f 5818 5820 5821
f 5822 5823 5824
f 5822 5824 5825
f 5826 5827 5828
f 5826 5828 5829
f 5830 5831 5832
f 5830 5832 5833
f 5834 5835 5836
f 5834 5836 5837
f 5838 5839 5840
f 5838 5840 5841
f 5842 5843 5844
f 5842 5844 5845
f 5846 5847 5848
f 5846 5848 5849
f 5850 5851 5852
f 5850 5852 5853
f 5854 5855 5856
f 5854 5856 5857
f 5858 5859 5860
f 5858 5860 5861
f 5862 5863 5864
f 5862 5864 5865
f 5866 5867 5868
f 5866 5868 5869
f 5870 5871 5872
f 5870 5872 5873
f 5874 5875 5876
f 5874 5876 5877
f 5878 5879 5880
f 5878 5880 5881
f 5882 5883 5884
f 5882 5884 5885
f 5886 5887 5888
f 5886 5888 5889
f 5890 5891 5892
f 5890 5892 5893
f 5894 5895 5896
f 5894 5896 5897
f 5898 5899 5900
f 5898 5900 5901
f 5902 5903 5904
f 5902 5904 5905
f 5906 5907 5908
f 5906 5908 5909
f 5910 5911 5912
f 5910 5912 5913
f 5914 5915 5916
f 5914 5916 5917
f 5918 5919 5920
f 5918 5920 5921
f 5922 5923 5924
f 5922 5924 5925
f 5926 5927 5928
f 5926 5928 5929
f 5930 5931 5932
f 5930 5932 5933
f 5934 5935 5936
f 5934 5936 5937
f 5938 5939 5940
f 5938 5940 5941
f 5942 5943 5944
f 5942 5944 5945
f 5946 5947 5948
f 5946 5948 5949
f 5950 5951 5952
f 5950 5952 5953
f 5954 5955 5956
f 5954 5956 5957
f 5958 5959 5960
f 5958 5960 5961
f 5962 5963 5964
f 5962 5964 5965
f 5966 5967 5968
f 5966 5968 5969
f 5970 5971 5972
f 5970 5972 5973
f 5974 5975 5976
f 5974 5976 5977
f 5978 5979 5980
f 5978 5980 5981
f 5982 5983 5984
f 5982 5984 5985
f 5986 5987 5988
f 5986 5988 5989
f 5990 5991 5992
f 5990 5992 5993
f 5994 5995 5996
f 5994 5996 5997
f 5998 5999 6000
f 5998 6000 6001
f 6002 6003 6004
f 6002 6004 6005
f 6006 6007 6008
f 6006 6008 6009
f 6010 6011 6012
f 6010 6012 6013
f 6014 6015 6016
f 6014 6016 6017
f 6018 6019 6020
f 6018 6020 6021
f 6022 6023 6024
f 6022 6024 6025
f 6026 6027 6028
f 6026 6028 6029
f 6030 6031 6032
f 6030 6032 6033
f 6034 6035 6036
f 6034 6036 6037
f 6038 6039 6040
f 6038 6040 6041
f 6042 6043 6044
f 6042 6044 6045
f 6046 6047 6048
f 6046 6048 6049
f 6050 6051 6052
f 6050 6052 6053
f 6054 6055 6056
f 6054 6056 6057
f 6058 6059 6060
f 6058 6060 6061
f 6062 6063 6064
f 6062 6064 6065
f 6066 6067 6068
f 6066 6068 6069
f 6070 6071 6072
f 6070 6072 6073
f 6074 6075 6076
f 6074 6076 6077
f 6078 6079 6080
f 6078 6080 6081
f 6082 6083 6084
f 6082 6084 6085
f 6086 6087 6088
f 6086 6088 6089
f 6090 6091 6092
f 6090 6092 6093
f 6094 6095 6096
f 6094 6096 6097
f 6098 6099 6100
f 6098 6100 6101
f 6102 6103 6104
f 6102 6104 6105
f 6106 6107 6108
f 6106 6108 6109
f 6110 6111 6112
f 6110 6112 6113
f 6114 6115 6116
f 6114 6116 6117
f 6118 6119 6120
f 6118 6120 6121
f 6122 6123 6124
f 6122 6124 6125
f 6126 6127 6128
f 6126 6128 6129
f 6130 6131 6132
f 6130 6132 6133
f 6134 6135 6136
f 6134 6136 6137
f 6138 6139 6140
f 6138 6140 6141
f 6142 6143 6144
f 6142 6144 6145
f 6146 6147 6148
f 6146 6148 6149
f 6150 6151 6152
f 6150 6152 6153
f 6154 6155 6156
f 6154 6156 6157
f 6158 6159 6160
f 6158 6160 6161
f 6162 6163 6164
f 6162 6164 6165
f 6166 6167 6168
f 6166 6168 6169
f 6170 6171 6172
f 6170 6172 6173
f 6174 6175 6176
f 6174 6176 6177
f 6178 6179 6180
f 6178 6180 6181
f 6182 6183 6184
f 6182 6184 6185
f 6186 6187 6188
f 6186 6188 6189
f 6190 6191 6192
f 6190 6192 6193
f 6194 6195 6196
f 6194 6196 6197
f 6198 6199 6200
f 6198 6200 6201
f 6202 6203 6204
f 6202 6204 6205
f 6206 6207 6208
f 6206 6208 6209
f 6210 6211 6212
f 6210 6212 6213
f 6214 6215 6216
f 6214 6216 6217
f 6218 6219 6220
f 6218 6220 6221
f 6222 6223 6224
f 6222 6224 6225
f 6226 6227 6228
f 6226 6228 6229
f 6230 6231 6232
f 6230 6232 6233
f 6234 6235 6236
f 6234 6236 6237
f 6238 6239 6240
f 6238 6240 6241
f 6242 6243 6244
f 6242 6244 6245
f 6246 6247 6248
f 6246 6248 6249
f 6250 6251 6252
f 6250 6252 6253
f 6254 6255 6256
f 6254 6256 6257
f 6258 6259 6260
f 6258 6260 6261
f 6262 6263 6264
f 6262 6264 6265
f 6266 6267 6268
f 6266 6268 6269
f 6270 6271 6272
f 6270 6272 6273
f 6274 6275 6276
f 6274 6276 6277
f 6278 6279 6280
f 6278 6280 6281
f 6282 6283 6284
f 6282 6284 6285
f 6286 6287 6288
f 6286 6288 6289
f 6290 6291 6292
f 6290 6292 6293
f 6294 6295 6296
f 6294 6296 6297
f 6298 6299 6300
f 6298 6300 6301
f 6302 6303 6304
f 6302 6304 6305
f 6306 6307 6308
f 6306 6308 6309
f 6310 6311 6312
f 6310 6312 6313
f 6314 6315 6316
f 6314 6316 6317
f 6318 6319 6320
f 6318 6320 6321
f 6322 6323 6324
f 6322 6324 6325
f 6326 6327 6328
f 6326 6328 6329
f 6330 6331 6332
f 6330 6332 6333
f 6334 6335 6336
f 6334 6336 6337
f 6338 6339 6340
f 6338 6340 6341
f 6342 6343 6344
f 6342 6344 6345
f 6346 6347 6348
f 6346 6348 6349
f 6350 6351 6352
f 6350 6352 6353
f 6354 6355 6356
f 6354 6356 6357
f 6358 6359 6360
f 6358 6360 6361
f 6362 6363 6364
f 6362 6364 6365
f 6366 6367 6368
f 6366 6368 6369
f 6370 6371 6372
f 6370 6372 6373
f 6374 6375 6376
f 6374 6376 6377
f 6378 6379 6380
f 6378 6380 6381
f 6382 6383 6384
f 6382 6384 6385
f 6386 6387 6388
f 6386 6388 6389
f 6390 6391 6392
f 6390 6392 6393
f 6394 6395 6396
f 6394 6396 6397
f 6398 6399 6400
f 6398 6400 6401
f 6402 6403 6404
f 6402 6404 6405
f 6406 6407 6408
f 6406 6408 6409
f 6410 6411 6412
f 6410 6412 6413
f 6414 6415 6416
f 6414 6416 6417
f 6418 6419 6420
f 6418 6420 6421
f 6422 6423 6424
f 6422 6424 6425
f 6426 6427 6428
f 6426 6428 6429
f 6430 6431 6432
f 6430 6432 6433
f 6434 6435 6436
f 6434 6436 6437
f 6438 6439 6440
f 6438 6440 6441
f 6442 6443 6444
f 6442 6444 6445
f 6446 6447 6448
f 6446 6448 6449
f 6450 6451 6452
f 6450 6452 6453
f 6454 6455 6456
f 6454 6456 6457
f 6458 6459 6460
f 6458 6460 6461
f 6462 6463 6464
f 6462 6464 6465
f 6466 6467 6468
f 6466 6468 6469
f 6470 6471 6472
f 6470 6472 6473
f 6474 6475 6476
f 6474 6476 6477
f 6478 6479 6480
f 6478 6480 6481
f 6482 6483 6484
f 6482 6484 6485
f 6486 6487 6488
f 6486 6488 6489
f 6490 6491 6492
f 6490 6492 6493
f 6494 6495 6496
f 6494 6496 6497
f 6498 6499 6500
f 6498 6500 6501
f 6502 6503 6504
f 6502 6504 6505
f 6506 6507 6508
f 6506 6508 6509
f 6510 6511 6512
f 6510 6512 6513
f 6514 6515 6516
f 6514 6516 6517
f 6518 6519 6520
f 6518 6520 6521
f 6522 6523 6524
f 6522 6524 6525
f 6526 6527 6528
f 6526 6528 6529
f 6530 6531 6532
f 6530 6532 6533
f 6534 6535 6536
f 6534 6536 6537
f 6538 6539 6540
f 6538 6540 6541
f 6542 6543 6544
f 6542 6544 6545
f 6546 6547 6548
f 6546 6548 6549
f 6550 6551 6552
f 6550 6552 6553
f 6554 6555 6556
f 6554 6556 6557
f 6558 6559 6560
f 6558 6560 6561
f 6562 6563 6564
f 6562 6564 6565
f 6566 6567 6568
f 6566 6568 6569
f 6570 6571 6572
f 6570 6572 6573
f 6574 6575 6576
f 6574 6576 6577
f 6578 6579 6580
f 6578 6580 6581
f 6582 6583 6584
f 6582 6584 6585
f 6586 6587 6588
f 6586 6588 6589
f 6590 6591 6592
f 6590 6592 6593
f 6594 6595 6596
f 6594 6596 6597
f 6598 6599 6600
f 6598 6600 6601
f 6602 6603 6604
f 6602 6604 6605
f 6606 6607 6608
f 6606 6608 6609
f 6610 6611 6612
f 6610 6612 6613
f 6614 6615 6616
f 6614 6616 6617
f 6618 6619 6620
f 6618 6620 6621
f 6622 6623 6624
f 6622 6624 6625
f 6626 6627 6628
f 6626 6628 6629
f 6630 6631 6632
f 6630 6632 6633
f 6634 6635 6636
f 6634 6636 6637
f 6638 6639 6640
f 6638 6640 6641
f 6642 6643 6644
f 6642 6644 6645
f 6646 6647 6648
f 6646 6648 6649
f 6650 6651 6652
f 6650 6652 6653
f 6654 6655 6656
f 6654 6656 6657
f 6658 6659 6660
f 6658 6660 6661
f 6662 6663 6664
f 6662 6664 6665
f 6666 6667 6668
f 6666 6668 6669
f 6670 6671 6672
f 6670 6672 6673
f 6674 6675 6676
f 6674 6676 6677
f 6678 6679 6680
f 6678 6680 6681
f 6682 6683 6684
f 6682 6684 6685
f 6686 6687 6688
f 6686 6688 6689
f 6690 6691 6692
f 6690 6692 6693
f 6694 6695 6696
f 6694 6696 6697
f 6698 6699 6700
f 6698 6700 6701
f 6702 6703 6704
f 6702 6704 6705
f 6706 6707 6708
f 6706 6708 6709
f 6710 6711 6712
f 6710 6712 6713
f 6714 6715 6716
f 6714 6716 6717
f 6718 6719 6720
f 6718 6720 6721
f 6722 6723 6724
f 6722 6724 6725
f 6726 6727 6728
f 6726 6728 6729
f 6730 6731 6732
f 6730 6732 6733
f 6734 6735 6736
f 6734 6736 6737
f 6738 6739 6740
f 6738 6740 6741
f 6742 6743 6744
f 6742 6744 6745
f 6746 6747 6748
f 6746 6748 6749
f 6750 6751 6752
f 6750 6752 6753
f 6754 6755 6756
f 6754 6756 6757
f 6758 6759 6760
f 6758 6760 6761
f 6762 6763 6764
f 6762 6764 6765
f 6766 6767 6768
f 6766 6768 6769
f 6770 6771 6772
f 6770 6772 6773
f 6774 6775 6776
f 6774 6776 6777
f 6778 6779 6780
f 6778 6780 6781
f 6782 6783 6784
f 6782 6784 6785
f 6786 6787 6788
f 6786 6788 6789
f 6790 6791 6792
f 6790 6792 6793
f 6794 6795 6796
f 6794 6796 6797
f 6798 6799 6800
f 6798 6800 6801
f 6802 6803 6804
f 6802 6804 6805
f 6806 6807 6808
f 6806 6808 6809
f 6810 6811 6812
f 6810 6812 6813
f 6814 6815 6816
f 6814 6816 6817
f 6818 6819 6820
f 6818 6820 6821
f 6822 6823 6824
f 6822 6824 6825
f 6826 6827 6828
f 6826 6828 6829
f 6830 6831 6832
f 6830 6832 6833
f 6834 6835 6836
f 6834 6836 6837
f 6838 6839 6840
f 6838 6840 6841
f 6842 6843 6844
f 6842 6844 6845
f 6846 6847 6848
f 6846 6848 6849
f 6850 6851 6852
f 6850 6852 6853
f 6854 6855 6856
f 6854 6856 6857
f 6858 6859 6860
f 6858 6860 6861
f 6862 6863 6864
f 6862 6864 6865
f 6866 6867 6868
f 6866 6868 6869
f 6870 6871 6872
f 6870 6872 6873
f 6874 6875 6876
f 6874 6876 6877
f 6878 6879 6880
f 6878 6880 6881
f 6882 6883 6884
f 6882 6884 6885
f 6886 6887 6888
f 6886 6888 6889
f 6890 6891 6892
f 6890 6892 6893
f 6894 6895 6896
f 6894 6896 6897
f 6898 6899 6900
f 6898 6900 6901
f 6902 6903 6904
f 6902 6904 6905
f 6906 6907 6908
f 6906 6908 6909
f 6910 6911 6912
f 6910 6912 6913
f 6914 6915 6916
f 6914 6916 6917
f 6918 6919 6920
f 6918 6920 6921
f 6922 6923 6924
f 6922 6924 6925
f 6926 6927 6928
f 6926 6928 6929
f 6930 6931 6932
f 6930 6932 6933
f 6934 6935 6936
f 6934 6936 6937
f 6938 6939 6940
f 6938 6940 6941
f 6942 6943 6944
f 6942 6944 6945
f 6946 6947 6948
f 6946 6948 6949
f 6950 6951 6952
f 6950 6952 6953
f 6954 6955 6956
f 6954 6956 6957
f 6958 6959 6960
f 6958 6960 6961
f 6962 6963 6964
f 6962 6964 6965
f 6966 6967 6968
f 6966 6968 6969
f 6970 6971 6972
f 6970 6972 6973
f 6974 6975 6976
f 6974 6976 6977
f 6978 6979 6980
f 6978 6980 6981
f 6982 6983 6984
f 6982 6984 6985
f 6986 6987 6988
f 6986 6988 6989
f 6990 6991 6992
f 6990 6992 6993
f 6994 6995 6996
f 6994 6996 6997
f 6998 6999 7000
f 6998 7000 7001
f 7002 7003 7004
f 7002 7004 7005
f 7006 7007 7008
f 7006 7008 7009
f 7010 7011 7012
f 7010 7012 7013
f 7014 7015 7016
f 7014 7016 7017
f 7018 7019 7020
f 7018 7020 7021
f 7022 7023 7024
f 7022 7024 7025
f 7026 7027 7028
f 7026 7028 7029
f 7030 7031 7032
f 7030 7032 7033
f 7034 7035 7036
f 7034 7036 7037
f 7038 7039 7040
f 7038 7040 7041
f 7042 7043 7044
f 7042 7044 7045
f 7046 7047 7048
f 7046 7048 7049
f 7050 7051 7052
f 7050 7052 7053
f 7054 7055 7056
f 7054 7056 7057
f 7058 7059 7060
f 7058 7060 7061
f 7062 7063 7064
f 7062 7064 7065
f 7066 7067 7068
f 7066 7068 7069
f 7070 7071 7072
f 7070 7072 7073
f 7074 7075 7076
f 7074 7076 7077
f 7078 7079 7080
f 7078 7080 7081
f 7082 7083 7084
f 7082 7084 7085
f 7086 7087 7088
f 7086 7088 7089
f 7090 7091 7092
f 7090 7092 7093
f 7094 7095 7096
f 7094 7096 7097
f 7098 7099 7100
f 7098 7100 7101
f 7102 7103 7104
f 7102 7104 7105
f 7106 7107 7108
f 7106 7108 7109
f 7110 7111 7112
f 7110 7112 7113
f 7114 7115 7116
f 7114 7116 7117
f 7118 7119 7120
f 7118 7120 7121
f 7122 7123 7124
f 7122 7124 7125
f 7126 7127 7128
f 7126 7128 7129
f 7130 7131 7132
f 7130 7132 7133
f 7134 7135 7136
f 7134 7136 7137
f 7138 7139 7140
f 7138 7140 7141
f 7142 7143 7144
f 7142 7144 7145
f 7146 7147 7148
f 7146 7148 7149
f 7150 7151 7152
f 7150 7152 7153
f 7154 7155 7156
f 7154 7156 7157
f 7158 7159 7160
f 7158 7160 7161
f 7162 7163 7164
f 7162 7164 7165
f 7166 7167 7168
f 7166 7168 7169
f 7170 7171 7172
f 7170 7172 7173
f 7174 7175 7176
f 7174 7176 7177
f 7178 7179 7180
f 7178 7180 7181
f 7182 7183 7184
f 7182 7184 7185
f 7186 7187 7188
f 7186 7188 7189
f 7190 7191 7192
f 7190 7192 7193
f 7194 7195 7196
f 7194 7196 7197
f 7198 7199 7200
f 7198 7200 7201
f 7202 7203 7204
f 7202 7204 7205
f 7206 7207 7208
f 7206 7208 7209
f 7210 7211 7212
f 7210 7212 7213
f 7214 7215 7216
f 7214 7216 7217
f 7218 7219 7220
f 7218 7220 7221
f 7222 7223 7224
f 7222 7224 7225
f 7226 7227 7228
f 7226 7228 7229
f 7230 7231 7232
f 7230 7232 7233
f 7234 7235 7236
f 7234 7236 7237
f 7238 7239 7240
f 7238 7240 7241
f 7242 7243 7244
f 7242 7244 7245
f 7246 7247 7248
f 7246 7248 7249
f 7250 7251 7252
f 7250 7252 7253
f 7254 7255 7256
f 7254 7256 7257
f 7258 7259 7260
f 7258 7260 7261
f 7262 7263 7264
f 7262 7264 7265
f 7266 7267 7268
f 7266 7268 7269
f 7270 7271 7272
f 7270 7272 7273
f 7274 7275 7276
f 7274 7276 7277
f 7278 7279 7280
f 7278 7280 7281
f 7282 7283 7284
f 7282 7284 7285
f 7286 7287 7288
f 7286 7288 7289
f 7290 7291 7292
f 7290 7292 7293
f 7294 7295 7296
f 7294 7296 7297
f 7298 7299 7300
f 7298 7300 7301
f 7302 7303 7304
f 7302 7304 7305
f 7306 7307 7308
f 7306 7308 7309
f 7310 7311 7312
f 7310 7312 7313
f 7314 7315 7316
f 7314 7316 7317
f 7318 7319 7320
f 7318 7320 7321
f 7322 7323 7324
f 7322 7324 7325
f 7326 7327 7328
f 7326 7328 7329
f 7330 7331 7332
f 7330 7332 7333
f 7334 7335 7336
f 7334 7336 7337
f 7338 7339 7340
f 7338 7340 7341
f 7342 7343 7344
f 7342 7344 7345
f 7346 7347 7348
f 7346 7348 7349
f 7350 7351 7352
f 7350 7352 7353
f 7354 7355 7356
f 7354 7356 7357
f 7358 7359 7360
f 7358 7360 7361
f 7362 7363 7364
f 7362 7364 7365
f 7366 7367 7368
f 7366 7368 7369
f 7370 7371 7372
f 7370 7372 7373
f 7374 7375 7376
f 7374 7376 7377
f 7378 7379 7380
f 7378 7380 7381
f 7382 7383 7384
f 7382 7384 7385
f 7386 7387 7388
f 7386 7388 7389
f 7390 7391 7392
f 7390 7392 7393
f 7394 7395 7396
f 7394 7396 7397
f 7398 7399 7400
f 7398 7400 7401
f 7402 7403 7404
f 7402 7404 7405
f 7406 7407 7408
f 7406 7408 7409
f 7410 7411 7412
f 7410 7412 7413
f 7414 7415 7416
f 7414 7416 7417
f 7418 7419 7420
f 7418 7420 7421
f 7422 7423 7424
f 7422 7424 7425
f 7426 7427 7428
f 7426 7428 7429
f 7430 7431 7432
f 7430 7432 7433
f 7434 7435 7436
f 7434 7436 7437
f 7438 7439 7440
f 7438 7440 7441
f 7442 7443 7444
f 7442 7444 7445
f 7446 7447 7448
f 7446 7448 7449
f 7450 7451 7452
f 7450 7452 7453
f 7454 7455 7456
f 7454 7456 7457
f 7458 7459 7460
f 7458 7460 7461
f 7462 7463 7464
f 7462 7464 7465
f 7466 7467 7468
f 7466 7468 7469
f 7470 7471 7472
f 7470 7472 7473
f 7474 7475 7476
f 7474 7476 7477
f 7478 7479 7480
f 7478 7480 7481
f 7482 7483 7484
f 7482 7484 7485
f 7486 7487 7488
f 7486 7488 7489
f 7490 7491 7492
f 7490 7492 7493
f 7494 7495 7496
f 7494 7496 7497
f 7498 7499 7500
f 7498 7500 7501
f 7502 7503 7504
f 7502 7504 7505
f 7506 7507 7508
f 7506 7508 7509
f 7510 7511 7512
f 7510 7512 7513
f 7514 7515 7516
f 7514 7516 7517
f 7518 7519 7520
f 7518 7520 7521
f 7522 7523 7524
f 7522 7524 7525
f 7526 7527 7528
f 7526 7528 7529
f 7530 7531 7532
f 7530 7532 7533
f 7534 7535 7536
f 7534 7536 7537
f 7538 7539 7540
f 7538 7540 7541
f 7542 7543 7544
f 7542 7544 7545
f 7546 7547 7548
f 7546 7548 7549
f 7550 7551 7552
f 7550 7552 7553
f 7554 7555 7556
f 7554 7556 7557
f 7558 7559 7560
f 7558 7560 7561
f 7562 7563 7564
f 7562 7564 7565
f 7566 7567 7568
f 7566 7568 7569
f 7570 7571 7572
f 7570 7572 7573
f 7574 7575 7576
f 7574 7576 7577
f 7578 7579 7580
f 7578 7580 7581
f 7582 7583 7584
f 7582 7584 7585
f 7586 7587 7588
f 7586 7588 7589
f 7590 7591 7592
f 7590 7592 7593
f 7594 7595 7596
f 7594 7596 7597
f 7598 7599 7600
f 7598 7600 7601
f 7602 7603 7604
f 7602 7604 7605
f 7606 7607 7608
f 7606 7608 7609
f 7610 7611 7612
f 7610 7612 7613
f 7614 7615 7616
f 7614 7616 7617
f 7618 7619 7620
f 7618 7620 7621
f 7622 7623 7624
f 7622 7624 7625
f 7626 7627 7628
f 7626 7628 7629
f 7630 7631 7632
f 7630 7632 7633
f 7634 7635 7636
f 7634 7636 7637
f 7638 7639 7640
f 7638 7640 7641
f 7642 7643 7644
f 7642 7644 7645
f 7646 7647 7648
f 7646 7648 7649
f 7650 7651 7652
f 7650 7652 7653
f 7654 7655 7656
f 7654 7656 7657
f 7658 7659 7660
f 7658 7660 7661
f 7662 7663 7664
f 7662 7664 7665
f 7666 7667 7668
f 7666 7668 7669
f 7670 7671 7672
f 7670 7672 7673
f 7674 7675 7676
f 7674 7676 7677
f 7678 7679 7680
f 7678 7680 7681
f 7682 7683 7684
f 7682 7684 7685
f 7686 7687 7688
f 7686 7688 7689
f 7690 7691 7692
f 7690 7692 7693
f 7694 7695 7696
f 7694 7696 7697
f 7698 7699 7700
f 7698 7700 7701
f 7702 7703 7704
f 7702 7704 7705
f 7706 7707 7708
f 7706 7708 7709
f 7710 7711 7712
f 7710 7712 7713
f 7714 7715 7716
f 7714 7716 7717
f 7718 7719 7720
f 7718 7720 7721
f 7722 7723 7724
f 7722 7724 7725
f 7726 7727 7728
f 7726 7728 7729
f 7730 7731 7732
f 7730 7732 7733
f 7734 7735 7736
f 7734 7736 7737
f 7738 7739 7740
f 7738 7740 7741
f 7742 7743 7744
f 7742 7744 7745
f 7746 7747 7748
f 7746 7748 7749
f 7750 7751 7752
f 7750 7752 7753
f 7754 7755 7756
f 7754 7756 7757
f 7758 7759 7760
f 7758 7760 7761
f 7762 7763 7764
f 7762 7764 7765
f 7766 7767 7768
f 7766 7768 7769
f 7770 7771 7772
f 7770 7772 7773
f 7774 7775 7776
f 7774 7776 7777
f 7778 7779 7780
f 7778 7780 7781
f 7782 7783 7784
f 7782 7784 7785
f 7786 7787 7788
f 7786 7788 7789
f 7790 7791 7792
f 7790 7792 7793
f 7794 7795 7796
f 7794 7796 7797
f 7798 7799 7800
f 7798 7800 7801
f 7802 7803 7804
f 7802 7804 7805
f 7806 7807 7808
f 7806 7808 7809
f 7810 7811 7812
f 7810 7812 7813
f 7814 7815 7816
f 7814 7816 7817
f 7818 7819 7820
f 7818 7820 7821
f 7822 7823 7824
f 7822 7824 7825
f 7826 7827 7828
f 7826 7828 7829
f 7830 7831 7832
f 7830 7832 7833
f 7834 7835 7836
f 7834 7836 7837
f 7838 7839 7840
f 7838 7840 7841
f 7842 7843 7844
f 7842 7844 7845
f 7846 7847 7848
f 7846 7848 7849
f 7850 7851 7852
f 7850 7852 7853
f 7854 7855 7856
f 7854 7856 7857
f 7858 7859 7860
f 7858 7860 7861
f 7862 7863 7864
f 7862 7864 7865
f 7866 7867 7868
f 7866 7868 7869
f 7870 7871 7872
f 7870 7872 7873
f 7874 7875 7876
f 7874 7876 7877
f 7878 7879 7880
f 7878 7880 7881
f 7882 7883 7884
f 7882 7884 7885
f 7886 7887 7888
f 7886 7888 7889
f 7890 7891 7892
f 7890 7892 7893
f 7894 7895 7896
f 7894 7896 7897
f 7898 7899 7900
f 7898 7900 7901
f 7902 7903 7904
f 7902 7904 7905
f 7906 7907 7908
f 7906 7908 7909
f 7910 7911 7912
f 7910 7912 7913
f 7914 7915 7916
f 7914 7916 7917
f 7918 7919 7920
f 7918 7920 7921
f 7922 7923 7924
f 7922 7924 7925
f 7926 7927 7928
f 7926 7928 7929
f 7930 7931 7932
f 7930 7932 7933
f 7934 7935 7936
f 7934 7936 7937
f 7938 7939 7940
f 7938 7940 7941
f 7942 7943 7944
f 7942 7944 7945
f 7946 7947 7948
f 7946 7948 7949
f 7950 7951 7952
f 7950 7952 7953
f 7954 7955 7956
f 7954 7956 7957
f 7958 7959 7960
f 7958 7960 7961
f 7962 7963 7964
f 7962 7964 7965
f 7966 7967 7968
f 7966 7968 7969
f 7970 7971 7972
f 7970 7972 7973
f 7974 7975 7976
f 7974 7976 7977
f 7978 7979 7980
f 7978 7980 7981
f 7982 7983 7984
f 7982 7984 7985
f 7986 7987 7988
f 7986 7988 7989
f 7990 7991 7992
f 7990 7992 7993
f 7994 7995 7996
f 7994 7996 7997
f 7998 7999 8000
f 7998 8000 8001
f 8002 8003 8004
f 8002 8004 8005
f 8006 8007 8008
f 8006 8008 8009
f 8010 8011 8012
f 8010 8012 8013
f 8014 8015 8016
f 8014 8016 8017
f 8018 8019 8020
f 8018 8020 8021
f 8022 8023 8024
f 8022 8024 8025
f 8026 8027 8028
f 8026 8028 8029
f 8030 8031 8032
f 8030 8032 8033
f 8034 8035 8036
f 8034 8036 8037
f 8038 8039 8040
f 8038 8040 8041
f 8042 8043 8044
f 8042 8044 8045
f 8046 8047 8048
f 8046 8048 8049
f 8050 8051 8052
f 8050 8052 8053
f 8054 8055 8056
f 8054 8056 8057
f 8058 8059 8060
f 8058 8060 8061
f 8062 8063 8064
f 8062 8064 8065
f 8066 8067 8068
f 8066 8068 8069
f 8070 8071 8072
f 8070 8072 8073
f 8074 8075 8076
f 8074 8076 8077
f 8078 8079 8080
f 8078 8080 8081
f 8082 8083 8084
f 8082 8084 8085
f 8086 8087 8088
f 8086 8088 8089
f 8090 8091 8092
f 8090 8092 8093
f 8094 8095 8096
f 8094 8096 8097
f 8098 8099 8100
f 8098 8100 8101
f 8102 8103 8104
f 8102 8104 8105
f 8106 8107 8108
f 8106 8108 8109
f 8110 8111 8112
f 8110 8112 8113
f 8114 8115 8116
f 8114 8116 8117
f 8118 8119 8120
f 8118 8120 8121
f 8122 8123 8124
f 8122 8124 8125
f 8126 8127 8128
f 8126 8128 8129
f 8130 8131 8132
f 8130 8132 8133
f 8134 8135 8136
f 8134 8136 8137
f 8138 8139 8140
f 8138 8140 8141
f 8142 8143 8144
f 8142 8144 8145
f 8146 8147 8148
f 8146 8148 8149
f 8150 8151 8152
f 8150 8152 8153
f 8154 8155 8156
f 8154 8156 8157
f 8158 8159 8160
f 8158 8160 8161
f 8162 8163 8164
f 8162 8164 8165
f 8166 8167 8168
f 8166 8168 8169
f 8170 8171 8172
f 8170 8172 8173
f 8174 8175 8176
f 8174 8176 8177
f 8178 8179 8180
f 8178 8180 8181
f 8182 8183 8184
f 8182 8184 8185
f 8186 8187 8188
f 8186 8188 8189
f 8190 8191 8192
f 8190 8192 8193
f 8194 8195 8196
f 8194 8196 8197
f 8198 8199 8200
f 8198 8200 8201
f 8202 8203 8204
f 8202 8204 8205
f 8206 8207 8208
f 8206 8208 8209
f 8210 8211 8212
f 8210 8212 8213
f 8214 8215 8216
f 8214 8216 8217
f 8218 8219 8220
f 8218 8220 8221
f 8222 8223 8224
f 8222 8224 8225
f 8226 8227 8228
f 8226 8228 8229
f 8230 8231 8232
f 8230 8232 8233
f 8234 8235 8236
f 8234 8236 8237
f 8238 8239 8240
f 8238 8240 8241
f 8242 8243 8244
f 8242 8244 8245
f 8246 8247 8248
f 8246 8248 8249
f 8250 8251 8252
f 8250 8252 8253
f 8254 8255 8256
f 8254 8256 8257
f 8258 8259 8260
f 8258 8260 8261
f 8262 8263 8264
f 8262 8264 8265
f 8266 8267 8268
f 8266 8268 8269
f 8270 8271 8272
f 8270 8272 8273
f 8274 8275 8276
f 8274 8276 8277
f 8278 8279 8280
f 8278 8280 8281
f 8282 8283 8284
f 8282 8284 8285
f 8286 8287 8288
f 8286 8288 8289
f 8290 8291 8292
f 8290 8292 8293
f 8294 8295 8296
f 8294 8296 8297
f 8298 8299 8300
f 8298 8300 8301
f 8302 8303 8304
f 8302 8304 8305
f 8306 8307 8308
f 8306 8308 8309
f 8310 8311 8312
f 8310 8312 8313
f 8314 8315 8316
f 8314 8316 8317
f 8318 8319 8320
f 8318 8320 8321
f 8322 8323 8324
f 8322 8324 8325
f 8326 8327 8328
f 8326 8328 8329
f 8330 8331 8332
f 8330 8332 8333
f 8334 8335 8336
f 8334 8336 8337
f 8338 8339 8340
f 8338 8340 8341
f 8342 8343 8344
f 8342 8344 8345
f 8346 8347 8348
f 8346 8348 8349
f 8350 8351 8352
f 8350 8352 8353
f 8354 8355 8356
f 8354 8356 8357
f 8358 8359 8360
f 8358 8360 8361
f 8362 8363 8364
f 8362 8364 8365
f 8366 8367 8368
f 8366 8368 8369
f 8370 8371 8372
f 8370 8372 8373
f 8374 8375 8376
f 8374 8376 8377
f 8378 8379 8380
f 8378 8380 8381
f 8382 8383 8384
f 8382 8384 8385
f 8386 8387 8388
f 8386 8388 8389
f 8390 8391 8392
f 8390 8392 8393
f 8394 8395 8396
f 8394 8396 8397
f 8398 8399 8400
f 8398 8400 8401
f 8402 8403 8404
f 8402 8404 8405
f 8406 8407 8408
f 8406 8408 8409
f 8410 8411 8412
f 8410 8412 8413
f 8414 8415 8416
f 8414 8416 8417
f 8418 8419 8420
f 8418 8420 8421
f 8422 8423 8424
f 8422 8424 8425
f 8426 8427 8428
f 8426 8428 8429
f 8430 8431 8432
f 8430 8432 8433
f 8434 8435 8436
f 8434 8436 8437
f 8438 8439 8440
f 8438 8440 8441
f 8442 8443 8444
f 8442 8444 8445
f 8446 8447 8448
f 8446 8448 8449
f 8450 8451 8452
f 8450 8452 8453
f 8454 8455 8456
f 8454 8456 8457
f 8458 8459 8460
f 8458 8460 8461
f 8462 8463 8464
f 8462 8464 8465
f 8466 8467 8468
f 8466 8468 8469
f 8470 8471 8472
f 8470 8472 8473
f 8474 8475 8476
f 8474 8476 8477
f 8478 8479 8480
f 8478 8480 8481
f 8482 8483 8484
f 8482 8484 8485
f 8486 8487 8488
f 8486 8488 8489
f 8490 8491 8492
f 8490 8492 8493
f 8494 8495 8496
f 8494 8496 8497
f 8498 8499 8500
f 8498 8500 8501
f 8502 8503 8504
f 8502 8504 8505
f 8506 8507 8508
f 8506 8508 8509
f 8510 8511 8512
f 8510 8512 8513
f 8514 8515 8516
f 8514 8516 8517
f 8518 8519 8520
f 8518 8520 8521
f 8522 8523 8524
f 8522 8524 8525
f 8526 8527 8528
f 8526 8528 8529
f 8530 8531 8532
f 8530 8532 8533
f 8534 8535 8536
f 8534 8536 8537
f 8538 8539 8540
f 8538 8540 8541
f 8542 8543 8544
f 8542 8544 8545
f 8546 8547 8548
f 8546 8548 8549
f 8550 8551 8552
f 8550 8552 8553
f 8554 8555 8556
f 8554 8556 8557
f 8558 8559 8560
f 8558 8560 8561
f 8562 8563 8564
f 8562 8564 8565
f 8566 8567 8568
f 8566 8568 8569
f 8570 8571 8572
f 8570 8572 8573
f 8574 8575 8576
f 8574 8576 8577
f 8578 8579 8580
f 8578 8580 8581
f 8582 8583 8584
f 8582 8584 8585
f 8586 8587 8588
f 8586 8588 8589
f 8590 8591 8592
f 8590 8592 8593
f 8594 8595 8596
f 8594 8596 8597
f 8598 8599 8600
f 8598 8600 8601
f 8602 8603 8604
f 8602 8604 8605
f 8606 8607 8608
f 8606 8608 8609
f 8610 8611 8612
f 8610 8612 8613
f 8614 8615 8616
f 8614 8616 8617
f 8618 8619 8620
f 8618 8620 8621
f 8622 8623 8624
f 8622 8624 8625
f 8626 8627 8628
f 8626 8628 8629
f 8630 8631 8632
f 8630 8632 8633
f 8634 8635 8636
f 8634 8636 8637
f 8638 8639 8640
f 8638 8640 8641
f 8642 8643 8644
f 8642 8644 8645
f 8646 8647 8648
f 8646 8648 8649
f 8650 8651 8652
f 8650 8652 8653
f 8654 8655 8656
f 8654 8656 8657
f 8658 8659 8660
f 8658 8660 8661
f 8662 8663 8664
f 8662 8664 8665
f 8666 8667 8668
f 8666 8668 8669
f 8670 8671 8672
f 8670 8672 8673
f 8674 8675 8676
f 8674 8676 8677
f 8678 8679 8680
f 8678 8680 8681
f 8682 8683 8684
f 8682 8684 8685
f 8686 8687 8688
f 8686 8688 8689
f 8690 8691 8692
f 8690 8692 8693
f 8694 8695 8696
f 8694 8696 8697
f 8698 8699 8700
f 8698 8700 8701
f 8702 8703 8704
f 8702 8704 8705
f 8706 8707 8708
f 8706 8708 8709
f 8710 8711 8712
f 8710 8712 8713
f 8714 8715 8716
f 8714 8716 8717
f 8718 8719 8720
f 8718 8720 8721
f 8722 8723 8724
f 8722 8724 8725
f 8726 8727 8728
f 8726 8728 8729
f 8730 8731 8732
f 8730 8732 8733
f 8734 8735 8736
f 8734 8736 8737
f 8738 8739 8740
f 8738 8740 8741
f 8742 8743 8744
f 8742 8744 8745
f 8746 8747 8748
f 8746 8748 8749
f 8750 8751 8752
f 8750 8752 8753
f 8754 8755 8756
f 8754 8756 8757
f 8758 8759 8760
f 8758 8760 8761
f 8762 8763 8764
f 8762 8764 8765
f 8766 8767 8768
f 8766 8768 8769
f 8770 8771 8772
f 8770 8772 8773
f 8774 8775 8776
f 8774 8776 8777
f 8778 8779 8780
f 8778 8780 8781
f 8782 8783 8784
f 8782 8784 8785
f 8786 8787 8788
f 8786 8788 8789
f 8790 8791 8792
f 8790 8792 8793
f 8794 8795 8796
f 8794 8796 8797
f 8798 8799 8800
f 8798 8800 8801
f 8802 8803 8804
f 8802 8804 8805
f 8806 8807 8808
f 8806 8808 8809
f 8810 8811 8812
f 8810 8812 8813
f 8814 8815 8816
f 8814 8816 8817
f 8818 8819 8820
f 8818 8820 8821
f 8822 8823 8824
f 8822 8824 8825
f 8826 8827 8828
f 8826 8828 8829
f 8830 8831 8832
f 8830 8832 8833
f 8834 8835 8836
f 8834 8836 8837
f 8838 8839 8840
f 8838 8840 8841
f 8842 8843 8844
f 8842 8844 8845
f 8846 8847 8848
f 8846 8848 8849
f 8850 8851 8852
f 8850 8852 8853
f 8854 8855 8856
f 8854 8856 8857
f 8858 8859 8860
f 8858 8860 8861
f 8862 8863 8864
f 8862 8864 8865
f 8866 8867 8868
f 8866 8868 8869
f 8870 8871 8872
f 8870 8872 8873
f 8874 8875 8876
f 8874 8876 8877
f 8878 8879 8880
f 8878 8880 8881
f 8882 8883 8884
f 8882 8884 8885
f 8886 8887 8888
f 8886 8888 8889
f 8890 8891 8892
f 8890 8892 8893
f 8894 8895 8896
f 8894 8896 8897
f 8898 8899 8900
f 8898 8900 8901
f 8902 8903 8904
f 8902 8904 8905
f 8906 8907 8908
f 8906 8908 8909
f 8910 8911 8912
f 8910 8912 8913
f 8914 8915 8916
f 8914 8916 8917
f 8918 8919 8920
f 8918 8920 8921
f 8922 8923 8924
f 8922 8924 8925
f 8926 8927 8928
f 8926 8928 8929
f 8930 8931 8932
f 8930 8932 8933
f 8934 8935 8936
f 8934 8936 8937
f 8938 8939 8940
f 8938 8940 8941
f 8942 8943 8944
f 8942 8944 8945
f 8946 8947 8948
f 8946 8948 8949
f 8950 8951 8952
f 8950 8952 8953
f 8954 8955 8956
f 8954 8956 8957
f 8958 8959 8960
f 8958 8960 8961
f 8962 8963 8964
f 8962 8964 8965
f 8966 8967 8968
f 8966 8968 8969
f 8970 8971 8972
f 8970 8972 8973
f 8974 8975 8976
f 8974 8976 8977
f 8978 8979 8980
f 8978 8980 8981
f 8982 8983 8984
f 8982 8984 8985
f 8986 8987 8988
f 8986 8988 8989
f 8990 8991 8992
f 8990 8992 8993
f 8994 8995 8996
f 8994 8996 8997
f 8998 8999 9000
f 8998 9000 9001
f 9002 9003 9004
f 9002 9004 9005
f 9006 9007 9008
f 9006 9008 9009
f 9010 9011 9012
f 9010 9012 9013
f 9014 9015 9016
f 9014 9016 9017
f 9018 9019 9020
f 9018 9020 9021
f 9022 9023 9024
f 9022 9024 9025
f 9026 9027 9028
f 9026 9028 9029
f 9030 9031 9032
f 9030 9032 9033
f 9034 9035 9036
f 9034 9036 9037
f 9038 9039 9040
f 9038 9040 9041
f 9042 9043 9044
f 9042 9044 9045
f 9046 9047 9048
f 9046 9048 9049
f 9050 9051 9052
f 9050 9052 9053
f 9054 9055 9056
f 9054 9056 9057
f 9058 9059 9060
f 9058 9060 9061
f 9062 9063 9064
f 9062 9064 9065
f 9066 9067 9068
f 9066 9068 9069
f 9070 9071 9072
f 9070 9072 9073
f 9074 9075 9076
f 9074 9076 9077
f 9078 9079 9080
f 9078 9080 9081
f 9082 9083 9084
f 9082 9084 9085
f 9086 9087 9088
f 9086 9088 9089
f 9090 9091 9092
f 9090 9092 9093
f 9094 9095 9096
f 9094 9096 9097
f 9098 9099 9100
f 9098 9100 9101
f 9102 9103 9104
f 9102 9104 9105
f 9106 9107 9108
f 9106 9108 9109
f 9110 9111 9112
f 9110 9112 9113
f 9114 9115 9116
f 9114 9116 9117
f 9118 9119 9120
f 9118 9120 9121
f 9122 9123 9124
f 9122 9124 9125
f 9126 9127 9128
f 9126 9128 9129
f 9130 9131 9132
f 9130 9132 9133
f 9134 9135 9136
f 9134 9136 9137
f 9138 9139 9140
f 9138 9140 9141
f 9142 9143 9144
f 9142 9144 9145
f 9146 9147 9148
f 9146 9148 9149
f 9150 9151 9152
f 9150 9152 9153
f 9154 9155 9156
f 9154 9156 9157
f 9158 9159 9160
f 9158 9160 9161
f 9162 9163 9164
f 9162 9164 9165
f 9166 9167 9168
f 9166 9168 9169
f 9170 9171 9172
f 9170 9172 9173
f 9174 9175 9176
f 9174 9176 9177
f 9178 9179 9180
f 9178 9180 9181
f 9182 9183 9184
f 9182 9184 9185
f 9186 9187 9188
f 9186 9188 9189
f 9190 9191 9192
f 9190 9192 9193
f 9194 9195 9196
f 9194 9196 9197
f 9198 9199 9200
f 9198 9200 9201
f 9202 9203 9204
f 9202 9204 9205
f 9206 9207 9208
f 9206 9208 9209
f 9210 9211 9212
f 9210 9212 9213
f 9214 9215 9216
f 9214 9216 9217
f 9218 9219 9220
f 9218 9220 9221
f 9222 9223 9224
f 9222 9224 9225
f 9226 9227 9228
f 9226 9228 9229
f 9230 9231 9232
f 9230 9232 9233
f 9234 9235 9236
f 9234 9236 9237
f 9238 9239 9240
f 9238 9240 9241
f 9242 9243 9244
f 9242 9244 9245
f 9246 9247 9248
f 9246 9248 9249
f 9250 9251 9252
f 9250 9252 9253
f 9254 9255 9256
f 9254 9256 9257
f 9258 9259 9260
f 9258 9260 9261
f 9262 9263 9264
f 9262 9264 9265
f 9266 9267 9268
f 9266 9268 9269
f 9270 9271 9272
f 9270 9272 9273
f 9274 9275 9276
f 9274 9276 9277
f 9278 9279 9280
f 9278 9280 9281
f 9282 9283 9284
f 9282 9284 9285
f 9286 9287 9288
f 9286 9288 9289
f 9290 9291 9292
f 9290 9292 9293
f 9294 9295 9296
f 9294 9296 9297
f 9298 9299 9300
f 9298 9300 9301
f 9302 9303 9304
f 9302 9304 9305
f 9306 9307 9308
f 9306 9308 9309
f 9310 9311 9312
f 9310 9312 9313
f 9314 9315 9316
f 9314 9316 9317
f 9318 9319 9320
f 9318 9320 9321
f 9322 9323 9324
f 9322 9324 9325
f 9326 9327 9328
f 9326 9328 9329
f 9330 9331 9332
f 9330 9332 9333
f 9334 9335 9336
f 9334 9336 9337
f 9338 9339 9340
f 9338 9340 9341
f 9342 9343 9344
f 9342 9344 9345
f 9346 9347 9348
f 9346 9348 9349
f 9350 9351 9352
f 9350 9352 9353
f 9354 9355 9356
f 9354 9356 9357
f 9358 9359 9360
f 9358 9360 9361
f 9362 9363 9364
f 9362 9364 9365
f 9366 9367 9368
f 9366 9368 9369
f 9370 9371 9372
f 9370 9372 9373
f 9374 9375 9376
f 9374 9376 9377
f 9378 9379 9380
f 9378 9380 9381
f 9382 9383 9384
f 9382 9384 9385
f 9386 9387 9388
f 9386 9388 9389
f 9390 9391 9392
f 9390 9392 9393
f 9394 9395 9396
f 9394 9396 9397
f 9398 9399 9400
f 9398 9400 9401
f 9402 9403 9404
f 9402 9404 9405
f 9406 9407 9408
f 9406 9408 9409
f 9410 9411 9412
f 9410 9412 9413
f 9414 9415 9416
f 9414 9416 9417
f 9418 9419 9420
f 9418 9420 9421
f 9422 9423 9424
f 9422 9424 9425
f 9426 9427 9428
f 9426 9428 9429
f 9430 9431 9432
f 9430 9432 9433
f 9434 9435 9436
f 9434 9436 9437
f 9438 9439 9440
f 9438 9440 9441
f 9442 9443 9444
f 9442 9444 9445
f 9446 9447 9448
f 9446 9448 9449
f 9450 9451 9452
f 9450 9452 9453
f 9454 9455 9456
f 9454 9456 9457
f 9458 9459 9460
f 9458 9460 9461
f 9462 9463 9464
f 9462 9464 9465
f 9466 9467 9468
f 9466 9468 9469
f 9470 9471 9472
f 9470 9472 9473
f 9474 9475 9476
f 9474 9476 9477
f 9478 9479 9480
f 9478 9480 9481
f 9482 9483 9484
f 9482 9484 9485
f 9486 9487 9488
f 9486 9488 9489
f 9490 9491 9492
f 9490 9492 9493
f 9494 9495 9496
f 9494 9496 9497
f 9498 9499 9500
f 9498 9500 9501
f 9502 9503 9504
f 9502 9504 9505
f 9506 9507 9508
f 9506 9508 9509
f 9510 9511 9512
f 9510 9512 9513
f 9514 9515 9516
f 9514 9516 9517
f 9518 9519 9520
f 9518 9520 9521
f 9522 9523 9524
f 9522 9524 9525
f 9526 9527 9528
f 9526 9528 9529

